site,species,rt_minutes,run_n_peaks,rt_rank_frac,gap_prev_minutes,peaks_within_0p1min,peaks_within_1min,run_rt_span,match1_quality
Angelo,nothodens,1.829,17,0.029412,1.829000,0,3,47.853000,9
Angelo,nothodens,2.0579999999999998,17,0.088235,0.229000,0,4,47.853000,90
Angelo,nothodens,2.1960000000000002,17,0.147059,0.138000,0,5,47.853000,9
Angelo,nothodens,2.8170000000000002,17,0.205882,0.621000,0,6,47.853000,86
Angelo,nothodens,2.984,17,0.264706,0.167000,0,5,47.853000,91
Angelo,nothodens,3.129,17,0.323529,0.145000,0,4,47.853000,14
Angelo,nothodens,3.73,17,0.382353,0.601000,0,3,47.853000,83
Angelo,nothodens,4.78,17,0.441176,1.050000,0,0,47.853000,90
Angelo,nothodens,24.768999999999998,17,0.500000,19.989000,0,0,47.853000,90
Angelo,nothodens,29.484000000000002,17,0.558824,4.715000,0,0,47.853000,90
Angelo,nothodens,46.09,17,0.617647,16.606000,0,1,47.853000,55
Angelo,nothodens,46.219000000000001,17,0.676471,0.129000,0,1,47.853000,72
Angelo,nothodens,47.465000000000003,17,0.735294,1.246000,0,2,47.853000,78
Angelo,nothodens,48.11,17,0.794118,0.645000,0,3,47.853000,72
Angelo,nothodens,48.317999999999998,17,0.852941,0.208000,0,3,47.853000,49
Angelo,nothodens,48.567,17,0.911765,0.249000,0,2,47.853000,83
Angelo,nothodens,49.682000000000002,17,0.970588,1.115000,0,0,47.853000,91
Angelo,nothodens,2.0219999999999998,12,0.041667,2.022000,1,3,46.501000,64
Angelo,nothodens,2.056,12,0.125000,0.034000,1,3,46.501000,72
Angelo,nothodens,2.819,12,0.208333,0.763000,0,5,46.501000,86
Angelo,nothodens,2.9849999999999999,12,0.291667,0.166000,0,5,46.501000,90
Angelo,nothodens,3.133,12,0.375000,0.148000,0,3,46.501000,11
Angelo,nothodens,3.7309999999999999,12,0.458333,0.598000,0,3,46.501000,90
Angelo,nothodens,4.7809999999999997,12,0.541667,1.050000,0,0,46.501000,90
Angelo,nothodens,8.84,12,0.625000,4.059000,0,0,46.501000,83
Angelo,nothodens,20.891999999999999,12,0.708333,12.052000,0,1,46.501000,95
Angelo,nothodens,21.611999999999998,12,0.791667,0.720000,0,1,46.501000,87
Angelo,nothodens,24.771000000000001,12,0.875000,3.159000,0,0,46.501000,90
Angelo,nothodens,48.523000000000003,12,0.958333,23.752000,0,0,46.501000,86
Angelo,nothodens,2.032,16,0.031250,2.032000,0,2,47.294000,56
Angelo,nothodens,2.819,16,0.093750,0.787000,0,3,47.294000,86
Angelo,nothodens,2.984,16,0.156250,0.165000,0,3,47.294000,91
Angelo,nothodens,3.7250000000000001,16,0.218750,0.741000,0,2,47.294000,83
Angelo,nothodens,4.78,16,0.281250,1.055000,0,0,47.294000,90
Angelo,nothodens,16.617999999999999,16,0.343750,11.838000,0,0,47.294000,90
Angelo,nothodens,20.881,16,0.406250,4.263000,0,1,47.294000,94
Angelo,nothodens,21.585000000000001,16,0.468750,0.704000,0,1,47.294000,94
Angelo,nothodens,23.427,16,0.531250,1.842000,0,0,47.294000,90
Angelo,nothodens,24.753,16,0.593750,1.326000,0,0,47.294000,93
Angelo,nothodens,27.498999999999999,16,0.656250,2.746000,0,0,47.294000,95
Angelo,nothodens,28.635999999999999,16,0.718750,1.137000,0,1,47.294000,86
Angelo,nothodens,28.901,16,0.781250,0.265000,0,1,47.294000,87
Angelo,nothodens,32.082999999999998,16,0.843750,3.182000,0,0,47.294000,64
Angelo,nothodens,48.015000000000001,16,0.906250,15.932000,0,0,47.294000,38
Angelo,nothodens,49.326000000000001,16,0.968750,1.311000,0,0,47.294000,64
Angelo,nothodens,2.052,11,0.045455,2.052000,0,3,47.608000,90
Angelo,nothodens,2.2000000000000002,11,0.136364,0.148000,0,4,47.608000,5
Angelo,nothodens,2.8210000000000002,11,0.227273,0.621000,0,5,47.608000,12
Angelo,nothodens,2.9849999999999999,11,0.318182,0.164000,0,5,47.608000,90
Angelo,nothodens,3.1320000000000001,11,0.409091,0.147000,0,4,47.608000,38
Angelo,nothodens,3.734,11,0.500000,0.602000,0,3,47.608000,78
Angelo,nothodens,4.78,11,0.590909,1.046000,0,0,47.608000,90
Angelo,nothodens,20.879000000000001,11,0.681818,16.099000,0,0,47.608000,64
Angelo,nothodens,24.763999999999999,11,0.772727,3.885000,0,0,47.608000,94
Angelo,nothodens,27.512,11,0.863636,2.748000,0,0,47.608000,91
Angelo,nothodens,49.66,11,0.954545,22.148000,0,0,47.608000,94
Angelo,nothodens,2.0550000000000002,8,0.062500,2.055000,0,1,47.271000,91
Angelo,nothodens,2.9849999999999999,8,0.187500,0.930000,0,2,47.271000,91
Angelo,nothodens,3.734,8,0.312500,0.749000,0,1,47.271000,83
Angelo,nothodens,4.78,8,0.437500,1.046000,0,0,47.271000,90
Angelo,nothodens,20.881,8,0.562500,16.101000,0,0,47.271000,90
Angelo,nothodens,24.766999999999999,8,0.687500,3.886000,0,0,47.271000,87
Angelo,nothodens,48.52,8,0.812500,23.753000,0,1,47.271000,72
Angelo,nothodens,49.326000000000001,8,0.937500,0.806000,0,1,47.271000,46
Angelo,pseudomenz,2.056,19,0.026316,2.056000,0,3,47.946000,86
Angelo,pseudomenz,2.2040000000000002,19,0.078947,0.148000,0,4,47.946000,9
Angelo,pseudomenz,2.819,19,0.131579,0.615000,0,5,47.946000,72
Angelo,pseudomenz,2.9870000000000001,19,0.184211,0.168000,0,5,47.946000,91
Angelo,pseudomenz,3.1320000000000001,19,0.236842,0.145000,0,4,47.946000,14
Angelo,pseudomenz,3.738,19,0.289474,0.606000,0,3,47.946000,83
Angelo,pseudomenz,4.7830000000000004,19,0.342105,1.045000,0,0,47.946000,90
Angelo,pseudomenz,20.888999999999999,19,0.394737,16.106000,0,1,47.946000,94
Angelo,pseudomenz,21.603999999999999,19,0.447368,0.715000,0,1,47.946000,87
Angelo,pseudomenz,24.766999999999999,19,0.500000,3.163000,0,0,47.946000,93
Angelo,pseudomenz,26.221,19,0.552632,1.454000,0,0,47.946000,93
Angelo,pseudomenz,27.492999999999999,19,0.605263,1.272000,0,0,47.946000,94
Angelo,pseudomenz,28.911000000000001,19,0.657895,1.418000,0,0,47.946000,87
Angelo,pseudomenz,32.085999999999999,19,0.710526,3.175000,0,0,47.946000,47
Angelo,pseudomenz,34.72,19,0.763158,2.634000,0,0,47.946000,80
Angelo,pseudomenz,46.094000000000001,19,0.815789,11.374000,0,1,47.946000,70
Angelo,pseudomenz,46.899000000000001,19,0.868421,0.805000,0,1,47.946000,86
Angelo,pseudomenz,48.314999999999998,19,0.921053,1.416000,0,0,47.946000,46
Angelo,pseudomenz,50.002000000000002,19,0.973684,1.687000,0,0,47.946000,96
Angelo,pseudomenz,2.0569999999999999,46,0.010870,2.057000,0,2,48.334000,91
Angelo,pseudomenz,2.2400000000000002,46,0.032609,0.183000,0,3,48.334000,43
Angelo,pseudomenz,2.984,46,0.054348,0.744000,0,4,48.334000,91
Angelo,pseudomenz,3.13,46,0.076087,0.146000,0,3,48.334000,9
Angelo,pseudomenz,3.7189999999999999,46,0.097826,0.589000,0,2,48.334000,83
Angelo,pseudomenz,4.7779999999999996,46,0.119565,1.059000,0,0,48.334000,90
Angelo,pseudomenz,7.7069999999999999,46,0.141304,2.929000,0,0,48.334000,90
Angelo,pseudomenz,15.486000000000001,46,0.163043,7.779000,0,0,48.334000,91
Angelo,pseudomenz,16.597000000000001,46,0.184783,1.111000,0,1,48.334000,93
Angelo,pseudomenz,17.385999999999999,46,0.206522,0.789000,0,2,48.334000,83
Angelo,pseudomenz,18.187000000000001,46,0.228261,0.801000,0,1,48.334000,90
Angelo,pseudomenz,20.754999999999999,46,0.250000,2.568000,0,2,48.334000,95
Angelo,pseudomenz,21.556000000000001,46,0.271739,0.801000,0,3,48.334000,95
Angelo,pseudomenz,21.701000000000001,46,0.293478,0.145000,0,3,48.334000,87
Angelo,pseudomenz,22.477,46,0.315217,0.776000,0,2,48.334000,90
Angelo,pseudomenz,23.54,46,0.336957,1.063000,0,1,48.334000,94
Angelo,pseudomenz,24.286000000000001,46,0.358696,0.746000,0,2,48.334000,97
Angelo,pseudomenz,24.622,46,0.380435,0.336000,0,2,48.334000,91
Angelo,pseudomenz,25.507999999999999,46,0.402174,0.886000,0,3,48.334000,97
Angelo,pseudomenz,26.164999999999999,46,0.423913,0.657000,0,3,48.334000,70
Angelo,pseudomenz,26.477,46,0.445652,0.312000,0,4,48.334000,94
Angelo,pseudomenz,26.902999999999999,46,0.467391,0.426000,0,3,48.334000,93
Angelo,pseudomenz,27.216999999999999,46,0.489130,0.314000,0,2,48.334000,94
Angelo,pseudomenz,28.577000000000002,46,0.510870,1.360000,0,2,48.334000,97
Angelo,pseudomenz,28.824999999999999,46,0.532609,0.248000,0,2,48.334000,94
Angelo,pseudomenz,29.436,46,0.554348,0.611000,0,2,48.334000,93
Angelo,pseudomenz,30.797999999999998,46,0.576087,1.362000,0,1,48.334000,93
Angelo,pseudomenz,31.355,46,0.597826,0.557000,0,2,48.334000,83
Angelo,pseudomenz,32.045000000000002,46,0.619565,0.690000,0,1,48.334000,81
Angelo,pseudomenz,34.68,46,0.641304,2.635000,0,1,48.334000,95
Angelo,pseudomenz,35.128999999999998,46,0.663043,0.449000,0,1,48.334000,50
Angelo,pseudomenz,37.545999999999999,46,0.684783,2.417000,0,0,48.334000,96
Angelo,pseudomenz,47.308999999999997,46,0.706522,9.763000,0,2,48.334000,45
Angelo,pseudomenz,48.015000000000001,46,0.728261,0.706000,0,6,48.334000,94
Angelo,pseudomenz,48.308999999999997,46,0.750000,0.294000,0,8,48.334000,38
Angelo,pseudomenz,48.564999999999998,46,0.771739,0.256000,1,8,48.334000,95
Angelo,pseudomenz,48.639000000000003,46,0.793478,0.074000,2,8,48.334000,95
Angelo,pseudomenz,48.719000000000001,46,0.815217,0.080000,2,9,48.334000,94
Angelo,pseudomenz,48.81,46,0.836957,0.091000,1,10,48.334000,98
Angelo,pseudomenz,49.03,46,0.858696,0.220000,1,9,48.334000,96
Angelo,pseudomenz,49.127000000000002,46,0.880435,0.097000,1,9,48.334000,97
Angelo,pseudomenz,49.390999999999998,46,0.902174,0.264000,0,10,48.334000,86
Angelo,pseudomenz,49.667999999999999,46,0.923913,0.277000,0,8,48.334000,96
Angelo,pseudomenz,49.808,46,0.945652,0.140000,0,7,48.334000,91
Angelo,pseudomenz,50.140999999999998,46,0.967391,0.333000,0,4,48.334000,98
Angelo,pseudomenz,50.390999999999998,46,0.989130,0.250000,0,4,48.334000,90
Angelo,pseudomenz,2.0609999999999999,30,0.016667,2.061000,0,3,48.083000,90
Angelo,pseudomenz,2.2309999999999999,30,0.050000,0.170000,0,4,48.083000,9
Angelo,pseudomenz,2.8159999999999998,30,0.083333,0.585000,0,5,48.083000,91
Angelo,pseudomenz,2.984,30,0.116667,0.168000,0,5,48.083000,91
Angelo,pseudomenz,3.1280000000000001,30,0.150000,0.144000,0,4,48.083000,10
Angelo,pseudomenz,3.7210000000000001,30,0.183333,0.593000,0,3,48.083000,90
Angelo,pseudomenz,4.7809999999999997,30,0.216667,1.060000,0,0,48.083000,90
Angelo,pseudomenz,8.7829999999999995,30,0.250000,4.002000,0,0,48.083000,90
Angelo,pseudomenz,16.605,30,0.283333,7.822000,0,0,48.083000,94
Angelo,pseudomenz,20.844999999999999,30,0.316667,4.240000,0,1,48.083000,97
Angelo,pseudomenz,21.573,30,0.350000,0.728000,0,1,48.083000,95
Angelo,pseudomenz,24.709,30,0.383333,3.136000,0,0,48.083000,93
Angelo,pseudomenz,26.202999999999999,30,0.416667,1.494000,0,2,48.083000,70
Angelo,pseudomenz,26.527000000000001,30,0.450000,0.324000,0,3,48.083000,70
Angelo,pseudomenz,26.981000000000002,30,0.483333,0.454000,0,3,48.083000,86
Angelo,pseudomenz,27.401,30,0.516667,0.420000,0,2,48.083000,94
Angelo,pseudomenz,28.603000000000002,30,0.550000,1.202000,0,2,48.083000,93
Angelo,pseudomenz,28.879000000000001,30,0.583333,0.276000,0,2,48.083000,91
Angelo,pseudomenz,29.457999999999998,30,0.616667,0.579000,0,2,48.083000,93
Angelo,pseudomenz,30.821999999999999,30,0.650000,1.364000,0,0,48.083000,90
Angelo,pseudomenz,32.057000000000002,30,0.683333,1.235000,0,0,48.083000,72
Angelo,pseudomenz,34.686,30,0.716667,2.629000,0,0,48.083000,96
Angelo,pseudomenz,37.600999999999999,30,0.750000,2.915000,0,0,48.083000,93
Angelo,pseudomenz,46.085999999999999,30,0.783333,8.485000,0,0,48.083000,72
Angelo,pseudomenz,47.128,30,0.816667,1.042000,0,1,48.083000,72
Angelo,pseudomenz,48.015000000000001,30,0.850000,0.887000,0,3,48.083000,96
Angelo,pseudomenz,48.567,30,0.883333,0.552000,0,3,48.083000,90
Angelo,pseudomenz,48.781999999999996,30,0.916667,0.215000,0,3,48.083000,92
Angelo,pseudomenz,49.146999999999998,30,0.950000,0.365000,0,3,48.083000,96
Angelo,pseudomenz,50.143999999999998,30,0.983333,0.997000,0,1,48.083000,25
Angelo,pseudomenz,2.9860000000000002,2,0.250000,2.986000,0,0,1.797000,83
Angelo,pseudomenz,4.7830000000000004,2,0.750000,1.797000,0,0,1.797000,90
Angelo,seqsemp,2.0259999999999998,15,0.033333,2.026000,0,2,47.619000,78
Angelo,seqsemp,2.8180000000000001,15,0.100000,0.792000,0,4,47.619000,86
Angelo,seqsemp,2.9849999999999999,15,0.166667,0.167000,0,4,47.619000,91
Angelo,seqsemp,3.13,15,0.233333,0.145000,0,3,47.619000,14
Angelo,seqsemp,3.7269999999999999,15,0.300000,0.597000,0,3,47.619000,83
Angelo,seqsemp,4.7830000000000004,15,0.366667,1.056000,0,0,47.619000,90
Angelo,seqsemp,20.843,15,0.433333,16.060000,0,2,47.619000,95
Angelo,seqsemp,21.600999999999999,15,0.500000,0.758000,0,2,47.619000,93
Angelo,seqsemp,21.766999999999999,15,0.566667,0.166000,0,2,47.619000,87
Angelo,seqsemp,23.436,15,0.633333,1.669000,0,0,47.619000,90
Angelo,seqsemp,27.513999999999999,15,0.700000,4.078000,0,0,47.619000,90
Angelo,seqsemp,29.475999999999999,15,0.766667,1.962000,0,0,47.619000,90
Angelo,seqsemp,30.838000000000001,15,0.833333,1.362000,0,0,47.619000,91
Angelo,seqsemp,48.014000000000003,15,0.900000,17.176000,0,0,47.619000,60
Angelo,seqsemp,49.645000000000003,15,0.966667,1.631000,0,0,47.619000,94
Angelo,seqsemp,2.8180000000000001,27,0.018519,2.818000,0,3,46.992000,80
Angelo,seqsemp,2.9849999999999999,27,0.055556,0.167000,0,3,46.992000,91
Angelo,seqsemp,3.129,27,0.092593,0.144000,0,3,46.992000,14
Angelo,seqsemp,3.74,27,0.129630,0.611000,0,3,46.992000,90
Angelo,seqsemp,4.7830000000000004,27,0.166667,1.043000,0,0,46.992000,90
Angelo,seqsemp,8.7859999999999996,27,0.203704,4.003000,0,0,46.992000,90
Angelo,seqsemp,15.569000000000001,27,0.240741,6.783000,0,0,46.992000,87
Angelo,seqsemp,20.824000000000002,27,0.277778,5.255000,0,2,46.992000,95
Angelo,seqsemp,21.585000000000001,27,0.314815,0.761000,0,2,46.992000,93
Angelo,seqsemp,21.745999999999999,27,0.351852,0.161000,0,2,46.992000,91
Angelo,seqsemp,23.427,27,0.388889,1.681000,0,0,46.992000,91
Angelo,seqsemp,24.806000000000001,27,0.425926,1.379000,0,0,46.992000,94
Angelo,seqsemp,26.547000000000001,27,0.462963,1.741000,0,1,46.992000,90
Angelo,seqsemp,27.510999999999999,27,0.500000,0.964000,0,1,46.992000,91
Angelo,seqsemp,28.620999999999999,27,0.537037,1.110000,0,2,46.992000,95
Angelo,seqsemp,28.890999999999998,27,0.574074,0.270000,0,2,46.992000,95
Angelo,seqsemp,29.446999999999999,27,0.611111,0.556000,0,2,46.992000,94
Angelo,seqsemp,30.826000000000001,27,0.648148,1.379000,0,1,46.992000,90
Angelo,seqsemp,31.372,27,0.685185,0.546000,0,2,46.992000,91
Angelo,seqsemp,32.055999999999997,27,0.722222,0.684000,0,1,46.992000,76
Angelo,seqsemp,34.710999999999999,27,0.759259,2.655000,0,0,46.992000,94
Angelo,seqsemp,48.012,27,0.796296,13.301000,0,2,46.992000,46
Angelo,seqsemp,48.643999999999998,27,0.833333,0.632000,0,4,46.992000,86
Angelo,seqsemp,48.814,27,0.870370,0.170000,0,5,46.992000,98
Angelo,seqsemp,49.177999999999997,27,0.907407,0.364000,0,4,46.992000,72
Angelo,seqsemp,49.587000000000003,27,0.944444,0.409000,0,4,46.992000,97
Angelo,seqsemp,2.9830000000000001,38,0.013158,2.983000,0,2,47.424000,90
Angelo,seqsemp,3.1280000000000001,38,0.039474,0.145000,0,2,47.424000,18
Angelo,seqsemp,3.72,38,0.065789,0.592000,0,2,47.424000,78
Angelo,seqsemp,4.7779999999999996,38,0.092105,1.058000,0,0,47.424000,90
Angelo,seqsemp,7.7080000000000002,38,0.118421,2.930000,0,0,47.424000,83
Angelo,seqsemp,16.561,38,0.144737,8.853000,0,0,47.424000,93
Angelo,seqsemp,20.687000000000001,38,0.171053,4.126000,0,1,47.424000,95
Angelo,seqsemp,21.542999999999999,38,0.197368,0.856000,0,3,47.424000,95
Angelo,seqsemp,21.698,38,0.223684,0.155000,0,2,47.424000,93
Angelo,seqsemp,22.495000000000001,38,0.250000,0.797000,0,3,47.424000,96
Angelo,seqsemp,23.34,38,0.276316,0.845000,0,2,47.424000,87
Angelo,seqsemp,24.335000000000001,38,0.302632,0.995000,0,2,47.424000,94
Angelo,seqsemp,24.768000000000001,38,0.328947,0.433000,0,2,47.424000,97
Angelo,seqsemp,25.547999999999998,38,0.355263,0.780000,0,3,47.424000,95
Angelo,seqsemp,26.213999999999999,38,0.381579,0.666000,0,3,47.424000,68
Angelo,seqsemp,26.51,38,0.407895,0.296000,0,4,47.424000,89
Angelo,seqsemp,26.716000000000001,38,0.434211,0.206000,0,3,47.424000,76
Angelo,seqsemp,27.475000000000001,38,0.460526,0.759000,0,2,47.424000,94
Angelo,seqsemp,28.568999999999999,38,0.486842,1.094000,0,2,47.424000,97
Angelo,seqsemp,28.853999999999999,38,0.513158,0.285000,0,2,47.424000,93
Angelo,seqsemp,29.405999999999999,38,0.539474,0.552000,0,2,47.424000,94
Angelo,seqsemp,30.739000000000001,38,0.565789,1.333000,0,1,47.424000,90
Angelo,seqsemp,31.318999999999999,38,0.592105,0.580000,0,2,47.424000,90
Angelo,seqsemp,32.027000000000001,38,0.618421,0.708000,0,1,47.424000,89
Angelo,seqsemp,34.688000000000002,38,0.644737,2.661000,0,0,47.424000,96
Angelo,seqsemp,37.570999999999998,38,0.671053,2.883000,0,0,47.424000,91
Angelo,seqsemp,47.158000000000001,38,0.697368,9.587000,0,0,47.424000,86
Angelo,seqsemp,48.314999999999998,38,0.723684,1.157000,0,4,47.424000,97
Angelo,seqsemp,48.808999999999997,38,0.750000,0.494000,0,6,47.424000,99
Angelo,seqsemp,48.991,38,0.776316,0.182000,0,6,47.424000,96
Angelo,seqsemp,49.168999999999997,38,0.802632,0.178000,0,8,47.424000,99
Angelo,seqsemp,49.27,38,0.828947,0.101000,0,8,47.424000,91
Angelo,seqsemp,49.578000000000003,38,0.855263,0.308000,0,9,47.424000,97
Angelo,seqsemp,49.805,38,0.881579,0.227000,0,9,47.424000,99
Angelo,seqsemp,50.021000000000001,38,0.907895,0.216000,0,7,47.424000,93
Angelo,seqsemp,50.140999999999998,38,0.934211,0.120000,0,7,47.424000,97
Angelo,seqsemp,50.347000000000001,38,0.960526,0.206000,1,5,47.424000,99
Angelo,seqsemp,50.406999999999996,38,0.986842,0.060000,1,5,47.424000,98
BlueOak,acermacro,1.6990000000000001,12,0.041667,1.699000,0,3,47.724000,36
BlueOak,acermacro,2.028,12,0.125000,0.329000,1,3,47.724000,50
BlueOak,acermacro,2.06,12,0.208333,0.032000,1,3,47.724000,90
BlueOak,acermacro,2.2330000000000001,12,0.291667,0.173000,0,3,47.724000,9
BlueOak,acermacro,3.7360000000000002,12,0.375000,1.503000,0,0,47.724000,83
BlueOak,acermacro,27.068000000000001,12,0.458333,23.332000,0,1,47.724000,78
BlueOak,acermacro,27.657,12,0.541667,0.589000,0,2,47.724000,64
BlueOak,acermacro,28.577999999999999,12,0.625000,0.921000,0,2,47.724000,72
BlueOak,acermacro,28.954000000000001,12,0.708333,0.376000,0,1,47.724000,68
BlueOak,acermacro,47.174999999999997,12,0.791667,18.221000,0,1,47.724000,53
BlueOak,acermacro,47.344999999999999,12,0.875000,0.170000,0,1,47.724000,49
BlueOak,acermacro,49.423000000000002,12,0.958333,2.078000,0,0,47.724000,53
BlueOak,acermacro,1.7010000000000001,25,0.020000,1.701000,0,3,47.617000,9
BlueOak,acermacro,2.0609999999999999,25,0.060000,0.360000,1,6,47.617000,90
BlueOak,acermacro,2.0710000000000002,25,0.100000,0.010000,1,6,47.617000,90
BlueOak,acermacro,2.2410000000000001,25,0.140000,0.170000,0,7,47.617000,36
BlueOak,acermacro,2.8250000000000002,25,0.180000,0.584000,0,8,47.617000,9
BlueOak,acermacro,2.9889999999999999,25,0.220000,0.164000,1,8,47.617000,91
BlueOak,acermacro,2.99,25,0.260000,0.001000,1,8,47.617000,91
BlueOak,acermacro,3.14,25,0.300000,0.150000,0,6,47.617000,10
BlueOak,acermacro,3.734,25,0.340000,0.594000,1,5,47.617000,83
BlueOak,acermacro,3.7429999999999999,25,0.380000,0.009000,1,5,47.617000,83
BlueOak,acermacro,4.7930000000000001,25,0.420000,1.050000,1,1,47.617000,90
BlueOak,acermacro,4.7949999999999999,25,0.460000,0.002000,1,1,47.617000,90
BlueOak,acermacro,5.9329999999999998,25,0.500000,1.138000,0,0,47.617000,86
BlueOak,acermacro,10.180999999999999,25,0.540000,4.248000,0,0,47.617000,86
BlueOak,acermacro,27.012,25,0.580000,16.831000,0,1,47.617000,87
BlueOak,acermacro,27.63,25,0.620000,0.618000,0,2,47.617000,64
BlueOak,acermacro,28.548999999999999,25,0.660000,0.919000,0,1,47.617000,43
BlueOak,acermacro,29.565999999999999,25,0.700000,1.017000,0,0,47.617000,78
BlueOak,acermacro,46.274000000000001,25,0.740000,16.708000,0,3,47.617000,64
BlueOak,acermacro,46.906999999999996,25,0.780000,0.633000,0,4,47.617000,90
BlueOak,acermacro,47.18,25,0.820000,0.273000,1,5,47.617000,53
BlueOak,acermacro,47.185000000000002,25,0.860000,0.005000,1,5,47.617000,47
BlueOak,acermacro,47.335999999999999,25,0.900000,0.151000,0,4,47.617000,43
BlueOak,acermacro,48.116,25,0.940000,0.780000,0,3,47.617000,80
BlueOak,acermacro,49.317999999999998,25,0.980000,1.202000,0,0,47.617000,92
BlueOak,bacchpilu,2.073,13,0.038462,2.073000,0,1,47.272000,90
BlueOak,bacchpilu,2.988,13,0.115385,0.915000,0,3,47.272000,91
BlueOak,bacchpilu,3.2360000000000002,13,0.192308,0.248000,0,2,47.272000,90
BlueOak,bacchpilu,3.7360000000000002,13,0.269231,0.500000,0,2,47.272000,83
BlueOak,bacchpilu,4.7930000000000001,13,0.346154,1.057000,0,0,47.272000,91
BlueOak,bacchpilu,5.9169999999999998,13,0.423077,1.124000,0,0,47.272000,90
BlueOak,bacchpilu,10.19,13,0.500000,4.273000,0,0,47.272000,87
BlueOak,bacchpilu,11.428000000000001,13,0.576923,1.238000,0,0,47.272000,87
BlueOak,bacchpilu,12.452,13,0.653846,1.024000,0,0,47.272000,90
BlueOak,bacchpilu,35.237000000000002,13,0.730769,22.785000,0,0,47.272000,76
BlueOak,bacchpilu,47.145000000000003,13,0.807692,11.908000,1,1,47.272000,72
BlueOak,bacchpilu,47.185000000000002,13,0.884615,0.040000,1,1,47.272000,87
BlueOak,bacchpilu,49.344999999999999,13,0.961538,2.160000,0,0,47.272000,46
BlueOak,francal,2.0619999999999998,11,0.045455,2.062000,0,2,47.286000,90
BlueOak,francal,2.2360000000000002,11,0.136364,0.174000,0,2,47.286000,36
BlueOak,francal,2.9910000000000001,11,0.227273,0.755000,0,3,47.286000,78
BlueOak,francal,3.7370000000000001,11,0.318182,0.746000,0,1,47.286000,83
BlueOak,francal,4.7960000000000003,11,0.409091,1.059000,0,0,47.286000,90
BlueOak,francal,12.458,11,0.500000,7.662000,0,0,47.286000,59
BlueOak,francal,26.873999999999999,11,0.590909,14.416000,0,0,47.286000,90
BlueOak,francal,29.547999999999998,11,0.681818,2.674000,0,0,47.286000,83
BlueOak,francal,47.145000000000003,11,0.772727,17.597000,1,1,47.286000,80
BlueOak,francal,47.177,11,0.863636,0.032000,1,1,47.286000,86
BlueOak,francal,49.347999999999999,11,0.954545,2.171000,0,0,47.286000,76
BlueOak,francal,2.0739999999999998,12,0.041667,2.074000,0,0,47.273000,91
BlueOak,francal,3.1150000000000002,12,0.125000,1.041000,0,1,47.273000,23
BlueOak,francal,3.2320000000000002,12,0.208333,0.117000,0,1,47.273000,80
BlueOak,francal,4.79,12,0.291667,1.558000,0,0,47.273000,90
BlueOak,francal,5.907,12,0.375000,1.117000,0,0,47.273000,90
BlueOak,francal,10.183999999999999,12,0.458333,4.277000,0,0,47.273000,87
BlueOak,francal,11.432,12,0.541667,1.248000,0,1,47.273000,81
BlueOak,francal,12.4,12,0.625000,0.968000,0,1,47.273000,80
BlueOak,francal,47.145000000000003,12,0.708333,34.745000,1,1,47.273000,72
BlueOak,francal,47.185000000000002,12,0.791667,0.040000,1,1,47.273000,87
BlueOak,francal,49.012999999999998,12,0.875000,1.828000,0,1,47.273000,58
BlueOak,francal,49.347000000000001,12,0.958333,0.334000,0,1,47.273000,81
BlueOak,quercusdoug,2.073,12,0.041667,2.073000,0,1,47.743000,90
BlueOak,quercusdoug,2.9860000000000002,12,0.125000,0.913000,0,4,47.743000,90
BlueOak,quercusdoug,3.129,12,0.208333,0.143000,0,3,47.743000,11
BlueOak,quercusdoug,3.234,12,0.291667,0.105000,0,3,47.743000,90
BlueOak,quercusdoug,3.7330000000000001,12,0.375000,0.499000,0,3,47.743000,83
BlueOak,quercusdoug,4.7910000000000004,12,0.458333,1.058000,0,0,47.743000,90
BlueOak,quercusdoug,5.9240000000000004,12,0.541667,1.133000,0,0,47.743000,91
BlueOak,quercusdoug,28.555,12,0.625000,22.631000,0,0,47.743000,93
BlueOak,quercusdoug,46.237000000000002,12,0.708333,17.682000,0,1,47.743000,86
BlueOak,quercusdoug,46.906999999999996,12,0.791667,0.670000,0,1,47.743000,25
BlueOak,quercusdoug,49.411000000000001,12,0.875000,2.504000,0,1,47.743000,53
BlueOak,quercusdoug,49.816000000000003,12,0.958333,0.405000,0,1,47.743000,27
BlueOak,quercusdoug,2.0739999999999998,9,0.055556,2.074000,0,1,47.257000,90
BlueOak,quercusdoug,2.9889999999999999,9,0.166667,0.915000,0,3,47.257000,90
BlueOak,quercusdoug,3.2370000000000001,9,0.277778,0.248000,0,2,47.257000,90
BlueOak,quercusdoug,3.7349999999999999,9,0.388889,0.498000,0,2,47.257000,83
BlueOak,quercusdoug,4.7949999999999999,9,0.500000,1.060000,0,0,47.257000,90
BlueOak,quercusdoug,5.9279999999999999,9,0.611111,1.133000,0,0,47.257000,90
BlueOak,quercusdoug,49.222000000000001,9,0.722222,43.294000,1,2,47.257000,58
BlueOak,quercusdoug,49.284999999999997,9,0.833333,0.063000,2,2,47.257000,97
BlueOak,quercusdoug,49.331000000000003,9,0.944444,0.046000,1,2,47.257000,93
BlueOak,quercusdoug,2.0760000000000001,20,0.025000,2.076000,0,2,48.255000,90
BlueOak,quercusdoug,2.8130000000000002,20,0.075000,0.737000,0,5,48.255000,9
BlueOak,quercusdoug,2.9889999999999999,20,0.125000,0.176000,0,5,48.255000,91
BlueOak,quercusdoug,3.133,20,0.175000,0.144000,0,4,48.255000,38
BlueOak,quercusdoug,3.24,20,0.225000,0.107000,0,4,48.255000,90
BlueOak,quercusdoug,3.7330000000000001,20,0.275000,0.493000,0,4,48.255000,83
BlueOak,quercusdoug,4.7949999999999999,20,0.325000,1.062000,0,0,48.255000,91
BlueOak,quercusdoug,5.9119999999999999,20,0.375000,1.117000,0,0,48.255000,90
BlueOak,quercusdoug,8.7989999999999995,20,0.425000,2.887000,0,0,48.255000,83
BlueOak,quercusdoug,10.108000000000001,20,0.475000,1.309000,0,0,48.255000,86
BlueOak,quercusdoug,29.629000000000001,20,0.525000,19.521000,0,0,48.255000,64
BlueOak,quercusdoug,35.536000000000001,20,0.575000,5.907000,0,0,48.255000,72
BlueOak,quercusdoug,46.226999999999997,20,0.625000,10.691000,0,1,48.255000,95
BlueOak,quercusdoug,46.905000000000001,20,0.675000,0.678000,0,2,48.255000,90
BlueOak,quercusdoug,47.311,20,0.725000,0.406000,0,1,48.255000,97
BlueOak,quercusdoug,48.819000000000003,20,0.775000,1.508000,0,2,48.255000,99
BlueOak,quercusdoug,48.994,20,0.825000,0.175000,0,2,48.255000,38
BlueOak,quercusdoug,49.813000000000002,20,0.875000,0.819000,0,4,48.255000,98
BlueOak,quercusdoug,50.228000000000002,20,0.925000,0.415000,0,2,48.255000,96
BlueOak,quercusdoug,50.331000000000003,20,0.975000,0.103000,0,2,48.255000,91
BlueOak,quercusvel,2.0739999999999998,8,0.062500,2.074000,0,0,47.184000,90
BlueOak,quercusvel,3.2450000000000001,8,0.187500,1.171000,0,1,47.184000,90
BlueOak,quercusvel,3.742,8,0.312500,0.497000,0,1,47.184000,83
BlueOak,quercusvel,4.7949999999999999,8,0.437500,1.053000,0,0,47.184000,90
BlueOak,quercusvel,5.9880000000000004,8,0.562500,1.193000,0,0,47.184000,90
BlueOak,quercusvel,18.827999999999999,8,0.687500,12.840000,0,0,47.184000,90
BlueOak,quercusvel,29.545000000000002,8,0.812500,10.717000,0,0,47.184000,59
BlueOak,quercusvel,49.258000000000003,8,0.937500,19.713000,0,0,47.184000,50
BlueOak,umbellcal,1.6990000000000001,26,0.019231,1.699000,0,2,47.093000,9
BlueOak,umbellcal,2.0219999999999998,26,0.057692,0.323000,1,3,47.093000,43
BlueOak,umbellcal,2.0569999999999999,26,0.096154,0.035000,1,3,47.093000,90
BlueOak,umbellcal,2.9910000000000001,26,0.134615,0.934000,0,3,47.093000,91
BlueOak,umbellcal,3.7149999999999999,26,0.173077,0.724000,0,1,47.093000,83
BlueOak,umbellcal,4.7930000000000001,26,0.211538,1.078000,0,0,47.093000,90
BlueOak,umbellcal,10.186999999999999,26,0.250000,5.394000,0,0,47.093000,83
BlueOak,umbellcal,20.94,26,0.288462,10.753000,0,2,47.093000,94
BlueOak,umbellcal,21.66,26,0.326923,0.720000,0,2,47.093000,91
BlueOak,umbellcal,21.808,26,0.365385,0.148000,0,2,47.093000,78
BlueOak,umbellcal,24.815999999999999,26,0.403846,3.008000,0,0,47.093000,90
BlueOak,umbellcal,27.605,26,0.442308,2.789000,0,0,47.093000,91
BlueOak,umbellcal,28.625,26,0.480769,1.020000,0,1,47.093000,93
BlueOak,umbellcal,28.931999999999999,26,0.519231,0.307000,0,1,47.093000,60
BlueOak,umbellcal,32.110999999999997,26,0.557692,3.179000,0,0,47.093000,53
BlueOak,umbellcal,35.162999999999997,26,0.596154,3.052000,0,1,47.093000,96
BlueOak,umbellcal,35.527000000000001,26,0.634615,0.364000,0,1,47.093000,80
BlueOak,umbellcal,43.689,26,0.673077,8.162000,0,1,47.093000,64
BlueOak,umbellcal,44.195999999999998,26,0.711538,0.507000,0,1,47.093000,83
BlueOak,umbellcal,46.238,26,0.750000,2.042000,0,3,47.093000,72
BlueOak,umbellcal,47.139000000000003,26,0.788462,0.901000,2,3,47.093000,78
BlueOak,umbellcal,47.177,26,0.826923,0.038000,2,3,47.093000,64
BlueOak,umbellcal,47.225000000000001,26,0.865385,0.048000,2,3,47.093000,95
BlueOak,umbellcal,48.261000000000003,26,0.903846,1.036000,1,2,47.093000,50
BlueOak,umbellcal,48.322000000000003,26,0.942308,0.061000,1,2,47.093000,78
BlueOak,umbellcal,48.792000000000002,26,0.980769,0.470000,0,2,47.093000,89
BlueOak,umbellcal,2.0569999999999999,8,0.062500,2.057000,0,3,48.398000,90
BlueOak,umbellcal,2.2069999999999999,8,0.187500,0.150000,0,3,48.398000,9
BlueOak,umbellcal,2.8239999999999998,8,0.312500,0.617000,0,4,48.398000,35
BlueOak,umbellcal,2.988,8,0.437500,0.164000,0,4,48.398000,91
BlueOak,umbellcal,3.74,8,0.562500,0.752000,0,2,48.398000,83
BlueOak,umbellcal,4.7930000000000001,8,0.687500,1.053000,0,0,48.398000,90
BlueOak,umbellcal,49.332999999999998,8,0.812500,44.540000,0,0,48.398000,55
BlueOak,umbellcal,50.454999999999998,8,0.937500,1.122000,0,0,48.398000,25
BlueOak,umbellcal,2.0590000000000002,14,0.035714,2.059000,0,2,47.266000,90
BlueOak,umbellcal,2.2090000000000001,14,0.107143,0.150000,0,3,47.266000,9
BlueOak,umbellcal,2.99,14,0.178571,0.781000,0,4,47.266000,87
BlueOak,umbellcal,3.1389999999999998,14,0.250000,0.149000,0,3,47.266000,9
BlueOak,umbellcal,3.73,14,0.321429,0.591000,0,2,47.266000,93
BlueOak,umbellcal,4.7939999999999996,14,0.392857,1.064000,0,0,47.266000,90
BlueOak,umbellcal,20.939,14,0.464286,16.145000,0,0,47.266000,93
BlueOak,umbellcal,35.225000000000001,14,0.535714,14.286000,0,0,47.266000,96
BlueOak,umbellcal,47.238999999999997,14,0.607143,12.014000,0,0,47.266000,93
BlueOak,umbellcal,48.323,14,0.678571,1.084000,0,3,47.266000,47
BlueOak,umbellcal,48.792999999999999,14,0.750000,0.470000,0,4,47.266000,43
BlueOak,umbellcal,49.228000000000002,14,0.821429,0.435000,2,4,47.266000,50
BlueOak,umbellcal,49.290999999999997,14,0.892857,0.063000,2,4,47.266000,94
BlueOak,umbellcal,49.325000000000003,14,0.964286,0.034000,2,3,47.266000,91
EmersonOaks,artcal,1.673,90,0.005556,1.673000,0,5,48.754000,72
EmersonOaks,artcal,1.802,90,0.016667,0.129000,0,5,48.754000,4
EmersonOaks,artcal,2.0329999999999999,90,0.027778,0.231000,1,8,48.754000,78
EmersonOaks,artcal,2.0720000000000001,90,0.038889,0.039000,1,8,48.754000,90
EmersonOaks,artcal,2.2290000000000001,90,0.050000,0.157000,0,10,48.754000,7
EmersonOaks,artcal,4.8689999999999998,90,0.150000,1.129000,0,1,48.754000,90
EmersonOaks,artcal,5.8319999999999999,90,0.161111,0.963000,0,4,48.754000,59
EmersonOaks,artcal,6.1929999999999996,90,0.172222,0.361000,0,3,48.754000,80
EmersonOaks,artcal,6.3070000000000004,90,0.183333,0.114000,0,3,48.754000,93
EmersonOaks,artcal,6.7939999999999996,90,0.194444,0.487000,0,3,48.754000,9
EmersonOaks,artcal,7.835,90,0.205556,1.041000,0,2,48.754000,91
EmersonOaks,artcal,8.2609999999999992,90,0.216667,0.426000,0,2,48.754000,52
EmersonOaks,artcal,8.8149999999999995,90,0.227778,0.554000,0,3,48.754000,83
EmersonOaks,artcal,9.8119999999999994,90,0.238889,0.997000,0,2,48.754000,72
EmersonOaks,artcal,10.23,90,0.250000,0.418000,0,1,48.754000,83
EmersonOaks,artcal,11.45,90,0.261111,1.220000,0,0,48.754000,96
EmersonOaks,artcal,12.693,90,0.272222,1.243000,0,0,48.754000,90
EmersonOaks,artcal,14.241,90,0.283333,1.548000,0,1,48.754000,53
EmersonOaks,artcal,14.81,90,0.294444,0.569000,0,1,48.754000,87
EmersonOaks,artcal,16.338000000000001,90,0.305556,1.528000,0,2,48.754000,78
EmersonOaks,artcal,16.887,90,0.316667,0.549000,0,2,48.754000,94
EmersonOaks,artcal,17.213999999999999,90,0.327778,0.327000,0,2,48.754000,90
EmersonOaks,artcal,18.725999999999999,90,0.338889,1.512000,0,0,48.754000,91
EmersonOaks,artcal,19.800999999999998,90,0.350000,1.075000,0,2,48.754000,86
EmersonOaks,artcal,20.135999999999999,90,0.361111,0.335000,0,2,48.754000,78
EmersonOaks,artcal,20.507000000000001,90,0.372222,0.371000,0,3,48.754000,56
EmersonOaks,artcal,21.245999999999999,90,0.383333,0.739000,0,2,48.754000,97
EmersonOaks,artcal,21.978000000000002,90,0.394444,0.732000,0,2,48.754000,97
EmersonOaks,artcal,22.314,90,0.405556,0.336000,0,2,48.754000,87
EmersonOaks,artcal,23.140999999999998,90,0.416667,0.827000,0,3,48.754000,53
EmersonOaks,artcal,23.798999999999999,90,0.427778,0.658000,0,2,48.754000,90
EmersonOaks,artcal,24.033000000000001,90,0.438889,0.234000,0,3,48.754000,97
EmersonOaks,artcal,24.803000000000001,90,0.450000,0.770000,0,2,48.754000,35
EmersonOaks,artcal,25.135999999999999,90,0.461111,0.333000,0,2,48.754000,94
EmersonOaks,artcal,25.948,90,0.472222,0.812000,0,2,48.754000,96
EmersonOaks,artcal,26.875,90,0.483333,0.927000,0,2,48.754000,92
EmersonOaks,artcal,27.312999999999999,90,0.494444,0.438000,0,2,48.754000,70
EmersonOaks,artcal,27.901,90,0.505556,0.588000,0,2,48.754000,97
EmersonOaks,artcal,28.872,90,0.516667,0.971000,0,3,48.754000,97
EmersonOaks,artcal,29.195,90,0.527778,0.323000,0,2,48.754000,94
EmersonOaks,artcal,29.608000000000001,90,0.538889,0.413000,0,2,48.754000,72
EmersonOaks,artcal,31.163,90,0.550000,1.555000,0,0,48.754000,68
EmersonOaks,artcal,32.387999999999998,90,0.561111,1.225000,0,0,48.754000,90
EmersonOaks,artcal,35.159999999999997,90,0.572222,2.772000,0,0,48.754000,94
EmersonOaks,artcal,36.249000000000002,90,0.583333,1.089000,0,0,48.754000,74
EmersonOaks,artcal,37.863999999999997,90,0.594444,1.615000,0,0,48.754000,96
EmersonOaks,artcal,42.206000000000003,90,0.605556,4.342000,0,2,48.754000,47
EmersonOaks,artcal,42.515999999999998,90,0.616667,0.310000,0,2,48.754000,64
EmersonOaks,artcal,42.896000000000001,90,0.627778,0.380000,0,2,48.754000,53
EmersonOaks,artcal,44.209000000000003,90,0.638889,1.313000,0,1,48.754000,58
EmersonOaks,artcal,44.831000000000003,90,0.650000,0.622000,0,3,48.754000,64
EmersonOaks,artcal,45.576999999999998,90,0.661111,0.746000,0,4,48.754000,96
EmersonOaks,artcal,45.786000000000001,90,0.672222,0.209000,0,5,48.754000,95
EmersonOaks,artcal,46.220999999999997,90,0.683333,0.435000,0,7,48.754000,76
EmersonOaks,artcal,46.326999999999998,90,0.694444,0.106000,0,8,48.754000,50
EmersonOaks,artcal,46.637999999999998,90,0.705556,0.311000,0,10,48.754000,76
EmersonOaks,artcal,46.87,90,0.716667,0.232000,0,12,48.754000,78
EmersonOaks,artcal,47.008000000000003,90,0.727778,0.138000,0,12,48.754000,81
EmersonOaks,artcal,47.155999999999999,90,0.738889,0.148000,1,13,48.754000,93
EmersonOaks,artcal,47.244,90,0.750000,0.088000,2,13,48.754000,90
EmersonOaks,artcal,47.34,90,0.761111,0.096000,1,12,48.754000,87
EmersonOaks,artcal,47.456000000000003,90,0.772222,0.116000,1,13,48.754000,86
EmersonOaks,artcal,47.542999999999999,90,0.783333,0.087000,1,13,48.754000,60
EmersonOaks,artcal,47.694000000000003,90,0.794444,0.151000,1,13,48.754000,53
EmersonOaks,artcal,47.746000000000002,90,0.805556,0.052000,1,14,48.754000,60
EmersonOaks,artcal,47.856000000000002,90,0.816667,0.110000,0,15,48.754000,97
EmersonOaks,artcal,48.067999999999998,90,0.827778,0.212000,0,13,48.754000,53
EmersonOaks,artcal,48.225000000000001,90,0.838889,0.157000,0,12,48.754000,60
EmersonOaks,artcal,48.36,90,0.850000,0.135000,0,12,48.754000,64
EmersonOaks,artcal,48.670999999999999,90,0.861111,0.311000,1,12,48.754000,50
EmersonOaks,artcal,48.715000000000003,90,0.872222,0.044000,1,12,48.754000,96
EmersonOaks,artcal,48.826999999999998,90,0.883333,0.112000,0,11,48.754000,89
EmersonOaks,artcal,49.256999999999998,90,0.894444,0.430000,1,11,48.754000,86
EmersonOaks,artcal,49.298999999999999,90,0.905556,0.042000,1,11,48.754000,72
EmersonOaks,artcal,49.423000000000002,90,0.916667,0.124000,0,11,48.754000,38
EmersonOaks,artcal,49.561999999999998,90,0.927778,0.139000,0,12,48.754000,58
EmersonOaks,artcal,49.698,90,0.938889,0.136000,0,11,48.754000,96
EmersonOaks,artcal,49.837000000000003,90,0.950000,0.139000,0,9,48.754000,97
EmersonOaks,artcal,50.100999999999999,90,0.961111,0.264000,0,9,48.754000,25
EmersonOaks,artcal,50.206000000000003,90,0.972222,0.105000,0,9,48.754000,22
EmersonOaks,artcal,50.317999999999998,90,0.983333,0.112000,0,7,48.754000,98
EmersonOaks,artcal,50.427,90,0.994444,0.109000,0,6,48.754000,86
EmersonOaks,blk,2.4500000000000002,90,0.061111,0.221000,0,10,48.754000,25
EmersonOaks,blk,2.8359999999999999,90,0.072222,0.386000,0,10,48.754000,5
EmersonOaks,blk,2.9380000000000002,90,0.083333,0.102000,1,10,48.754000,83
EmersonOaks,blk,3.016,90,0.094444,0.078000,1,10,48.754000,91
EmersonOaks,blk,3.157,90,0.105556,0.141000,1,8,48.754000,9
EmersonOaks,blk,3.2250000000000001,90,0.116667,0.068000,1,8,48.754000,78
EmersonOaks,blk,3.6139999999999999,90,0.127778,0.389000,0,6,48.754000,74
EmersonOaks,blk,3.74,90,0.138889,0.126000,0,6,48.754000,83
EmersonOaks,artcal,1.696,87,0.005747,1.696000,1,6,48.668000,38
EmersonOaks,artcal,1.7869999999999999,87,0.017241,0.091000,1,6,48.668000,9
EmersonOaks,artcal,1.907,87,0.028736,0.120000,0,7,48.668000,10
EmersonOaks,artcal,2.0270000000000001,87,0.040230,0.120000,1,8,48.668000,83
EmersonOaks,artcal,2.0680000000000001,87,0.051724,0.041000,1,8,48.668000,86
EmersonOaks,artcal,2.2160000000000002,87,0.063218,0.148000,0,9,48.668000,7
EmersonOaks,artcal,2.4449999999999998,87,0.074713,0.229000,0,10,48.668000,16
EmersonOaks,artcal,2.8250000000000002,87,0.086207,0.380000,0,9,48.668000,7
EmersonOaks,artcal,3.0150000000000001,87,0.097701,0.190000,0,8,48.668000,91
EmersonOaks,artcal,3.16,87,0.109195,0.145000,1,6,48.668000,10
EmersonOaks,artcal,3.218,87,0.120690,0.058000,1,5,48.668000,78
EmersonOaks,artcal,3.742,87,0.132184,0.524000,0,4,48.668000,83
EmersonOaks,artcal,4.8659999999999997,87,0.143678,1.124000,0,0,48.668000,90
EmersonOaks,artcal,6.194,87,0.155172,1.328000,0,2,48.668000,86
EmersonOaks,artcal,6.3159999999999998,87,0.166667,0.122000,0,2,48.668000,53
EmersonOaks,artcal,6.8,87,0.178161,0.484000,0,3,48.668000,33
EmersonOaks,artcal,7.4930000000000003,87,0.189655,0.693000,0,3,48.668000,87
EmersonOaks,artcal,7.8410000000000002,87,0.201149,0.348000,0,3,48.668000,91
EmersonOaks,artcal,8.2989999999999995,87,0.212644,0.458000,0,3,48.668000,32
EmersonOaks,artcal,8.8179999999999996,87,0.224138,0.519000,0,2,48.668000,86
EmersonOaks,artcal,10.220000000000001,87,0.235632,1.402000,0,1,48.668000,83
EmersonOaks,artcal,10.925000000000001,87,0.247126,0.705000,0,3,48.668000,59
EmersonOaks,artcal,11.221,87,0.258621,0.296000,0,2,48.668000,74
EmersonOaks,artcal,11.465,87,0.270115,0.244000,0,2,48.668000,97
EmersonOaks,artcal,16.896999999999998,87,0.281609,5.432000,0,1,48.668000,95
EmersonOaks,artcal,17.228999999999999,87,0.293103,0.332000,0,1,48.668000,90
EmersonOaks,artcal,18.724,87,0.304598,1.495000,0,0,48.668000,91
EmersonOaks,artcal,21.242000000000001,87,0.316092,2.518000,0,1,48.668000,97
EmersonOaks,artcal,21.934999999999999,87,0.327586,0.693000,0,1,48.668000,94
EmersonOaks,artcal,24.03,87,0.339080,2.095000,0,2,48.668000,96
EmersonOaks,artcal,24.405999999999999,87,0.350575,0.376000,0,3,48.668000,87
EmersonOaks,artcal,24.800999999999998,87,0.362069,0.395000,0,3,48.668000,83
EmersonOaks,artcal,25.155999999999999,87,0.373563,0.355000,0,3,48.668000,87
EmersonOaks,artcal,25.895,87,0.385057,0.739000,0,2,48.668000,96
EmersonOaks,artcal,26.875,87,0.396552,0.980000,0,3,48.668000,95
EmersonOaks,artcal,27.141999999999999,87,0.408046,0.267000,0,3,48.668000,81
EmersonOaks,artcal,27.42,87,0.419540,0.278000,0,3,48.668000,93
EmersonOaks,artcal,27.917999999999999,87,0.431034,0.498000,0,3,48.668000,95
EmersonOaks,artcal,28.861999999999998,87,0.442529,0.944000,0,3,48.668000,97
EmersonOaks,artcal,29.224,87,0.454023,0.362000,0,2,48.668000,94
EmersonOaks,artcal,29.757000000000001,87,0.465517,0.533000,0,2,48.668000,59
EmersonOaks,artcal,31.204000000000001,87,0.477011,1.447000,0,1,48.668000,87
EmersonOaks,artcal,31.748000000000001,87,0.488506,0.544000,0,2,48.668000,91
EmersonOaks,artcal,32.390999999999998,87,0.500000,0.643000,0,1,48.668000,93
EmersonOaks,artcal,34.997999999999998,87,0.511494,2.607000,0,1,48.668000,96
EmersonOaks,artcal,35.197000000000003,87,0.522989,0.199000,0,1,48.668000,86
EmersonOaks,artcal,36.238,87,0.534483,1.041000,0,0,48.668000,59
EmersonOaks,artcal,37.869,87,0.545977,1.631000,0,0,48.668000,96
EmersonOaks,artcal,42.87,87,0.557471,5.001000,0,2,48.668000,64
EmersonOaks,artcal,43.307000000000002,87,0.568966,0.437000,0,2,48.668000,50
EmersonOaks,artcal,43.524999999999999,87,0.580460,0.218000,0,2,48.668000,72
EmersonOaks,artcal,44.722000000000001,87,0.591954,1.197000,0,1,48.668000,47
EmersonOaks,artcal,45.570999999999998,87,0.603448,0.849000,0,4,48.668000,93
EmersonOaks,artcal,45.781999999999996,87,0.614943,0.211000,0,5,48.668000,95
EmersonOaks,artcal,46.195999999999998,87,0.626437,0.414000,0,9,48.668000,90
EmersonOaks,artcal,46.405000000000001,87,0.637931,0.209000,0,12,48.668000,72
EmersonOaks,artcal,46.637999999999998,87,0.649425,0.233000,1,13,48.668000,58
EmersonOaks,artcal,46.726999999999997,87,0.660920,0.089000,1,14,48.668000,47
EmersonOaks,artcal,46.859000000000002,87,0.672414,0.132000,1,14,48.668000,55
EmersonOaks,artcal,46.927999999999997,87,0.683908,0.069000,2,14,48.668000,38
EmersonOaks,artcal,46.991,87,0.695402,0.063000,1,14,48.668000,93
EmersonOaks,artcal,47.134,87,0.706897,0.143000,1,15,48.668000,52
EmersonOaks,artcal,47.216999999999999,87,0.718391,0.083000,2,14,48.668000,90
EmersonOaks,artcal,47.283000000000001,87,0.729885,0.066000,2,15,48.668000,46
EmersonOaks,artcal,47.323,87,0.741379,0.040000,2,15,48.668000,58
EmersonOaks,artcal,47.42,87,0.752874,0.097000,1,15,48.668000,50
EmersonOaks,artcal,47.521999999999998,87,0.764368,0.102000,0,15,48.668000,70
EmersonOaks,artcal,47.683,87,0.775862,0.161000,0,15,48.668000,70
EmersonOaks,artcal,47.792000000000002,87,0.787356,0.109000,0,15,48.668000,97
EmersonOaks,artcal,48.061,87,0.798851,0.269000,0,14,48.668000,53
EmersonOaks,artcal,48.223999999999997,87,0.810345,0.163000,0,14,48.668000,81
EmersonOaks,artcal,48.353000000000002,87,0.821839,0.129000,0,14,48.668000,87
EmersonOaks,artcal,48.670999999999999,87,0.833333,0.318000,1,14,48.668000,83
EmersonOaks,artcal,48.713000000000001,87,0.844828,0.042000,1,13,48.668000,96
EmersonOaks,artcal,48.823999999999998,87,0.856322,0.111000,0,12,48.668000,90
EmersonOaks,artcal,49.051000000000002,87,0.867816,0.227000,1,14,48.668000,50
EmersonOaks,artcal,49.142000000000003,87,0.879310,0.091000,2,14,48.668000,95
EmersonOaks,artcal,49.219000000000001,87,0.890805,0.077000,3,14,48.668000,93
EmersonOaks,artcal,49.250999999999998,87,0.902299,0.032000,2,13,48.668000,80
EmersonOaks,artcal,49.296999999999997,87,0.913793,0.046000,2,13,48.668000,72
EmersonOaks,artcal,49.405999999999999,87,0.925287,0.109000,0,14,48.668000,90
EmersonOaks,artcal,49.56,87,0.936782,0.154000,0,14,48.668000,58
EmersonOaks,artcal,49.845999999999997,87,0.948276,0.286000,1,11,48.668000,92
EmersonOaks,artcal,49.933999999999997,87,0.959770,0.088000,1,11,48.668000,93
EmersonOaks,artcal,50.121000000000002,87,0.971264,0.187000,0,10,48.668000,10
EmersonOaks,artcal,50.305,87,0.982759,0.184000,1,6,48.668000,95
EmersonOaks,artcal,50.363999999999997,87,0.994253,0.059000,1,6,48.668000,78
EmersonOaks,artcal,1.7070000000000001,73,0.006849,1.707000,0,5,48.511000,9
EmersonOaks,artcal,1.81,73,0.020548,0.103000,0,5,48.511000,7
EmersonOaks,artcal,1.9630000000000001,73,0.034247,0.153000,1,6,48.511000,58
EmersonOaks,artcal,2.0329999999999999,73,0.047945,0.070000,2,7,48.511000,72
EmersonOaks,artcal,2.073,73,0.061644,0.040000,1,7,48.511000,90
EmersonOaks,artcal,2.2360000000000002,73,0.075342,0.163000,0,8,48.511000,7
EmersonOaks,artcal,2.843,73,0.089041,0.607000,0,8,48.511000,91
EmersonOaks,artcal,3.0169999999999999,73,0.102740,0.174000,0,7,48.511000,91
EmersonOaks,artcal,3.1589999999999998,73,0.116438,0.142000,0,5,48.511000,11
EmersonOaks,artcal,3.4180000000000001,73,0.130137,0.259000,0,4,48.511000,64
EmersonOaks,artcal,3.7370000000000001,73,0.143836,0.319000,0,4,48.511000,83
EmersonOaks,artcal,4.87,73,0.157534,1.133000,0,1,48.511000,90
EmersonOaks,artcal,5.8540000000000001,73,0.171233,0.984000,0,4,48.511000,59
EmersonOaks,artcal,6.1970000000000001,73,0.184932,0.343000,0,3,48.511000,90
EmersonOaks,artcal,6.3159999999999998,73,0.198630,0.119000,0,3,48.511000,43
EmersonOaks,artcal,6.8029999999999999,73,0.212329,0.487000,0,3,48.511000,25
EmersonOaks,artcal,7.851,73,0.226027,1.048000,0,2,48.511000,90
EmersonOaks,artcal,8.2590000000000003,73,0.239726,0.408000,0,2,48.511000,50
EmersonOaks,artcal,8.8109999999999999,73,0.253425,0.552000,0,2,48.511000,83
EmersonOaks,artcal,9.8230000000000004,73,0.267123,1.012000,0,1,48.511000,40
EmersonOaks,artcal,10.391,73,0.280822,0.568000,0,3,48.511000,64
EmersonOaks,artcal,10.952,73,0.294521,0.561000,0,3,48.511000,83
EmersonOaks,artcal,11.234,73,0.308219,0.282000,0,3,48.511000,64
EmersonOaks,artcal,11.679,73,0.321918,0.445000,0,3,48.511000,17
EmersonOaks,artcal,12.673,73,0.335616,0.994000,0,1,48.511000,86
EmersonOaks,artcal,16.899000000000001,73,0.349315,4.226000,0,0,48.511000,90
EmersonOaks,artcal,18.8,73,0.363014,1.901000,0,0,48.511000,83
EmersonOaks,artcal,21.245999999999999,73,0.376712,2.446000,0,1,48.511000,96
EmersonOaks,artcal,21.957000000000001,73,0.390411,0.711000,0,1,48.511000,97
EmersonOaks,artcal,24.035,73,0.404110,2.078000,0,0,48.511000,91
EmersonOaks,artcal,25.164000000000001,73,0.417808,1.129000,0,1,48.511000,91
EmersonOaks,artcal,25.940999999999999,73,0.431507,0.777000,0,2,48.511000,96
EmersonOaks,artcal,26.888999999999999,73,0.445205,0.948000,0,2,48.511000,90
EmersonOaks,artcal,27.449000000000002,73,0.458904,0.560000,0,2,48.511000,91
EmersonOaks,artcal,27.945,73,0.472603,0.496000,0,2,48.511000,94
EmersonOaks,artcal,28.917999999999999,73,0.486301,0.973000,0,3,48.511000,97
EmersonOaks,artcal,29.266999999999999,73,0.500000,0.349000,0,2,48.511000,91
EmersonOaks,artcal,29.844000000000001,73,0.513699,0.577000,0,2,48.511000,94
EmersonOaks,artcal,31.221,73,0.527397,1.377000,0,0,48.511000,94
EmersonOaks,artcal,32.415999999999997,73,0.541096,1.195000,0,0,48.511000,89
EmersonOaks,artcal,35.036000000000001,73,0.554795,2.620000,0,1,48.511000,83
EmersonOaks,artcal,35.313000000000002,73,0.568493,0.277000,0,2,48.511000,87
EmersonOaks,artcal,36.261000000000003,73,0.582192,0.948000,0,1,48.511000,86
EmersonOaks,artcal,45.593000000000004,73,0.595890,9.332000,0,3,48.511000,72
EmersonOaks,artcal,45.805999999999997,73,0.609589,0.213000,0,3,48.511000,91
EmersonOaks,artcal,46.24,73,0.623288,0.434000,0,5,48.511000,60
EmersonOaks,artcal,46.408999999999999,73,0.636986,0.169000,0,6,48.511000,43
EmersonOaks,artcal,46.872999999999998,73,0.650685,0.464000,0,7,48.511000,59
EmersonOaks,artcal,47.009,73,0.664384,0.136000,0,7,48.511000,78
EmersonOaks,artcal,47.244999999999997,73,0.678082,0.236000,0,9,48.511000,86
EmersonOaks,artcal,47.436999999999998,73,0.691781,0.192000,0,10,48.511000,14
EmersonOaks,artcal,47.704999999999998,73,0.705479,0.268000,0,12,48.511000,64
EmersonOaks,artcal,47.851999999999997,73,0.719178,0.147000,0,14,48.511000,96
EmersonOaks,artcal,48.100999999999999,73,0.732877,0.249000,1,14,48.511000,87
EmersonOaks,artcal,48.152999999999999,73,0.746575,0.052000,2,15,48.511000,49
EmersonOaks,artcal,48.21,73,0.760274,0.057000,2,15,48.511000,81
EmersonOaks,artcal,48.304000000000002,73,0.773973,0.094000,2,16,48.511000,46
EmersonOaks,artcal,48.366999999999997,73,0.787671,0.063000,1,16,48.511000,86
EmersonOaks,artcal,48.573999999999998,73,0.801370,0.207000,0,16,48.511000,86
EmersonOaks,artcal,48.673999999999999,73,0.815068,0.100000,1,17,48.511000,53
EmersonOaks,artcal,48.746000000000002,73,0.828767,0.072000,2,16,48.511000,25
EmersonOaks,artcal,48.820999999999998,73,0.842466,0.075000,1,16,48.511000,96
EmersonOaks,artcal,48.921999999999997,73,0.856164,0.101000,0,16,48.511000,22
EmersonOaks,artcal,49.027000000000001,73,0.869863,0.105000,0,17,48.511000,93
EmersonOaks,artcal,49.146999999999998,73,0.883562,0.120000,1,17,48.511000,87
EmersonOaks,artcal,49.22,73,0.897260,0.073000,2,16,48.511000,87
EmersonOaks,artcal,49.304000000000002,73,0.910959,0.084000,1,16,48.511000,93
EmersonOaks,artcal,49.417000000000002,73,0.924658,0.113000,0,14,48.511000,53
EmersonOaks,artcal,49.58,73,0.938356,0.163000,0,13,48.511000,35
EmersonOaks,artcal,49.838000000000001,73,0.952055,0.258000,0,10,48.511000,25
EmersonOaks,artcal,49.951000000000001,73,0.965753,0.113000,0,9,48.511000,47
EmersonOaks,artcal,50.103999999999999,73,0.979452,0.153000,0,8,48.511000,17
EmersonOaks,artcal,50.218000000000004,73,0.993151,0.114000,0,7,48.511000,25
EmersonOaks,artcal,1.7889999999999999,118,0.004237,1.789000,0,3,48.536000,7
EmersonOaks,artcal,1.9019999999999999,118,0.012712,0.113000,0,4,48.536000,52
EmersonOaks,artcal,2.0720000000000001,118,0.021186,0.170000,0,6,48.536000,90
EmersonOaks,artcal,2.202,118,0.029661,0.130000,0,7,48.536000,7
EmersonOaks,artcal,2.8420000000000001,118,0.038136,0.640000,1,10,48.536000,86
EmersonOaks,artcal,2.9380000000000002,118,0.046610,0.096000,2,9,48.536000,83
EmersonOaks,artcal,3.0150000000000001,118,0.055085,0.077000,1,9,48.536000,91
EmersonOaks,artcal,3.1320000000000001,118,0.063559,0.117000,1,9,48.536000,32
EmersonOaks,artcal,3.206,118,0.072034,0.074000,1,8,48.536000,9
EmersonOaks,artcal,3.4180000000000001,118,0.080508,0.212000,0,8,48.536000,16
EmersonOaks,artcal,3.6120000000000001,118,0.088983,0.194000,0,8,48.536000,91
EmersonOaks,artcal,3.7389999999999999,118,0.097458,0.127000,0,8,48.536000,50
EmersonOaks,artcal,4.0890000000000004,118,0.105932,0.350000,0,6,48.536000,38
EmersonOaks,artcal,4.8659999999999997,118,0.114407,0.777000,0,4,48.536000,86
EmersonOaks,artcal,5.0970000000000004,118,0.122881,0.231000,0,3,48.536000,9
EmersonOaks,artcal,5.3639999999999999,118,0.131356,0.267000,0,5,48.536000,36
EmersonOaks,artcal,5.7709999999999999,118,0.139831,0.407000,0,5,48.536000,28
EmersonOaks,artcal,6.1840000000000002,118,0.148305,0.413000,0,5,48.536000,90
EmersonOaks,artcal,6.2889999999999997,118,0.156780,0.105000,0,6,48.536000,91
EmersonOaks,artcal,6.7880000000000003,118,0.165254,0.499000,0,5,48.536000,22
EmersonOaks,artcal,6.9139999999999997,118,0.173729,0.126000,0,6,48.536000,22
EmersonOaks,artcal,7.194,118,0.182203,0.280000,0,5,48.536000,49
EmersonOaks,artcal,7.4720000000000004,118,0.190678,0.278000,0,5,48.536000,91
EmersonOaks,artcal,7.8109999999999999,118,0.199153,0.339000,0,4,48.536000,91
EmersonOaks,artcal,8.2509999999999994,118,0.207627,0.440000,0,3,48.536000,43
EmersonOaks,artcal,8.8230000000000004,118,0.216102,0.572000,0,3,48.536000,47
EmersonOaks,artcal,9.2669999999999995,118,0.224576,0.444000,0,3,48.536000,38
EmersonOaks,artcal,9.7959999999999994,118,0.233051,0.529000,0,3,48.536000,87
EmersonOaks,artcal,10.228,118,0.241525,0.432000,0,5,48.536000,78
EmersonOaks,artcal,10.930999999999999,118,0.250000,0.703000,0,4,48.536000,72
EmersonOaks,artcal,11.076000000000001,118,0.258475,0.145000,0,4,48.536000,50
EmersonOaks,artcal,11.215,118,0.266949,0.139000,0,4,48.536000,83
EmersonOaks,artcal,11.628,118,0.275424,0.413000,0,4,48.536000,45
EmersonOaks,artcal,12.285,118,0.283898,0.657000,0,3,48.536000,91
EmersonOaks,artcal,12.65,118,0.292373,0.365000,0,3,48.536000,95
EmersonOaks,artcal,13.045,118,0.300847,0.395000,0,4,48.536000,72
EmersonOaks,artcal,13.555999999999999,118,0.309322,0.511000,0,3,48.536000,64
EmersonOaks,artcal,13.939,118,0.317797,0.383000,0,3,48.536000,83
EmersonOaks,artcal,14.798999999999999,118,0.326271,0.860000,0,3,48.536000,92
EmersonOaks,artcal,15.311999999999999,118,0.334746,0.513000,0,2,48.536000,83
EmersonOaks,artcal,15.568,118,0.343220,0.256000,0,3,48.536000,91
EmersonOaks,artcal,16.361000000000001,118,0.351695,0.793000,0,4,48.536000,37
EmersonOaks,artcal,16.838000000000001,118,0.360169,0.477000,0,4,48.536000,95
EmersonOaks,artcal,17.170000000000002,118,0.368644,0.332000,0,5,48.536000,81
EmersonOaks,artcal,17.302,118,0.377119,0.132000,0,5,48.536000,76
EmersonOaks,artcal,17.634,118,0.385593,0.332000,0,4,48.536000,78
EmersonOaks,artcal,17.922000000000001,118,0.394068,0.288000,0,4,48.536000,81
EmersonOaks,artcal,18.722999999999999,118,0.402542,0.801000,0,1,48.536000,94
EmersonOaks,artcal,19.728000000000002,118,0.411017,1.005000,0,1,48.536000,80
EmersonOaks,artcal,20.056999999999999,118,0.419492,0.329000,0,1,48.536000,53
EmersonOaks,artcal,21.068999999999999,118,0.427966,1.012000,0,1,48.536000,96
EmersonOaks,artcal,21.69,118,0.436441,0.621000,0,1,48.536000,96
EmersonOaks,artcal,23.361000000000001,118,0.444915,1.671000,0,3,48.536000,94
EmersonOaks,artcal,23.565999999999999,118,0.453390,0.205000,0,3,48.536000,91
EmersonOaks,artcal,23.86,118,0.461864,0.294000,0,4,48.536000,95
EmersonOaks,artcal,24.297000000000001,118,0.470339,0.437000,0,5,48.536000,96
EmersonOaks,artcal,24.619,118,0.478814,0.322000,0,4,48.536000,95
EmersonOaks,artcal,24.943000000000001,118,0.487288,0.324000,0,3,48.536000,91
EmersonOaks,artcal,25.577000000000002,118,0.495763,0.634000,0,2,48.536000,96
EmersonOaks,artcal,26.75,118,0.504237,1.173000,0,3,48.536000,96
EmersonOaks,artcal,27.062000000000001,118,0.512712,0.312000,0,3,48.536000,55
EmersonOaks,artcal,27.277000000000001,118,0.521186,0.215000,0,3,48.536000,94
EmersonOaks,artcal,27.710999999999999,118,0.529661,0.434000,0,4,48.536000,94
EmersonOaks,artcal,28.605,118,0.538136,0.894000,0,3,48.536000,97
EmersonOaks,artcal,28.954999999999998,118,0.546610,0.350000,0,2,48.536000,94
EmersonOaks,artcal,29.44,118,0.555085,0.485000,0,2,48.536000,91
EmersonOaks,artcal,31.077000000000002,118,0.563559,1.637000,0,1,48.536000,94
EmersonOaks,artcal,31.632000000000001,118,0.572034,0.555000,0,2,48.536000,91
EmersonOaks,artcal,32.244999999999997,118,0.580508,0.613000,0,1,48.536000,94
EmersonOaks,artcal,34.729999999999997,118,0.588983,2.485000,0,0,48.536000,89
EmersonOaks,artcal,36.179000000000002,118,0.597458,1.449000,0,0,48.536000,86
EmersonOaks,artcal,37.762,118,0.605932,1.583000,0,0,48.536000,96
EmersonOaks,artcal,40.125,118,0.614407,2.363000,0,2,48.536000,62
EmersonOaks,artcal,40.764000000000003,118,0.622881,0.639000,0,3,48.536000,30
EmersonOaks,artcal,41.066000000000003,118,0.631356,0.302000,0,4,48.536000,43
EmersonOaks,artcal,41.396000000000001,118,0.639831,0.330000,0,4,48.536000,38
EmersonOaks,artcal,41.856999999999999,118,0.648305,0.461000,0,4,48.536000,32
EmersonOaks,artcal,42.173999999999999,118,0.656780,0.317000,0,6,48.536000,38
EmersonOaks,artcal,42.658000000000001,118,0.665254,0.484000,0,6,48.536000,53
EmersonOaks,artcal,42.860999999999997,118,0.673729,0.203000,1,5,48.536000,37
EmersonOaks,artcal,42.945999999999998,118,0.682203,0.085000,1,5,48.536000,50
EmersonOaks,artcal,43.131999999999998,118,0.690678,0.186000,0,5,48.536000,70
EmersonOaks,artcal,43.505000000000003,118,0.699153,0.373000,0,6,48.536000,76
EmersonOaks,artcal,44.188000000000002,118,0.707627,0.683000,0,3,48.536000,64
EmersonOaks,artcal,44.408999999999999,118,0.716102,0.221000,0,3,48.536000,40
EmersonOaks,artcal,44.902999999999999,118,0.724576,0.494000,0,4,48.536000,96
EmersonOaks,artcal,45.530999999999999,118,0.733051,0.628000,0,5,48.536000,95
EmersonOaks,artcal,45.74,118,0.741525,0.209000,0,5,48.536000,93
EmersonOaks,artcal,46.171999999999997,118,0.750000,0.432000,1,7,48.536000,93
EmersonOaks,artcal,46.241,118,0.758475,0.069000,1,8,48.536000,98
EmersonOaks,artcal,46.366999999999997,118,0.766949,0.126000,0,9,48.536000,96
EmersonOaks,artcal,46.771999999999998,118,0.775424,0.405000,1,10,48.536000,25
EmersonOaks,artcal,46.847000000000001,118,0.783898,0.075000,1,10,48.536000,47
EmersonOaks,artcal,46.981000000000002,118,0.792373,0.134000,0,10,48.536000,81
EmersonOaks,artcal,47.198999999999998,118,0.800847,0.218000,0,12,48.536000,90
EmersonOaks,artcal,47.332999999999998,118,0.809322,0.134000,1,12,48.536000,93
EmersonOaks,artcal,47.423999999999999,118,0.817797,0.091000,2,12,48.536000,90
EmersonOaks,artcal,47.494,118,0.826271,0.070000,1,12,48.536000,52
EmersonOaks,artcal,47.747,118,0.834746,0.253000,0,14,48.536000,97
EmersonOaks,artcal,48.048999999999999,118,0.843220,0.302000,1,14,48.536000,30
EmersonOaks,artcal,48.087000000000003,118,0.851695,0.038000,2,14,48.536000,52
EmersonOaks,artcal,48.167000000000002,118,0.860169,0.080000,1,16,48.536000,62
EmersonOaks,artcal,48.296999999999997,118,0.868644,0.130000,1,18,48.536000,62
EmersonOaks,artcal,48.359000000000002,118,0.877119,0.062000,1,18,48.536000,70
EmersonOaks,artcal,48.655999999999999,118,0.885593,0.297000,1,16,48.536000,47
EmersonOaks,artcal,48.713000000000001,118,0.894068,0.057000,2,16,48.536000,94
EmersonOaks,artcal,48.756,118,0.902542,0.043000,3,15,48.536000,59
EmersonOaks,artcal,48.816000000000003,118,0.911017,0.060000,2,15,48.536000,90
EmersonOaks,artcal,48.838999999999999,118,0.919492,0.023000,2,16,48.536000,99
EmersonOaks,artcal,49.091000000000001,118,0.927966,0.252000,2,14,48.536000,58
EmersonOaks,artcal,49.142000000000003,118,0.936441,0.051000,4,14,48.536000,50
EmersonOaks,artcal,49.173999999999999,118,0.944915,0.032000,4,13,48.536000,97
EmersonOaks,artcal,49.216999999999999,118,0.953390,0.043000,4,14,48.536000,93
EmersonOaks,artcal,49.238999999999997,118,0.961864,0.022000,4,14,48.536000,87
EmersonOaks,artcal,49.3,118,0.970339,0.061000,2,13,48.536000,90
EmersonOaks,artcal,49.835999999999999,118,0.978814,0.536000,0,9,48.536000,99
EmersonOaks,artcal,50.21,118,0.987288,0.374000,0,5,48.536000,41
EmersonOaks,artcal,50.325000000000003,118,0.995763,0.115000,0,2,48.536000,98
EmersonOaks,ceanothcrass,1.6950000000000001,28,0.017857,1.695000,1,3,48.832000,9
EmersonOaks,ceanothcrass,1.774,28,0.053571,0.079000,1,3,48.832000,4
EmersonOaks,ceanothcrass,2.028,28,0.089286,0.254000,0,5,48.832000,78
EmersonOaks,ceanothcrass,2.206,28,0.125000,0.178000,0,6,48.832000,5
EmersonOaks,ceanothcrass,2.8450000000000002,28,0.160714,0.639000,0,5,48.832000,90
EmersonOaks,ceanothcrass,3.0150000000000001,28,0.196429,0.170000,0,5,48.832000,91
EmersonOaks,ceanothcrass,3.161,28,0.232143,0.146000,0,4,48.832000,11
EmersonOaks,ceanothcrass,3.7450000000000001,28,0.267857,0.584000,0,3,48.832000,78
EmersonOaks,ceanothcrass,4.867,28,0.303571,1.122000,0,0,48.832000,90
EmersonOaks,ceanothcrass,6.3090000000000002,28,0.339286,1.442000,0,0,48.832000,38
EmersonOaks,ceanothcrass,8.8729999999999993,28,0.375000,2.564000,0,0,48.832000,83
EmersonOaks,ceanothcrass,10.316000000000001,28,0.410714,1.443000,0,0,48.832000,95
EmersonOaks,ceanothcrass,11.654,28,0.446429,1.338000,0,0,48.832000,90
EmersonOaks,ceanothcrass,12.692,28,0.482143,1.038000,0,0,48.832000,90
EmersonOaks,ceanothcrass,18.831,28,0.517857,6.139000,0,0,48.832000,91
EmersonOaks,ceanothcrass,21.26,28,0.553571,2.429000,0,0,48.832000,4
EmersonOaks,ceanothcrass,35.615000000000002,28,0.589286,14.355000,0,0,48.832000,74
EmersonOaks,ceanothcrass,47.213999999999999,28,0.625000,11.599000,1,3,48.832000,64
EmersonOaks,ceanothcrass,47.246000000000002,28,0.660714,0.032000,1,3,48.832000,64
EmersonOaks,ceanothcrass,47.890999999999998,28,0.696429,0.645000,0,7,48.832000,98
EmersonOaks,ceanothcrass,48.213000000000001,28,0.732143,0.322000,1,8,48.832000,52
EmersonOaks,ceanothcrass,48.307000000000002,28,0.767857,0.094000,2,6,48.832000,58
EmersonOaks,ceanothcrass,48.38,28,0.803571,0.073000,1,7,48.832000,90
EmersonOaks,ceanothcrass,48.66,28,0.839286,0.280000,1,7,48.832000,46
EmersonOaks,ceanothcrass,48.720999999999997,28,0.875000,0.061000,1,7,48.832000,96
EmersonOaks,ceanothcrass,49.104999999999997,28,0.910714,0.384000,0,6,48.832000,60
EmersonOaks,ceanothcrass,49.363999999999997,28,0.946429,0.259000,0,4,48.832000,91
EmersonOaks,ceanothcrass,50.527000000000001,28,0.982143,1.163000,0,0,48.832000,58
EmersonOaks,ceanothcrass,1.7010000000000001,49,0.010204,1.701000,0,4,47.798000,50
EmersonOaks,ceanothcrass,1.909,49,0.030612,0.208000,0,5,47.798000,38
EmersonOaks,ceanothcrass,2.0270000000000001,49,0.051020,0.118000,1,6,47.798000,78
EmersonOaks,ceanothcrass,2.0720000000000001,49,0.071429,0.045000,1,6,47.798000,90
EmersonOaks,ceanothcrass,2.2109999999999999,49,0.091837,0.139000,0,7,47.798000,7
EmersonOaks,ceanothcrass,2.8439999999999999,49,0.112245,0.633000,0,7,47.798000,80
EmersonOaks,ceanothcrass,3.0150000000000001,49,0.132653,0.171000,0,6,47.798000,91
EmersonOaks,ceanothcrass,3.1589999999999998,49,0.153061,0.144000,0,4,47.798000,11
EmersonOaks,ceanothcrass,3.738,49,0.173469,0.579000,0,4,47.798000,78
EmersonOaks,ceanothcrass,4.1609999999999996,49,0.193878,0.423000,0,2,47.798000,80
EmersonOaks,ceanothcrass,4.8680000000000003,49,0.214286,0.707000,0,2,47.798000,90
EmersonOaks,ceanothcrass,5.8620000000000001,49,0.234694,0.994000,0,2,47.798000,78
EmersonOaks,ceanothcrass,6.3310000000000004,49,0.255102,0.469000,0,1,47.798000,35
EmersonOaks,ceanothcrass,7.8529999999999998,49,0.275510,1.522000,0,2,47.798000,90
EmersonOaks,ceanothcrass,8.2669999999999995,49,0.295918,0.414000,0,2,47.798000,50
EmersonOaks,ceanothcrass,8.8460000000000001,49,0.316327,0.579000,0,2,47.798000,83
EmersonOaks,ceanothcrass,10.269,49,0.336735,1.423000,0,0,47.798000,83
EmersonOaks,ceanothcrass,12.683,49,0.357143,2.414000,0,0,47.798000,83
EmersonOaks,ceanothcrass,14.831,49,0.377551,2.148000,0,0,47.798000,74
EmersonOaks,ceanothcrass,17.259,49,0.397959,2.428000,0,0,47.798000,91
EmersonOaks,ceanothcrass,18.763999999999999,49,0.418367,1.505000,0,0,47.798000,95
EmersonOaks,ceanothcrass,20.152000000000001,49,0.438776,1.388000,0,1,47.798000,78
EmersonOaks,ceanothcrass,20.561,49,0.459184,0.409000,0,2,47.798000,64
EmersonOaks,ceanothcrass,21.285,49,0.479592,0.724000,0,1,47.798000,91
EmersonOaks,ceanothcrass,24.869,49,0.500000,3.584000,0,1,47.798000,72
EmersonOaks,ceanothcrass,25.158999999999999,49,0.520408,0.290000,0,2,47.798000,91
EmersonOaks,ceanothcrass,26.027999999999999,49,0.540816,0.869000,0,1,47.798000,59
EmersonOaks,ceanothcrass,28.951000000000001,49,0.561224,2.923000,0,4,47.798000,90
EmersonOaks,ceanothcrass,29.242000000000001,49,0.581633,0.291000,1,4,47.798000,70
EmersonOaks,ceanothcrass,29.29,49,0.602041,0.048000,1,4,47.798000,94
EmersonOaks,ceanothcrass,29.439,49,0.622449,0.149000,0,4,47.798000,90
EmersonOaks,ceanothcrass,29.88,49,0.642857,0.441000,0,4,47.798000,74
EmersonOaks,ceanothcrass,32.247999999999998,49,0.663265,2.368000,0,0,47.798000,9
EmersonOaks,ceanothcrass,35.622,49,0.683673,3.374000,0,0,47.798000,62
EmersonOaks,ceanothcrass,42.244999999999997,49,0.704082,6.623000,0,0,47.798000,38
EmersonOaks,ceanothcrass,46.210999999999999,49,0.724490,3.966000,0,1,47.798000,76
EmersonOaks,ceanothcrass,47.18,49,0.744898,0.969000,1,6,47.798000,87
EmersonOaks,ceanothcrass,47.253999999999998,49,0.765306,0.074000,1,6,47.798000,47
EmersonOaks,ceanothcrass,47.365000000000002,49,0.785714,0.111000,0,7,47.798000,72
EmersonOaks,ceanothcrass,47.814999999999998,49,0.806122,0.450000,1,9,47.798000,64
EmersonOaks,ceanothcrass,47.887999999999998,49,0.826531,0.073000,1,9,47.798000,83
EmersonOaks,ceanothcrass,48.061999999999998,49,0.846939,0.174000,0,9,47.798000,64
EmersonOaks,ceanothcrass,48.207000000000001,49,0.867347,0.145000,1,9,47.798000,83
EmersonOaks,ceanothcrass,48.302999999999997,49,0.887755,0.096000,2,8,47.798000,81
EmersonOaks,ceanothcrass,48.375999999999998,49,0.908163,0.073000,1,8,47.798000,74
EmersonOaks,ceanothcrass,48.718000000000004,49,0.928571,0.342000,0,9,47.798000,97
EmersonOaks,ceanothcrass,49.094999999999999,49,0.948980,0.377000,0,6,47.798000,62
EmersonOaks,ceanothcrass,49.375999999999998,49,0.969388,0.281000,0,4,47.798000,86
EmersonOaks,ceanothcrass,49.499000000000002,49,0.989796,0.123000,0,3,47.798000,95
EmersonOaks,ceanothcrass,1.714,38,0.013158,1.714000,1,5,48.295000,9
EmersonOaks,ceanothcrass,1.81,38,0.039474,0.096000,2,5,48.295000,7
EmersonOaks,ceanothcrass,1.907,38,0.065789,0.097000,1,6,48.295000,5
EmersonOaks,ceanothcrass,2.036,38,0.092105,0.129000,0,7,48.295000,78
EmersonOaks,ceanothcrass,2.3340000000000001,38,0.118421,0.298000,0,8,48.295000,9
EmersonOaks,ceanothcrass,2.448,38,0.144737,0.114000,0,8,48.295000,9
EmersonOaks,ceanothcrass,2.8450000000000002,38,0.171053,0.397000,0,7,48.295000,80
EmersonOaks,ceanothcrass,3.0169999999999999,38,0.197368,0.172000,0,6,48.295000,91
EmersonOaks,ceanothcrass,3.16,38,0.223684,0.143000,0,5,48.295000,14
EmersonOaks,ceanothcrass,3.7440000000000002,38,0.250000,0.584000,0,3,48.295000,86
EmersonOaks,ceanothcrass,4.8730000000000002,38,0.276316,1.129000,0,0,48.295000,90
EmersonOaks,ceanothcrass,5.8780000000000001,38,0.302632,1.005000,0,1,48.295000,86
EmersonOaks,ceanothcrass,6.3319999999999999,38,0.328947,0.454000,0,1,48.295000,72
EmersonOaks,ceanothcrass,7.8550000000000004,38,0.355263,1.523000,0,2,48.295000,90
EmersonOaks,ceanothcrass,8.2650000000000006,38,0.381579,0.410000,0,2,48.295000,40
EmersonOaks,ceanothcrass,8.8539999999999992,38,0.407895,0.589000,0,2,48.295000,83
EmersonOaks,ceanothcrass,10.327999999999999,38,0.434211,1.474000,0,0,48.295000,53
EmersonOaks,ceanothcrass,12.686999999999999,38,0.460526,2.359000,0,0,48.295000,64
EmersonOaks,ceanothcrass,13.965999999999999,38,0.486842,1.279000,0,1,48.295000,83
EmersonOaks,ceanothcrass,14.836,38,0.513158,0.870000,0,1,48.295000,76
EmersonOaks,ceanothcrass,16.326000000000001,38,0.539474,1.490000,0,1,48.295000,59
EmersonOaks,ceanothcrass,17.280999999999999,38,0.565789,0.955000,0,1,48.295000,90
EmersonOaks,ceanothcrass,18.777000000000001,38,0.592105,1.496000,0,0,48.295000,94
EmersonOaks,ceanothcrass,20.143000000000001,38,0.618421,1.366000,0,1,48.295000,64
EmersonOaks,ceanothcrass,20.515000000000001,38,0.644737,0.372000,0,2,48.295000,56
EmersonOaks,ceanothcrass,21.277000000000001,38,0.671053,0.762000,0,2,48.295000,94
EmersonOaks,ceanothcrass,22.007999999999999,38,0.697368,0.731000,0,1,48.295000,91
EmersonOaks,ceanothcrass,26.021000000000001,38,0.723684,4.013000,0,0,48.295000,91
EmersonOaks,ceanothcrass,28.97,38,0.750000,2.949000,0,1,48.295000,90
EmersonOaks,ceanothcrass,29.882000000000001,38,0.776316,0.912000,0,1,48.295000,87
EmersonOaks,ceanothcrass,35.604999999999997,38,0.802632,5.723000,0,0,48.295000,52
EmersonOaks,ceanothcrass,47.895000000000003,38,0.828947,12.290000,0,3,48.295000,98
EmersonOaks,ceanothcrass,48.308999999999997,38,0.855263,0.414000,2,4,48.295000,58
EmersonOaks,ceanothcrass,48.311999999999998,38,0.881579,0.003000,2,4,48.295000,58
EmersonOaks,ceanothcrass,48.375,38,0.907895,0.063000,2,4,48.295000,91
EmersonOaks,ceanothcrass,49.253,38,0.934211,0.878000,0,5,48.295000,47
EmersonOaks,ceanothcrass,49.723999999999997,38,0.960526,0.471000,0,2,48.295000,81
EmersonOaks,ceanothcrass,50.009,38,0.986842,0.285000,0,2,48.295000,55
EmersonOaks,ceanothcrass,1.8979999999999999,43,0.011628,1.898000,0,4,47.476000,80
EmersonOaks,ceanothcrass,2.0390000000000001,43,0.034884,0.141000,1,5,47.476000,59
EmersonOaks,ceanothcrass,2.0630000000000002,43,0.058140,0.024000,1,5,47.476000,90
EmersonOaks,ceanothcrass,2.21,43,0.081395,0.147000,0,6,47.476000,7
EmersonOaks,ceanothcrass,2.843,43,0.104651,0.633000,0,8,47.476000,86
EmersonOaks,ceanothcrass,3.0139999999999998,43,0.127907,0.171000,0,7,47.476000,91
EmersonOaks,ceanothcrass,3.157,43,0.151163,0.143000,1,5,47.476000,11
EmersonOaks,ceanothcrass,3.2519999999999998,43,0.174419,0.095000,1,4,47.476000,59
EmersonOaks,ceanothcrass,3.742,43,0.197674,0.490000,0,4,47.476000,90
EmersonOaks,ceanothcrass,4.867,43,0.220930,1.125000,0,1,47.476000,90
EmersonOaks,ceanothcrass,5.8609999999999998,43,0.244186,0.994000,0,2,47.476000,80
EmersonOaks,ceanothcrass,6.33,43,0.267442,0.469000,0,1,47.476000,53
EmersonOaks,ceanothcrass,7.851,43,0.290698,1.521000,0,2,47.476000,90
EmersonOaks,ceanothcrass,8.2690000000000001,43,0.313953,0.418000,0,2,47.476000,58
EmersonOaks,ceanothcrass,8.8409999999999993,43,0.337209,0.572000,0,2,47.476000,83
EmersonOaks,ceanothcrass,10.284000000000001,43,0.360465,1.443000,0,0,47.476000,83
EmersonOaks,ceanothcrass,12.68,43,0.383721,2.396000,0,0,47.476000,91
EmersonOaks,ceanothcrass,14.837,43,0.406977,2.157000,0,0,47.476000,92
EmersonOaks,ceanothcrass,17.259,43,0.430233,2.422000,0,0,47.476000,91
EmersonOaks,ceanothcrass,18.736999999999998,43,0.453488,1.478000,0,0,47.476000,94
EmersonOaks,ceanothcrass,20.167999999999999,43,0.476744,1.431000,0,0,47.476000,64
EmersonOaks,ceanothcrass,21.273,43,0.500000,1.105000,0,1,47.476000,90
EmersonOaks,ceanothcrass,22.010999999999999,43,0.523256,0.738000,0,1,47.476000,97
EmersonOaks,ceanothcrass,25.241,43,0.546512,3.230000,0,1,47.476000,94
EmersonOaks,ceanothcrass,26.021999999999998,43,0.569767,0.781000,0,1,47.476000,97
EmersonOaks,ceanothcrass,27.451000000000001,43,0.593023,1.429000,0,1,47.476000,70
EmersonOaks,ceanothcrass,27.942,43,0.616279,0.491000,0,1,47.476000,94
EmersonOaks,ceanothcrass,28.951000000000001,43,0.639535,1.009000,0,2,47.476000,97
EmersonOaks,ceanothcrass,29.280999999999999,43,0.662791,0.330000,0,2,47.476000,93
EmersonOaks,ceanothcrass,29.882999999999999,43,0.686047,0.602000,0,2,47.476000,64
EmersonOaks,ceanothcrass,31.791,43,0.709302,1.908000,0,1,47.476000,87
EmersonOaks,ceanothcrass,32.442999999999998,43,0.732558,0.652000,0,1,47.476000,52
EmersonOaks,ceanothcrass,35.613999999999997,43,0.755814,3.171000,0,0,47.476000,76
EmersonOaks,ceanothcrass,47.374000000000002,43,0.779070,11.760000,0,4,47.476000,83
EmersonOaks,ceanothcrass,47.816000000000003,43,0.802326,0.442000,1,6,47.476000,72
EmersonOaks,ceanothcrass,47.893999999999998,43,0.825581,0.078000,1,6,47.476000,98
EmersonOaks,ceanothcrass,48.212000000000003,43,0.848837,0.318000,1,8,47.476000,93
EmersonOaks,ceanothcrass,48.307000000000002,43,0.872093,0.095000,2,8,47.476000,87
EmersonOaks,ceanothcrass,48.375,43,0.895349,0.068000,1,8,47.476000,72
EmersonOaks,ceanothcrass,48.718000000000004,43,0.918605,0.343000,0,8,47.476000,98
EmersonOaks,ceanothcrass,49.103999999999999,43,0.941860,0.386000,1,6,47.476000,83
EmersonOaks,ceanothcrass,49.136000000000003,43,0.965116,0.032000,1,6,47.476000,96
EmersonOaks,ceanothcrass,49.374000000000002,43,0.988372,0.238000,0,4,47.476000,91
EmersonOaks,eriofasc,1.6970000000000001,37,0.013514,1.697000,1,7,47.412000,42
EmersonOaks,eriofasc,1.776,37,0.040541,0.079000,1,7,47.412000,9
EmersonOaks,eriofasc,1.948,37,0.067568,0.172000,0,8,47.412000,78
EmersonOaks,eriofasc,2.073,37,0.094595,0.125000,0,9,47.412000,80
EmersonOaks,eriofasc,2.2050000000000001,37,0.121622,0.132000,1,10,47.412000,9
EmersonOaks,eriofasc,2.2709999999999999,37,0.148649,0.066000,1,11,47.412000,64
EmersonOaks,eriofasc,2.371,37,0.175676,0.100000,1,11,47.412000,47
EmersonOaks,eriofasc,2.4510000000000001,37,0.202703,0.080000,1,12,47.412000,16
EmersonOaks,eriofasc,2.8450000000000002,37,0.229730,0.394000,0,11,47.412000,87
EmersonOaks,eriofasc,3.0150000000000001,37,0.256757,0.170000,0,10,47.412000,91
EmersonOaks,eriofasc,3.16,37,0.283784,0.145000,1,9,47.412000,14
EmersonOaks,eriofasc,3.2290000000000001,37,0.310811,0.069000,1,8,47.412000,64
EmersonOaks,eriofasc,3.4169999999999998,37,0.337838,0.188000,0,6,47.412000,50
EmersonOaks,eriofasc,3.7440000000000002,37,0.364865,0.327000,0,5,47.412000,72
EmersonOaks,eriofasc,4.8719999999999999,37,0.391892,1.128000,1,2,47.412000,90
EmersonOaks,eriofasc,4.923,37,0.418919,0.051000,1,2,47.412000,64
EmersonOaks,eriofasc,5.8630000000000004,37,0.445946,0.940000,0,3,47.412000,91
EmersonOaks,eriofasc,6.319,37,0.472973,0.456000,0,1,47.412000,49
EmersonOaks,eriofasc,7.8470000000000004,37,0.500000,1.528000,0,2,47.412000,90
EmersonOaks,eriofasc,8.27,37,0.527027,0.423000,0,2,47.412000,9
EmersonOaks,eriofasc,8.843,37,0.554054,0.573000,0,2,47.412000,90
EmersonOaks,eriofasc,10.253,37,0.581081,1.410000,0,0,47.412000,83
EmersonOaks,eriofasc,12.659000000000001,37,0.608108,2.406000,0,0,47.412000,64
EmersonOaks,eriofasc,14.85,37,0.635135,2.191000,0,0,47.412000,90
EmersonOaks,eriofasc,17.282,37,0.662162,2.432000,0,0,47.412000,91
EmersonOaks,eriofasc,18.765000000000001,37,0.689189,1.483000,0,0,47.412000,91
EmersonOaks,eriofasc,27.364999999999998,37,0.716216,8.600000,0,0,47.412000,90
EmersonOaks,eriofasc,29.838999999999999,37,0.743243,2.474000,0,0,47.412000,83
EmersonOaks,eriofasc,35.631999999999998,37,0.770270,5.793000,0,0,47.412000,47
EmersonOaks,eriofasc,42.241999999999997,37,0.797297,6.610000,0,0,47.412000,37
EmersonOaks,eriofasc,47.366,37,0.824324,5.124000,0,4,47.412000,58
EmersonOaks,eriofasc,47.816000000000003,37,0.851351,0.450000,1,5,47.412000,68
EmersonOaks,eriofasc,47.89,37,0.878378,0.074000,1,5,47.412000,95
EmersonOaks,eriofasc,48.210999999999999,37,0.905405,0.321000,1,6,47.412000,83
EmersonOaks,eriofasc,48.308,37,0.932432,0.097000,1,6,47.412000,83
EmersonOaks,eriofasc,48.719000000000001,37,0.959459,0.411000,0,5,47.412000,97
EmersonOaks,eriofasc,49.109000000000002,37,0.986486,0.390000,0,3,47.412000,72
EmersonOaks,eriofasc,1.7030000000000001,51,0.009804,1.703000,1,8,48.826000,9
EmersonOaks,eriofasc,1.784,51,0.029412,0.081000,1,8,48.826000,40
EmersonOaks,eriofasc,1.907,51,0.049020,0.123000,1,9,48.826000,9
EmersonOaks,eriofasc,1.9550000000000001,51,0.068627,0.048000,2,9,48.826000,49
EmersonOaks,eriofasc,2.032,51,0.088235,0.077000,2,10,48.826000,72
EmersonOaks,eriofasc,2.0670000000000002,51,0.107843,0.035000,1,10,48.826000,80
EmersonOaks,eriofasc,2.2200000000000002,51,0.127451,0.153000,0,11,48.826000,9
EmersonOaks,eriofasc,2.33,51,0.147059,0.110000,0,12,48.826000,9
EmersonOaks,eriofasc,2.448,51,0.166667,0.118000,0,12,48.826000,12
EmersonOaks,eriofasc,2.8420000000000001,51,0.186275,0.394000,0,11,48.826000,87
EmersonOaks,eriofasc,3.0129999999999999,51,0.205882,0.171000,0,9,48.826000,91
EmersonOaks,eriofasc,3.157,51,0.225490,0.144000,1,7,48.826000,10
EmersonOaks,eriofasc,3.2210000000000001,51,0.245098,0.064000,1,6,48.826000,72
EmersonOaks,eriofasc,3.7360000000000002,51,0.264706,0.515000,0,4,48.826000,72
EmersonOaks,eriofasc,4.8680000000000003,51,0.284314,1.132000,1,2,48.826000,90
EmersonOaks,eriofasc,4.923,51,0.303922,0.055000,1,2,48.826000,87
EmersonOaks,eriofasc,5.8550000000000004,51,0.323529,0.932000,0,3,48.826000,83
EmersonOaks,eriofasc,6.3250000000000002,51,0.343137,0.470000,0,1,48.826000,38
EmersonOaks,eriofasc,7.8470000000000004,51,0.362745,1.522000,0,2,48.826000,90
EmersonOaks,eriofasc,8.2569999999999997,51,0.382353,0.410000,0,2,48.826000,25
EmersonOaks,eriofasc,8.8350000000000009,51,0.401961,0.578000,0,2,48.826000,83
EmersonOaks,eriofasc,10.224,51,0.421569,1.389000,0,0,48.826000,83
EmersonOaks,eriofasc,11.346,51,0.441176,1.122000,0,0,48.826000,53
EmersonOaks,eriofasc,12.63,51,0.460784,1.284000,0,0,48.826000,50
EmersonOaks,eriofasc,14.824,51,0.480392,2.194000,0,0,48.826000,7
EmersonOaks,eriofasc,17.326000000000001,51,0.500000,2.502000,0,0,48.826000,91
EmersonOaks,eriofasc,18.774999999999999,51,0.519608,1.449000,0,0,48.826000,93
EmersonOaks,eriofasc,20.145,51,0.539216,1.370000,0,0,48.826000,83
EmersonOaks,eriofasc,21.294,51,0.558824,1.149000,0,1,48.826000,59
EmersonOaks,eriofasc,22.009,51,0.578431,0.715000,0,1,48.826000,78
EmersonOaks,eriofasc,26.036000000000001,51,0.598039,4.027000,0,0,48.826000,86
EmersonOaks,eriofasc,27.286999999999999,51,0.617647,1.251000,0,0,48.826000,90
EmersonOaks,eriofasc,28.933,51,0.637255,1.646000,0,1,48.826000,53
EmersonOaks,eriofasc,29.768000000000001,51,0.656863,0.835000,0,1,48.826000,83
EmersonOaks,eriofasc,35.612000000000002,51,0.676471,5.844000,0,0,48.826000,47
EmersonOaks,eriofasc,42.253999999999998,51,0.696078,6.642000,0,0,48.826000,40
EmersonOaks,eriofasc,46.344000000000001,51,0.715686,4.090000,0,0,48.826000,78
EmersonOaks,eriofasc,47.356999999999999,51,0.735294,1.013000,0,4,48.826000,80
EmersonOaks,eriofasc,47.816000000000003,51,0.754902,0.459000,1,6,48.826000,38
EmersonOaks,eriofasc,47.895000000000003,51,0.774510,0.079000,1,6,48.826000,98
EmersonOaks,eriofasc,48.204000000000001,51,0.794118,0.309000,0,8,48.826000,41
EmersonOaks,eriofasc,48.307000000000002,51,0.813725,0.103000,1,9,48.826000,91
EmersonOaks,eriofasc,48.378,51,0.833333,0.071000,1,9,48.826000,72
EmersonOaks,eriofasc,48.719000000000001,51,0.852941,0.341000,0,10,48.826000,95
EmersonOaks,eriofasc,49.098999999999997,51,0.872549,0.380000,1,8,48.826000,89
EmersonOaks,eriofasc,49.142000000000003,51,0.892157,0.043000,1,8,48.826000,94
EmersonOaks,eriofasc,49.247999999999998,51,0.911765,0.106000,0,7,48.826000,55
EmersonOaks,eriofasc,49.375999999999998,51,0.931373,0.128000,1,7,48.826000,94
EmersonOaks,eriofasc,49.439,51,0.950980,0.063000,1,6,48.826000,91
EmersonOaks,eriofasc,50.368000000000002,51,0.970588,0.929000,0,3,48.826000,92
EmersonOaks,eriofasc,50.529000000000003,51,0.990196,0.161000,0,1,48.826000,95
EmersonOaks,eriofasc,1.776,52,0.009615,1.776000,0,3,47.938000,42
EmersonOaks,eriofasc,2.028,52,0.028846,0.252000,1,5,47.938000,78
EmersonOaks,eriofasc,2.0619999999999998,52,0.048077,0.034000,1,5,47.938000,83
EmersonOaks,eriofasc,2.2090000000000001,52,0.067308,0.147000,0,6,47.938000,7
EmersonOaks,eriofasc,2.8450000000000002,52,0.086538,0.636000,0,7,47.938000,10
EmersonOaks,eriofasc,3.0150000000000001,52,0.105769,0.170000,0,7,47.938000,91
EmersonOaks,eriofasc,3.1549999999999998,52,0.125000,0.140000,1,5,47.938000,9
EmersonOaks,eriofasc,3.2290000000000001,52,0.144231,0.074000,1,4,47.938000,64
EmersonOaks,eriofasc,3.742,52,0.163462,0.513000,0,4,47.938000,83
EmersonOaks,eriofasc,4.8680000000000003,52,0.182692,1.126000,0,1,47.938000,86
EmersonOaks,eriofasc,5.8609999999999998,52,0.201923,0.993000,0,2,47.938000,90
EmersonOaks,eriofasc,6.3310000000000004,52,0.221154,0.470000,0,1,47.938000,72
EmersonOaks,eriofasc,7.8460000000000001,52,0.240385,1.515000,0,2,47.938000,90
EmersonOaks,eriofasc,8.2650000000000006,52,0.259615,0.419000,0,2,47.938000,43
EmersonOaks,eriofasc,8.8360000000000003,52,0.278846,0.571000,0,2,47.938000,91
EmersonOaks,eriofasc,10.201000000000001,52,0.298077,1.365000,0,0,47.938000,83
EmersonOaks,eriofasc,12.394,52,0.317308,2.193000,0,1,47.938000,43
EmersonOaks,eriofasc,12.664999999999999,52,0.336538,0.271000,0,1,47.938000,94
EmersonOaks,eriofasc,13.958,52,0.355769,1.293000,0,1,47.938000,90
EmersonOaks,eriofasc,14.827999999999999,52,0.375000,0.870000,0,1,47.938000,72
EmersonOaks,eriofasc,16.315000000000001,52,0.394231,1.487000,0,1,47.938000,59
EmersonOaks,eriofasc,17.239000000000001,52,0.413462,0.924000,0,1,47.938000,91
EmersonOaks,eriofasc,18.774000000000001,52,0.432692,1.535000,0,0,47.938000,95
EmersonOaks,eriofasc,20.157,52,0.451923,1.383000,0,1,47.938000,83
EmersonOaks,eriofasc,20.527000000000001,52,0.471154,0.370000,0,2,47.938000,9
EmersonOaks,eriofasc,21.277000000000001,52,0.490385,0.750000,0,2,47.938000,95
EmersonOaks,eriofasc,21.974,52,0.509615,0.697000,0,1,47.938000,2
EmersonOaks,eriofasc,23.811,52,0.528846,1.837000,0,0,47.938000,91
EmersonOaks,eriofasc,24.867999999999999,52,0.548077,1.057000,0,1,47.938000,72
EmersonOaks,eriofasc,25.207000000000001,52,0.567308,0.339000,0,2,47.938000,86
EmersonOaks,eriofasc,27.385999999999999,52,0.605769,1.326000,0,0,47.938000,90
EmersonOaks,eriofasc,28.959,52,0.625000,1.573000,0,1,47.938000,86
EmersonOaks,eriofasc,29.875,52,0.644231,0.916000,0,2,47.938000,72
EmersonOaks,eriofasc,30.809000000000001,52,0.663462,0.934000,0,2,47.938000,23
EmersonOaks,eriofasc,31.135000000000002,52,0.682692,0.326000,0,1,47.938000,28
EmersonOaks,eriofasc,35.619,52,0.701923,4.484000,0,0,47.938000,83
EmersonOaks,eriofasc,42.255000000000003,52,0.721154,6.636000,0,0,47.938000,38
EmersonOaks,eriofasc,43.963999999999999,52,0.740385,1.709000,0,1,47.938000,25
EmersonOaks,eriofasc,44.463000000000001,52,0.759615,0.499000,0,1,47.938000,59
EmersonOaks,eriofasc,46.966999999999999,52,0.778846,2.504000,0,3,47.938000,87
EmersonOaks,eriofasc,47.368000000000002,52,0.798077,0.401000,0,6,47.938000,52
EmersonOaks,eriofasc,47.816000000000003,52,0.817308,0.448000,1,9,47.938000,72
EmersonOaks,eriofasc,47.893999999999998,52,0.836538,0.078000,1,9,47.938000,98
EmersonOaks,eriofasc,48.064,52,0.855769,0.170000,0,8,47.938000,52
EmersonOaks,eriofasc,48.206000000000003,52,0.875000,0.142000,0,9,47.938000,72
EmersonOaks,eriofasc,48.307000000000002,52,0.894231,0.101000,1,9,47.938000,91
EmersonOaks,eriofasc,48.378999999999998,52,0.913462,0.072000,1,8,47.938000,80
EmersonOaks,eriofasc,48.720999999999997,52,0.932692,0.342000,1,9,47.938000,96
EmersonOaks,eriofasc,48.771999999999998,52,0.951923,0.051000,1,9,47.938000,96
EmersonOaks,eriofasc,49.11,52,0.971154,0.338000,0,6,47.938000,64
EmersonOaks,eriofasc,49.713999999999999,52,0.990385,0.604000,0,3,47.938000,50
EmersonOaks,eriofasc,1.7829999999999999,37,0.013514,1.783000,0,2,47.648000,4
EmersonOaks,eriofasc,2.0619999999999998,37,0.040541,0.279000,0,4,47.648000,90
EmersonOaks,eriofasc,2.206,37,0.067568,0.144000,0,5,47.648000,7
EmersonOaks,eriofasc,2.843,37,0.094595,0.637000,0,6,47.648000,78
EmersonOaks,eriofasc,3.016,37,0.121622,0.173000,0,6,47.648000,91
EmersonOaks,eriofasc,3.1640000000000001,37,0.148649,0.148000,1,5,47.648000,10
EmersonOaks,eriofasc,3.2290000000000001,37,0.175676,0.065000,1,4,47.648000,72
EmersonOaks,eriofasc,3.7440000000000002,37,0.202703,0.515000,0,4,47.648000,90
EmersonOaks,eriofasc,4.8680000000000003,37,0.229730,1.124000,0,0,47.648000,96
EmersonOaks,eriofasc,6.3330000000000002,37,0.256757,1.465000,0,0,47.648000,86
EmersonOaks,eriofasc,7.8559999999999999,37,0.283784,1.523000,0,2,47.648000,90
EmersonOaks,eriofasc,8.266,37,0.310811,0.410000,0,2,47.648000,58
EmersonOaks,eriofasc,8.85,37,0.337838,0.584000,0,2,47.648000,83
EmersonOaks,eriofasc,12.683,37,0.364865,3.833000,0,0,47.648000,91
EmersonOaks,eriofasc,13.962,37,0.391892,1.279000,0,1,47.648000,74
EmersonOaks,eriofasc,14.836,37,0.418919,0.874000,0,1,47.648000,53
EmersonOaks,eriofasc,16.344999999999999,37,0.445946,1.509000,0,1,47.648000,83
EmersonOaks,eriofasc,17.273,37,0.472973,0.928000,0,1,47.648000,91
EmersonOaks,eriofasc,18.783000000000001,37,0.500000,1.510000,0,0,47.648000,91
EmersonOaks,eriofasc,20.158000000000001,37,0.527027,1.375000,0,1,47.648000,83
EmersonOaks,eriofasc,20.521999999999998,37,0.554054,0.364000,0,2,47.648000,83
EmersonOaks,eriofasc,21.276,37,0.581081,0.754000,0,2,47.648000,86
EmersonOaks,eriofasc,22.042999999999999,37,0.608108,0.767000,0,1,47.648000,94
EmersonOaks,eriofasc,26.027000000000001,37,0.635135,3.984000,0,0,47.648000,95
EmersonOaks,eriofasc,28.966999999999999,37,0.662162,2.940000,0,1,47.648000,91
EmersonOaks,eriofasc,29.893000000000001,37,0.689189,0.926000,0,1,47.648000,68
EmersonOaks,eriofasc,35.616999999999997,37,0.716216,5.724000,0,0,47.648000,64
EmersonOaks,eriofasc,46.966999999999999,37,0.743243,11.350000,0,2,47.648000,72
EmersonOaks,eriofasc,47.817999999999998,37,0.770270,0.851000,1,7,47.648000,72
EmersonOaks,eriofasc,47.893000000000001,37,0.797297,0.075000,1,7,47.648000,97
EmersonOaks,eriofasc,48.064999999999998,37,0.824324,0.172000,0,6,47.648000,72
EmersonOaks,eriofasc,48.215000000000003,37,0.851351,0.150000,1,7,47.648000,93
EmersonOaks,eriofasc,48.308999999999997,37,0.878378,0.094000,2,7,47.648000,80
EmersonOaks,eriofasc,48.381,37,0.905405,0.072000,1,7,47.648000,91
EmersonOaks,eriofasc,48.725000000000001,37,0.932432,0.344000,0,8,47.648000,96
EmersonOaks,eriofasc,49.113999999999997,37,0.959459,0.389000,0,5,47.648000,52
EmersonOaks,eriofasc,49.430999999999997,37,0.986486,0.317000,0,2,47.648000,64
EmersonOaks,quercusberb,1.7869999999999999,12,0.041667,1.787000,0,1,46.110000,5
EmersonOaks,quercusberb,2.0760000000000001,12,0.125000,0.289000,0,3,46.110000,90
EmersonOaks,quercusberb,2.843,12,0.208333,0.767000,0,5,46.110000,86
EmersonOaks,quercusberb,3.0129999999999999,12,0.291667,0.170000,0,5,46.110000,91
EmersonOaks,quercusberb,3.16,12,0.375000,0.147000,0,4,46.110000,11
EmersonOaks,quercusberb,3.266,12,0.458333,0.106000,0,4,46.110000,72
EmersonOaks,quercusberb,3.7490000000000001,12,0.541667,0.483000,0,4,46.110000,90
EmersonOaks,quercusberb,4.867,12,0.625000,1.118000,0,0,46.110000,90
EmersonOaks,quercusberb,5.9569999999999999,12,0.708333,1.090000,0,0,46.110000,91
EmersonOaks,quercusberb,8.9369999999999994,12,0.791667,2.980000,0,0,46.110000,83
EmersonOaks,quercusberb,46.966999999999999,12,0.875000,38.030000,0,1,46.110000,40
EmersonOaks,quercusberb,47.896999999999998,12,0.958333,0.930000,0,1,46.110000,97
EmersonOaks,quercusberb,2.0760000000000001,18,0.027778,2.076000,0,1,46.619000,91
EmersonOaks,quercusberb,2.9929999999999999,18,0.083333,0.917000,0,4,46.619000,87
EmersonOaks,quercusberb,3.1379999999999999,18,0.138889,0.145000,0,3,46.619000,30
EmersonOaks,quercusberb,3.24,18,0.194444,0.102000,0,3,46.619000,87
EmersonOaks,quercusberb,3.7330000000000001,18,0.250000,0.493000,0,3,46.619000,83
EmersonOaks,quercusberb,4.8070000000000004,18,0.305556,1.074000,0,0,46.619000,90
EmersonOaks,quercusberb,5.9720000000000004,18,0.361111,1.165000,0,0,46.619000,90
EmersonOaks,quercusberb,8.827,18,0.416667,2.855000,0,0,46.619000,86
EmersonOaks,quercusberb,18.721,18,0.472222,9.894000,0,0,46.619000,94
EmersonOaks,quercusberb,29.602,18,0.527778,10.881000,0,0,46.619000,90
EmersonOaks,quercusberb,35.305999999999997,18,0.583333,5.704000,0,0,46.619000,40
EmersonOaks,quercusberb,47.332000000000001,18,0.638889,12.026000,0,4,46.619000,38
EmersonOaks,quercusberb,47.780999999999999,18,0.694444,0.449000,1,6,46.619000,86
EmersonOaks,quercusberb,47.853000000000002,18,0.750000,0.072000,1,6,46.619000,98
EmersonOaks,quercusberb,48.030999999999999,18,0.805556,0.178000,0,6,46.619000,74
EmersonOaks,quercusberb,48.180999999999997,18,0.861111,0.150000,0,6,46.619000,74
EmersonOaks,quercusberb,48.347999999999999,18,0.916667,0.167000,0,5,46.619000,64
EmersonOaks,quercusberb,48.695,18,0.972222,0.347000,0,5,46.619000,96
EmersonOaks,quercusberb,2.0819999999999999,37,0.013514,2.082000,0,2,48.135000,90
EmersonOaks,quercusberb,2.8279999999999998,37,0.040541,0.746000,0,5,48.135000,9
EmersonOaks,quercusberb,3.0139999999999998,37,0.067568,0.186000,0,5,48.135000,91
EmersonOaks,quercusberb,3.1589999999999998,37,0.094595,0.145000,0,4,48.135000,10
EmersonOaks,quercusberb,3.2690000000000001,37,0.121622,0.110000,0,4,48.135000,90
EmersonOaks,quercusberb,3.742,37,0.148649,0.473000,0,4,48.135000,83
EmersonOaks,quercusberb,4.8600000000000003,37,0.175676,1.118000,0,0,48.135000,91
EmersonOaks,quercusberb,5.9219999999999997,37,0.202703,1.062000,0,1,48.135000,90
EmersonOaks,quercusberb,6.327,37,0.229730,0.405000,0,1,48.135000,38
EmersonOaks,quercusberb,7.8479999999999999,37,0.256757,1.521000,0,1,48.135000,90
EmersonOaks,quercusberb,8.2759999999999998,37,0.283784,0.428000,0,2,48.135000,25
EmersonOaks,quercusberb,8.8480000000000008,37,0.310811,0.572000,0,1,48.135000,91
EmersonOaks,quercusberb,10.323,37,0.337838,1.475000,0,0,48.135000,41
EmersonOaks,quercusberb,11.664,37,0.364865,1.341000,0,0,48.135000,64
EmersonOaks,quercusberb,12.683,37,0.391892,1.019000,0,0,48.135000,49
EmersonOaks,quercusberb,14.839,37,0.418919,2.156000,0,0,48.135000,64
EmersonOaks,quercusberb,18.739000000000001,37,0.445946,3.900000,0,0,48.135000,91
EmersonOaks,quercusberb,21.277999999999999,37,0.472973,2.539000,0,0,48.135000,59
EmersonOaks,quercusberb,35.621000000000002,37,0.500000,14.343000,0,0,48.135000,64
EmersonOaks,quercusberb,47.253999999999998,37,0.527027,11.633000,0,6,48.135000,87
EmersonOaks,quercusberb,47.372999999999998,37,0.554054,0.119000,0,7,48.135000,76
EmersonOaks,quercusberb,47.7,37,0.581081,0.327000,0,9,48.135000,50
EmersonOaks,quercusberb,47.814,37,0.608108,0.114000,1,10,48.135000,86
EmersonOaks,quercusberb,47.889000000000003,37,0.635135,0.075000,1,11,48.135000,98
EmersonOaks,quercusberb,48.058999999999997,37,0.662162,0.170000,0,12,48.135000,83
EmersonOaks,quercusberb,48.207000000000001,37,0.689189,0.148000,1,13,48.135000,95
EmersonOaks,quercusberb,48.304000000000002,37,0.716216,0.097000,2,13,48.135000,80
EmersonOaks,quercusberb,48.375,37,0.743243,0.071000,1,12,48.135000,87
EmersonOaks,quercusberb,48.655999999999999,37,0.770270,0.281000,1,13,48.135000,87
EmersonOaks,quercusberb,48.715000000000003,37,0.797297,0.059000,1,13,48.135000,96
EmersonOaks,quercusberb,48.847999999999999,37,0.824324,0.133000,0,12,48.135000,98
EmersonOaks,quercusberb,49.021999999999998,37,0.851351,0.174000,1,11,48.135000,95
EmersonOaks,quercusberb,49.091999999999999,37,0.878378,0.070000,1,10,48.135000,89
EmersonOaks,quercusberb,49.241999999999997,37,0.905405,0.150000,0,10,48.135000,90
EmersonOaks,quercusberb,49.438000000000002,37,0.932432,0.196000,0,8,48.135000,78
EmersonOaks,quercusberb,49.689,37,0.959459,0.251000,0,7,48.135000,95
EmersonOaks,quercusberb,50.216999999999999,37,0.986486,0.528000,0,3,48.135000,64
EmersonOaks,quercusberb,2.0830000000000002,24,0.020833,2.083000,0,2,47.021000,90
EmersonOaks,quercusberb,2.8420000000000001,24,0.062500,0.759000,0,5,47.021000,78
EmersonOaks,quercusberb,3.0169999999999999,24,0.104167,0.175000,0,5,47.021000,91
EmersonOaks,quercusberb,3.1589999999999998,24,0.145833,0.142000,0,4,47.021000,11
EmersonOaks,quercusberb,3.274,24,0.187500,0.115000,0,4,47.021000,90
EmersonOaks,quercusberb,3.738,24,0.229167,0.464000,0,4,47.021000,78
EmersonOaks,quercusberb,4.8739999999999997,24,0.270833,1.136000,0,0,47.021000,91
EmersonOaks,quercusberb,5.9279999999999999,24,0.312500,1.054000,0,1,47.021000,90
EmersonOaks,quercusberb,6.3310000000000004,24,0.354167,0.403000,0,1,47.021000,45
EmersonOaks,quercusberb,7.8529999999999998,24,0.395833,1.522000,0,0,47.021000,90
EmersonOaks,quercusberb,10.304,24,0.437500,2.451000,0,0,47.021000,47
EmersonOaks,quercusberb,12.699,24,0.479167,2.395000,0,0,47.021000,90
EmersonOaks,quercusberb,14.837,24,0.520833,2.138000,0,0,47.021000,59
EmersonOaks,quercusberb,18.783000000000001,24,0.562500,3.946000,0,0,47.021000,91
EmersonOaks,quercusberb,20.169,24,0.604167,1.386000,0,1,47.021000,83
EmersonOaks,quercusberb,20.532,24,0.645833,0.363000,0,2,47.021000,83
EmersonOaks,quercusberb,21.276,24,0.687500,0.744000,0,1,47.021000,72
EmersonOaks,quercusberb,47.817,24,0.729167,26.541000,1,5,47.021000,72
EmersonOaks,quercusberb,47.890999999999998,24,0.770833,0.074000,1,5,47.021000,95
EmersonOaks,quercusberb,48.066000000000003,24,0.812500,0.175000,0,5,47.021000,59
EmersonOaks,quercusberb,48.308,24,0.854167,0.242000,1,6,47.021000,87
EmersonOaks,quercusberb,48.38,24,0.895833,0.072000,1,6,47.021000,80
EmersonOaks,quercusberb,48.722000000000001,24,0.937500,0.342000,0,6,47.021000,90
EmersonOaks,quercusberb,49.103999999999999,24,0.979167,0.382000,0,3,47.021000,72
EmersonOaks,salmel,1.6950000000000001,87,0.005747,1.695000,1,8,48.740000,36
EmersonOaks,salmel,1.7809999999999999,87,0.017241,0.086000,1,8,48.740000,9
EmersonOaks,salmel,1.8959999999999999,87,0.028736,0.115000,0,9,48.740000,80
EmersonOaks,salmel,2.0270000000000001,87,0.040230,0.131000,1,11,48.740000,78
EmersonOaks,salmel,2.0670000000000002,87,0.051724,0.040000,1,11,48.740000,90
EmersonOaks,salmel,2.2050000000000001,87,0.063218,0.138000,0,12,48.740000,9
EmersonOaks,salmel,2.3359999999999999,87,0.074713,0.131000,0,12,48.740000,9
EmersonOaks,salmel,2.4510000000000001,87,0.086207,0.115000,0,12,48.740000,17
EmersonOaks,salmel,2.645,87,0.097701,0.194000,0,12,48.740000,9
EmersonOaks,salmel,2.84,87,0.109195,0.195000,1,11,48.740000,87
EmersonOaks,salmel,2.9369999999999998,87,0.120690,0.097000,2,10,48.740000,90
EmersonOaks,salmel,3.0139999999999998,87,0.132184,0.077000,1,10,48.740000,91
EmersonOaks,salmel,3.149,87,0.143678,0.135000,0,8,48.740000,12
EmersonOaks,salmel,3.7309999999999999,87,0.155172,0.582000,0,4,48.740000,72
EmersonOaks,salmel,4.8630000000000004,87,0.166667,1.132000,0,1,48.740000,90
EmersonOaks,salmel,5.7789999999999999,87,0.178161,0.916000,0,2,48.740000,32
EmersonOaks,salmel,6.319,87,0.189655,0.540000,0,1,48.740000,59
EmersonOaks,salmel,7.49,87,0.201149,1.171000,0,2,48.740000,90
EmersonOaks,salmel,7.8369999999999997,87,0.212644,0.347000,0,3,48.740000,91
EmersonOaks,salmel,8.2560000000000002,87,0.224138,0.419000,0,3,48.740000,50
EmersonOaks,salmel,8.8130000000000006,87,0.235632,0.557000,0,2,48.740000,83
EmersonOaks,salmel,10.263999999999999,87,0.247126,1.451000,0,0,48.740000,78
EmersonOaks,salmel,12.659000000000001,87,0.258621,2.395000,0,0,48.740000,91
EmersonOaks,salmel,14.81,87,0.270115,2.151000,0,1,48.740000,72
EmersonOaks,salmel,15.583,87,0.281609,0.773000,0,1,48.740000,91
EmersonOaks,salmel,16.847999999999999,87,0.293103,1.265000,0,2,48.740000,91
EmersonOaks,salmel,17.635999999999999,87,0.304598,0.788000,1,2,48.740000,64
EmersonOaks,salmel,17.637,87,0.316092,0.001000,1,2,48.740000,80
EmersonOaks,salmel,18.731999999999999,87,0.327586,1.095000,0,0,48.740000,91
EmersonOaks,salmel,20.085999999999999,87,0.339080,1.354000,0,1,48.740000,64
EmersonOaks,salmel,20.448,87,0.350575,0.362000,0,2,48.740000,64
EmersonOaks,salmel,21.155999999999999,87,0.362069,0.708000,0,2,48.740000,97
EmersonOaks,salmel,21.649000000000001,87,0.373563,0.493000,0,1,48.740000,96
EmersonOaks,salmel,23.434000000000001,87,0.385057,1.785000,0,2,48.740000,91
EmersonOaks,salmel,23.949000000000002,87,0.396552,0.515000,0,3,48.740000,96
EmersonOaks,salmel,24.366,87,0.408046,0.417000,0,4,48.740000,97
EmersonOaks,salmel,24.718,87,0.419540,0.352000,0,4,48.740000,94
EmersonOaks,salmel,25.103000000000002,87,0.431034,0.385000,0,3,48.740000,96
EmersonOaks,salmel,25.71,87,0.442529,0.607000,0,4,48.740000,96
EmersonOaks,salmel,26.3,87,0.454023,0.590000,0,3,48.740000,47
EmersonOaks,salmel,26.643000000000001,87,0.465517,0.343000,0,4,48.740000,96
EmersonOaks,salmel,27.055,87,0.477011,0.412000,0,4,48.740000,87
EmersonOaks,salmel,27.352,87,0.488506,0.297000,0,3,48.740000,93
EmersonOaks,salmel,27.791,87,0.500000,0.439000,0,3,48.740000,95
EmersonOaks,salmel,28.786999999999999,87,0.511494,0.996000,0,3,48.740000,97
EmersonOaks,salmel,29.109000000000002,87,0.522989,0.322000,0,2,48.740000,94
EmersonOaks,salmel,29.678000000000001,87,0.534483,0.569000,0,3,48.740000,94
EmersonOaks,salmel,30.510999999999999,87,0.545977,0.833000,0,3,48.740000,70
EmersonOaks,salmel,30.803000000000001,87,0.557471,0.292000,0,3,48.740000,68
EmersonOaks,salmel,31.181000000000001,87,0.568966,0.378000,0,3,48.740000,87
EmersonOaks,salmel,31.652999999999999,87,0.580460,0.472000,0,3,48.740000,91
EmersonOaks,salmel,32.322000000000003,87,0.591954,0.669000,0,2,48.740000,91
EmersonOaks,salmel,33.264000000000003,87,0.603448,0.942000,0,1,48.740000,58
EmersonOaks,salmel,34.970999999999997,87,0.614943,1.707000,0,1,48.740000,97
EmersonOaks,salmel,35.222999999999999,87,0.626437,0.252000,0,1,48.740000,95
EmersonOaks,salmel,36.225000000000001,87,0.637931,1.002000,0,0,48.740000,90
EmersonOaks,salmel,37.850999999999999,87,0.649425,1.626000,0,0,48.740000,96
EmersonOaks,salmel,39.581000000000003,87,0.660920,1.730000,0,1,48.740000,27
EmersonOaks,salmel,40.113,87,0.672414,0.532000,0,1,48.740000,43
EmersonOaks,salmel,42.204000000000001,87,0.683908,2.091000,0,0,48.740000,33
EmersonOaks,salmel,43.523000000000003,87,0.695402,1.319000,0,0,48.740000,80
EmersonOaks,salmel,45.572000000000003,87,0.706897,2.049000,0,3,48.740000,91
EmersonOaks,salmel,46.186,87,0.718391,0.614000,0,5,48.740000,93
EmersonOaks,salmel,46.302999999999997,87,0.729885,0.117000,0,5,48.740000,76
EmersonOaks,salmel,46.417000000000002,87,0.741379,0.114000,0,5,48.740000,83
EmersonOaks,salmel,46.848999999999997,87,0.752874,0.432000,0,5,48.740000,95
EmersonOaks,salmel,46.985999999999997,87,0.764368,0.137000,0,5,48.740000,90
EmersonOaks,salmel,47.768999999999998,87,0.775862,0.783000,0,6,48.740000,97
EmersonOaks,salmel,48.302999999999997,87,0.787356,0.534000,1,11,48.740000,74
EmersonOaks,salmel,48.357999999999997,87,0.798851,0.055000,1,11,48.740000,53
EmersonOaks,salmel,48.679000000000002,87,0.810345,0.321000,1,14,48.740000,93
EmersonOaks,salmel,48.719000000000001,87,0.821839,0.040000,1,14,48.740000,96
EmersonOaks,salmel,48.838999999999999,87,0.833333,0.120000,1,14,48.740000,98
EmersonOaks,salmel,48.866999999999997,87,0.844828,0.028000,1,14,48.740000,86
EmersonOaks,salmel,49.021999999999998,87,0.856322,0.155000,2,15,48.740000,95
EmersonOaks,salmel,49.067999999999998,87,0.867816,0.046000,3,15,48.740000,91
EmersonOaks,salmel,49.09,87,0.879310,0.022000,3,15,48.740000,55
EmersonOaks,salmel,49.143999999999998,87,0.890805,0.054000,3,15,48.740000,91
EmersonOaks,salmel,49.218000000000004,87,0.902299,0.074000,1,15,48.740000,91
EmersonOaks,salmel,49.44,87,0.913793,0.222000,0,16,48.740000,99
EmersonOaks,salmel,49.604999999999997,87,0.925287,0.165000,1,16,48.740000,97
EmersonOaks,salmel,49.661999999999999,87,0.936782,0.057000,1,16,48.740000,93
EmersonOaks,salmel,49.835000000000001,87,0.948276,0.173000,1,14,48.740000,99
EmersonOaks,salmel,49.917999999999999,87,0.959770,0.083000,1,12,48.740000,90
EmersonOaks,salmel,50.366,87,0.971264,0.448000,2,7,48.740000,98
EmersonOaks,salmel,50.393999999999998,87,0.982759,0.028000,2,7,48.740000,93
EmersonOaks,salmel,50.435000000000002,87,0.994253,0.041000,2,7,48.740000,95
EmersonOaks,salmel,1.786,59,0.008475,1.786000,0,3,48.746000,7
EmersonOaks,salmel,1.8939999999999999,59,0.025424,0.108000,0,4,48.746000,80
EmersonOaks,salmel,2.036,59,0.042373,0.142000,1,6,48.746000,27
EmersonOaks,salmel,2.0619999999999998,59,0.059322,0.026000,1,6,48.746000,86
EmersonOaks,salmel,2.8439999999999999,59,0.076271,0.782000,1,7,48.746000,86
EmersonOaks,salmel,2.94,59,0.093220,0.096000,2,6,48.746000,83
EmersonOaks,salmel,3.0139999999999998,59,0.110169,0.074000,1,6,48.746000,91
EmersonOaks,salmel,3.157,59,0.127119,0.143000,0,4,48.746000,10
EmersonOaks,salmel,3.7389999999999999,59,0.144068,0.582000,0,4,48.746000,83
EmersonOaks,salmel,4.8689999999999998,59,0.161017,1.130000,0,1,48.746000,86
EmersonOaks,salmel,4.9740000000000002,59,0.177966,0.105000,0,1,48.746000,49
EmersonOaks,salmel,6.33,59,0.194915,1.356000,0,0,48.746000,87
EmersonOaks,salmel,7.8520000000000003,59,0.211864,1.522000,0,1,48.746000,64
EmersonOaks,salmel,8.2560000000000002,59,0.228814,0.404000,0,1,48.746000,47
EmersonOaks,salmel,12.676,59,0.245763,4.420000,0,0,48.746000,86
EmersonOaks,salmel,16.859000000000002,59,0.262712,4.183000,0,0,48.746000,83
EmersonOaks,salmel,21.27,59,0.279661,4.411000,0,1,48.746000,94
EmersonOaks,salmel,21.939,59,0.296610,0.669000,0,1,48.746000,97
EmersonOaks,salmel,23.486000000000001,59,0.313559,1.547000,0,2,48.746000,91
EmersonOaks,salmel,23.806999999999999,59,0.330508,0.321000,0,2,48.746000,90
EmersonOaks,salmel,24.027000000000001,59,0.347458,0.220000,0,3,48.746000,91
EmersonOaks,salmel,24.876999999999999,59,0.364407,0.850000,0,2,48.746000,64
EmersonOaks,salmel,25.24,59,0.381356,0.363000,0,2,48.746000,96
EmersonOaks,salmel,25.957000000000001,59,0.398305,0.717000,0,2,48.746000,96
EmersonOaks,salmel,26.733000000000001,59,0.415254,0.776000,0,3,48.746000,94
EmersonOaks,salmel,27.120999999999999,59,0.432203,0.388000,0,3,48.746000,83
EmersonOaks,salmel,27.451000000000001,59,0.449153,0.330000,0,3,48.746000,97
EmersonOaks,salmel,27.902000000000001,59,0.466102,0.451000,0,2,48.746000,94
EmersonOaks,salmel,28.934999999999999,59,0.483051,1.033000,0,2,48.746000,97
EmersonOaks,salmel,29.257000000000001,59,0.500000,0.322000,0,2,48.746000,94
EmersonOaks,salmel,29.882999999999999,59,0.516949,0.626000,0,3,48.746000,94
EmersonOaks,salmel,30.564,59,0.533898,0.681000,0,1,48.746000,58
EmersonOaks,salmel,31.771000000000001,59,0.550847,1.207000,0,1,48.746000,91
EmersonOaks,salmel,32.390999999999998,59,0.567797,0.620000,0,2,48.746000,90
EmersonOaks,salmel,33.304000000000002,59,0.584746,0.913000,0,1,48.746000,37
EmersonOaks,salmel,34.826000000000001,59,0.601695,1.522000,0,2,48.746000,80
EmersonOaks,salmel,35.051000000000002,59,0.618644,0.225000,0,2,48.746000,96
EmersonOaks,salmel,35.47,59,0.635593,0.419000,0,3,48.746000,92
EmersonOaks,salmel,36.265999999999998,59,0.652542,0.796000,0,1,48.746000,90
EmersonOaks,salmel,45.594999999999999,59,0.669492,9.329000,0,3,48.746000,68
EmersonOaks,salmel,46.207999999999998,59,0.686441,0.613000,0,6,48.746000,43
EmersonOaks,salmel,46.331000000000003,59,0.703390,0.123000,0,6,48.746000,93
EmersonOaks,salmel,46.438000000000002,59,0.720339,0.107000,0,6,48.746000,59
EmersonOaks,salmel,46.87,59,0.737288,0.432000,1,6,48.746000,94
EmersonOaks,salmel,46.963999999999999,59,0.754237,0.094000,2,6,48.746000,89
EmersonOaks,salmel,47.012,59,0.771186,0.048000,1,6,48.746000,76
EmersonOaks,salmel,47.856000000000002,59,0.788136,0.844000,0,6,48.746000,96
EmersonOaks,salmel,48.408000000000001,59,0.805085,0.552000,0,6,48.746000,45
EmersonOaks,salmel,48.68,59,0.822034,0.272000,0,7,48.746000,97
EmersonOaks,salmel,48.85,59,0.838983,0.170000,1,8,48.746000,96
EmersonOaks,salmel,48.866999999999997,59,0.855932,0.017000,1,7,48.746000,90
EmersonOaks,salmel,49.219000000000001,59,0.872881,0.352000,0,9,48.746000,90
EmersonOaks,salmel,49.365000000000002,59,0.889831,0.146000,1,9,48.746000,49
EmersonOaks,salmel,49.432000000000002,59,0.906780,0.067000,1,9,48.746000,91
EmersonOaks,salmel,49.838999999999999,59,0.923729,0.407000,1,9,48.746000,43
EmersonOaks,salmel,49.920999999999999,59,0.940678,0.082000,1,7,48.746000,86
EmersonOaks,salmel,50.051000000000002,59,0.957627,0.130000,0,7,48.746000,68
EmersonOaks,salmel,50.411999999999999,59,0.974576,0.361000,0,5,48.746000,92
EmersonOaks,salmel,50.531999999999996,59,0.991525,0.120000,0,4,48.746000,64
EmersonOaks,salmel,1.903,68,0.007353,1.903000,0,1,48.486000,90
EmersonOaks,salmel,2.0680000000000001,68,0.022059,0.165000,0,3,48.486000,90
EmersonOaks,salmel,2.9380000000000002,68,0.036765,0.870000,1,4,48.486000,91
EmersonOaks,salmel,3.0139999999999998,68,0.051471,0.076000,1,4,48.486000,90
EmersonOaks,salmel,3.1320000000000001,68,0.066176,0.118000,0,3,48.486000,9
EmersonOaks,salmel,3.7330000000000001,68,0.080882,0.601000,0,3,48.486000,83
EmersonOaks,salmel,4.8659999999999997,68,0.095588,1.133000,0,0,48.486000,90
EmersonOaks,salmel,7.8490000000000002,68,0.110294,2.983000,0,1,48.486000,86
EmersonOaks,salmel,8.8130000000000006,68,0.125000,0.964000,0,1,48.486000,83
EmersonOaks,salmel,10.218,68,0.139706,1.405000,0,0,48.486000,83
EmersonOaks,salmel,16.849,68,0.154412,6.631000,0,0,48.486000,97
EmersonOaks,salmel,18.734999999999999,68,0.169118,1.886000,0,0,48.486000,91
EmersonOaks,salmel,21.154,68,0.183824,2.419000,0,1,48.486000,97
EmersonOaks,salmel,21.664999999999999,68,0.198529,0.511000,0,1,48.486000,96
EmersonOaks,salmel,23.405000000000001,68,0.213235,1.740000,0,2,48.486000,94
EmersonOaks,salmel,23.952999999999999,68,0.227941,0.548000,0,3,48.486000,96
EmersonOaks,salmel,24.367000000000001,68,0.242647,0.414000,0,4,48.486000,95
EmersonOaks,salmel,25.091999999999999,68,0.272059,0.388000,0,3,48.486000,96
EmersonOaks,salmel,25.690999999999999,68,0.286765,0.599000,0,4,48.486000,96
EmersonOaks,salmel,26.244,68,0.301471,0.553000,0,3,48.486000,58
EmersonOaks,salmel,26.643999999999998,68,0.316176,0.400000,0,5,48.486000,94
EmersonOaks,salmel,27.006,68,0.330882,0.362000,0,4,48.486000,83
EmersonOaks,salmel,27.292999999999999,68,0.345588,0.287000,0,3,48.486000,94
EmersonOaks,salmel,27.606999999999999,68,0.360294,0.314000,0,3,48.486000,95
EmersonOaks,salmel,28.623000000000001,68,0.375000,1.016000,0,2,48.486000,94
EmersonOaks,salmel,28.754999999999999,68,0.389706,0.132000,0,3,48.486000,97
EmersonOaks,salmel,29.053999999999998,68,0.404412,0.299000,0,3,48.486000,94
EmersonOaks,salmel,29.646999999999998,68,0.419118,0.593000,0,2,48.486000,94
EmersonOaks,salmel,31.07,68,0.433824,1.423000,0,1,48.486000,90
EmersonOaks,salmel,31.350999999999999,68,0.448529,0.281000,0,2,48.486000,91
EmersonOaks,salmel,32.244999999999997,68,0.463235,0.894000,0,2,48.486000,94
EmersonOaks,salmel,32.628,68,0.477941,0.383000,0,1,48.486000,90
EmersonOaks,salmel,34.972000000000001,68,0.492647,2.344000,0,1,48.486000,96
EmersonOaks,salmel,35.295999999999999,68,0.507353,0.324000,0,2,48.486000,92
EmersonOaks,salmel,36.22,68,0.522059,0.924000,0,1,48.486000,70
EmersonOaks,salmel,37.859000000000002,68,0.536765,1.639000,0,0,48.486000,96
EmersonOaks,salmel,45.572000000000003,68,0.551471,7.713000,0,3,48.486000,95
EmersonOaks,salmel,46.186,68,0.566176,0.614000,0,5,48.486000,94
EmersonOaks,salmel,46.304000000000002,68,0.580882,0.118000,0,6,48.486000,94
EmersonOaks,salmel,46.417999999999999,68,0.595588,0.114000,0,7,48.486000,81
EmersonOaks,salmel,46.850999999999999,68,0.610294,0.433000,0,8,48.486000,94
EmersonOaks,salmel,46.99,68,0.625000,0.139000,0,8,48.486000,87
EmersonOaks,salmel,47.22,68,0.639706,0.230000,0,8,48.486000,43
EmersonOaks,salmel,47.335999999999999,68,0.654412,0.116000,0,8,48.486000,30
EmersonOaks,salmel,47.497999999999998,68,0.669118,0.162000,0,8,48.486000,86
EmersonOaks,salmel,47.783999999999999,68,0.683824,0.286000,0,9,48.486000,97
EmersonOaks,salmel,48.088000000000001,68,0.698529,0.304000,0,11,48.486000,58
EmersonOaks,salmel,48.295000000000002,68,0.713235,0.207000,1,12,48.486000,60
EmersonOaks,salmel,48.354999999999997,68,0.727941,0.060000,1,11,48.486000,97
EmersonOaks,salmel,48.676000000000002,68,0.742647,0.321000,0,14,48.486000,91
EmersonOaks,salmel,48.847999999999999,68,0.757353,0.172000,1,14,48.486000,99
EmersonOaks,salmel,48.866999999999997,68,0.772059,0.019000,1,14,48.486000,62
EmersonOaks,salmel,49.021000000000001,68,0.786765,0.154000,1,15,48.486000,95
EmersonOaks,salmel,49.079000000000001,68,0.801471,0.058000,2,16,48.486000,70
EmersonOaks,salmel,49.148000000000003,68,0.816176,0.069000,2,15,48.486000,95
EmersonOaks,salmel,49.213000000000001,68,0.830882,0.065000,1,16,48.486000,91
EmersonOaks,salmel,49.439,68,0.845588,0.226000,0,17,48.486000,99
EmersonOaks,salmel,49.582999999999998,68,0.860294,0.144000,2,17,48.486000,92
EmersonOaks,salmel,49.610999999999997,68,0.875000,0.028000,2,17,48.486000,97
EmersonOaks,salmel,49.667000000000002,68,0.889706,0.056000,2,17,48.486000,96
EmersonOaks,salmel,49.834000000000003,68,0.904412,0.167000,1,16,48.486000,99
EmersonOaks,salmel,49.917999999999999,68,0.919118,0.084000,1,14,48.486000,70
EmersonOaks,salmel,50.046999999999997,68,0.933824,0.129000,0,13,48.486000,93
EmersonOaks,salmel,50.164000000000001,68,0.948529,0.117000,1,11,48.486000,98
EmersonOaks,salmel,50.222000000000001,68,0.963235,0.058000,1,10,48.486000,96
EmersonOaks,salmel,50.363999999999997,68,0.977941,0.142000,1,10,48.486000,98
EmersonOaks,salmel,50.389000000000003,68,0.992647,0.025000,1,10,48.486000,95
FortOrd,arcpumila,1.6970000000000001,8,0.062500,1.697000,0,1,47.641000,64
FortOrd,arcpumila,2.2109999999999999,8,0.187500,0.514000,0,3,47.641000,7
FortOrd,arcpumila,2.9929999999999999,8,0.312500,0.782000,0,3,47.641000,91
FortOrd,arcpumila,3.145,8,0.437500,0.152000,0,3,47.641000,10
FortOrd,arcpumila,3.7469999999999999,8,0.562500,0.602000,0,2,47.641000,83
FortOrd,arcpumila,4.7990000000000004,8,0.687500,1.052000,0,0,47.641000,91
FortOrd,arcpumila,48.695999999999998,8,0.812500,43.897000,0,1,47.641000,32
FortOrd,arcpumila,49.338000000000001,8,0.937500,0.642000,0,1,47.641000,87
FortOrd,arcpumila,2.2069999999999999,7,0.071429,2.207000,0,3,45.637000,9
FortOrd,arcpumila,2.8260000000000001,7,0.214286,0.619000,0,4,45.637000,12
FortOrd,arcpumila,2.9910000000000001,7,0.357143,0.165000,0,4,45.637000,91
FortOrd,arcpumila,3.1419999999999999,7,0.500000,0.151000,0,4,45.637000,17
FortOrd,arcpumila,3.7320000000000002,7,0.642857,0.590000,0,3,45.637000,74
FortOrd,arcpumila,4.7990000000000004,7,0.785714,1.067000,0,0,45.637000,90
FortOrd,arcpumila,47.844000000000001,7,0.928571,43.045000,0,0,45.637000,81
FortOrd,arcpumila,2.8679999999999999,7,0.071429,2.868000,0,1,46.462000,90
FortOrd,arcpumila,3.6560000000000001,7,0.214286,0.788000,0,2,46.462000,72
FortOrd,arcpumila,4.5869999999999997,7,0.357143,0.931000,0,1,46.462000,90
FortOrd,arcpumila,46.911000000000001,7,0.500000,42.324000,0,1,46.462000,90
FortOrd,arcpumila,47.540999999999997,7,0.642857,0.630000,0,2,46.462000,52
FortOrd,arcpumila,48.113999999999997,7,0.785714,0.573000,0,1,46.462000,64
FortOrd,arcpumila,49.33,7,0.928571,1.216000,0,0,46.462000,92
FortOrd,arcpumila,2.8929999999999998,6,0.083333,2.893000,0,1,45.451000,47
FortOrd,arcpumila,3.6989999999999998,6,0.250000,0.806000,0,2,45.451000,72
FortOrd,arcpumila,4.6840000000000002,6,0.416667,0.985000,0,1,45.451000,90
FortOrd,arcpumila,46.908999999999999,6,0.583333,42.225000,0,1,45.451000,78
FortOrd,arcpumila,47.314999999999998,6,0.750000,0.406000,0,1,45.451000,25
FortOrd,arcpumila,48.344000000000001,6,0.916667,1.029000,0,0,45.451000,86
FortOrd,artcal,2.0219999999999998,41,0.012195,2.022000,1,3,48.279000,9
FortOrd,artcal,2.0670000000000002,41,0.036585,0.045000,1,3,48.279000,90
FortOrd,artcal,2.2309999999999999,41,0.060976,0.164000,0,4,48.279000,5
FortOrd,artcal,2.988,41,0.085366,0.757000,0,5,48.279000,91
FortOrd,artcal,3.1339999999999999,41,0.109756,0.146000,0,3,48.279000,10
FortOrd,artcal,3.7189999999999999,41,0.134146,0.585000,0,2,48.279000,83
FortOrd,artcal,4.8019999999999996,41,0.158537,1.083000,0,0,48.279000,90
FortOrd,artcal,6.2089999999999996,41,0.182927,1.407000,0,1,48.279000,72
FortOrd,artcal,6.7060000000000004,41,0.207317,0.497000,0,1,48.279000,38
FortOrd,artcal,7.7309999999999999,41,0.231707,1.025000,0,0,48.279000,80
FortOrd,artcal,9.7520000000000007,41,0.256098,2.021000,0,1,48.279000,80
FortOrd,artcal,10.606999999999999,41,0.280488,0.855000,0,1,48.279000,50
FortOrd,artcal,16.619,41,0.304878,6.012000,0,0,48.279000,94
FortOrd,artcal,20.940999999999999,41,0.329268,4.322000,0,1,48.279000,91
FortOrd,artcal,21.657,41,0.353659,0.716000,0,1,48.279000,94
FortOrd,artcal,23.361000000000001,41,0.378049,1.704000,0,0,48.279000,90
FortOrd,artcal,24.824000000000002,41,0.402439,1.463000,0,0,48.279000,93
FortOrd,artcal,26.596,41,0.426829,1.772000,0,1,48.279000,90
FortOrd,artcal,27.015000000000001,41,0.451220,0.419000,0,2,48.279000,49
FortOrd,artcal,27.751999999999999,41,0.475610,0.737000,0,2,48.279000,94
FortOrd,artcal,28.625,41,0.500000,0.873000,0,3,48.279000,97
FortOrd,artcal,28.93,41,0.524390,0.305000,0,2,48.279000,83
FortOrd,artcal,29.495999999999999,41,0.548780,0.566000,0,2,48.279000,78
FortOrd,artcal,30.876000000000001,41,0.573171,1.380000,0,1,48.279000,58
FortOrd,artcal,31.420999999999999,41,0.597561,0.545000,0,2,48.279000,90
FortOrd,artcal,32.097000000000001,41,0.621951,0.676000,0,1,48.279000,86
FortOrd,artcal,34.731000000000002,41,0.646341,2.634000,0,1,48.279000,93
FortOrd,artcal,35.055,41,0.670732,0.324000,0,2,48.279000,96
FortOrd,artcal,35.883000000000003,41,0.695122,0.828000,0,1,48.279000,83
FortOrd,artcal,45.082000000000001,41,0.719512,9.199000,0,2,48.279000,95
FortOrd,artcal,45.320999999999998,41,0.743902,0.239000,0,3,48.279000,97
FortOrd,artcal,45.789000000000001,41,0.768293,0.468000,0,3,48.279000,94
FortOrd,artcal,46.177,41,0.792683,0.388000,0,3,48.279000,98
FortOrd,artcal,46.936,41,0.817073,0.759000,0,2,48.279000,70
FortOrd,artcal,47.417000000000002,41,0.841463,0.481000,0,2,48.279000,90
FortOrd,artcal,48.264000000000003,41,0.865854,0.847000,0,3,48.279000,70
FortOrd,artcal,48.816000000000003,41,0.890244,0.552000,0,3,48.279000,99
FortOrd,artcal,48.999000000000002,41,0.914634,0.183000,0,4,48.279000,95
FortOrd,artcal,49.279000000000003,41,0.939024,0.280000,0,3,48.279000,91
FortOrd,artcal,49.820999999999998,41,0.963415,0.542000,0,3,48.279000,94
FortOrd,artcal,50.301000000000002,41,0.987805,0.480000,0,1,48.279000,98
FortOrd,artcal,2.0329999999999999,59,0.008475,2.033000,0,1,48.253000,91
FortOrd,artcal,2.903,59,0.025424,0.870000,0,2,48.253000,91
FortOrd,artcal,3.681,59,0.042373,0.778000,0,1,48.253000,83
FortOrd,artcal,4.6980000000000004,59,0.059322,1.017000,0,0,48.253000,91
FortOrd,artcal,5.7519999999999998,59,0.076271,1.054000,0,2,48.253000,33
FortOrd,artcal,6.0670000000000002,59,0.093220,0.315000,0,2,48.253000,86
FortOrd,artcal,6.6520000000000001,59,0.110169,0.585000,0,3,48.253000,38
FortOrd,artcal,7.6340000000000003,59,0.127119,0.982000,0,2,48.253000,64
FortOrd,artcal,7.758,59,0.144068,0.124000,0,1,48.253000,28
FortOrd,artcal,9.65,59,0.161017,1.892000,0,1,48.253000,50
FortOrd,artcal,10.49,59,0.177966,0.840000,0,2,48.253000,58
FortOrd,artcal,11.246,59,0.194915,0.756000,0,1,48.253000,97
FortOrd,artcal,14.28,59,0.211864,3.034000,0,1,48.253000,96
FortOrd,artcal,15.092000000000001,59,0.228814,0.812000,0,1,48.253000,78
FortOrd,artcal,16.513999999999999,59,0.245763,1.422000,0,0,48.253000,95
FortOrd,artcal,19.541,59,0.262712,3.027000,0,0,48.253000,59
FortOrd,artcal,20.794,59,0.279661,1.253000,0,2,48.253000,97
FortOrd,artcal,21.521999999999998,59,0.296610,0.728000,0,2,48.253000,97
FortOrd,artcal,21.67,59,0.313559,0.148000,0,2,48.253000,90
FortOrd,artcal,23.245999999999999,59,0.330508,1.576000,0,0,48.253000,93
FortOrd,artcal,24.33,59,0.347458,1.084000,0,1,48.253000,96
FortOrd,artcal,24.722000000000001,59,0.364407,0.392000,0,2,48.253000,93
FortOrd,artcal,25.588999999999999,59,0.381356,0.867000,0,2,48.253000,76
FortOrd,artcal,26.504000000000001,59,0.398305,0.915000,0,4,48.253000,95
FortOrd,artcal,26.715,59,0.415254,0.211000,0,3,48.253000,76
FortOrd,artcal,26.917999999999999,59,0.432203,0.203000,0,3,48.253000,58
FortOrd,artcal,27.457999999999998,59,0.449153,0.540000,0,3,48.253000,94
FortOrd,artcal,28.515000000000001,59,0.466102,1.057000,0,2,48.253000,97
FortOrd,artcal,28.818000000000001,59,0.483051,0.303000,0,2,48.253000,94
FortOrd,artcal,29.420999999999999,59,0.500000,0.603000,0,2,48.253000,59
FortOrd,artcal,30.783999999999999,59,0.516949,1.363000,0,3,48.253000,90
FortOrd,artcal,31.016999999999999,59,0.533898,0.233000,0,3,48.253000,72
FortOrd,artcal,31.245000000000001,59,0.550847,0.228000,0,3,48.253000,90
FortOrd,artcal,31.553000000000001,59,0.567797,0.308000,0,3,48.253000,72
FortOrd,artcal,32.783999999999999,59,0.584746,1.231000,0,0,48.253000,9
FortOrd,artcal,34.716000000000001,59,0.601695,1.932000,0,0,48.253000,93
FortOrd,artcal,35.826999999999998,59,0.618644,1.111000,0,0,48.253000,74
FortOrd,artcal,37.540999999999997,59,0.635593,1.714000,0,1,48.253000,96
FortOrd,artcal,37.792000000000002,59,0.652542,0.251000,0,1,48.253000,91
FortOrd,artcal,40.281999999999996,59,0.669492,2.490000,0,0,48.253000,91
FortOrd,artcal,45.37,59,0.686441,5.088000,0,3,48.253000,96
FortOrd,artcal,45.773000000000003,59,0.703390,0.403000,0,3,48.253000,96
FortOrd,artcal,46.075000000000003,59,0.720339,0.302000,1,4,48.253000,90
FortOrd,artcal,46.162999999999997,59,0.737288,0.088000,1,4,48.253000,98
FortOrd,artcal,46.924999999999997,59,0.754237,0.762000,0,5,48.253000,50
FortOrd,artcal,47.183999999999997,59,0.771186,0.259000,0,5,48.253000,93
FortOrd,artcal,47.408000000000001,59,0.788136,0.224000,0,6,48.253000,86
FortOrd,artcal,47.704000000000001,59,0.805085,0.296000,0,7,48.253000,89
FortOrd,artcal,48.066000000000003,59,0.822034,0.362000,1,8,48.253000,93
FortOrd,artcal,48.137,59,0.838983,0.071000,1,8,48.253000,53
FortOrd,artcal,48.32,59,0.855932,0.183000,0,8,48.253000,90
FortOrd,artcal,48.432000000000002,59,0.872881,0.112000,0,7,48.253000,90
FortOrd,artcal,48.786999999999999,59,0.889831,0.355000,1,7,48.253000,70
FortOrd,artcal,48.802,59,0.906780,0.015000,1,7,48.253000,99
FortOrd,artcal,49.273000000000003,59,0.923729,0.471000,0,7,48.253000,62
FortOrd,artcal,49.64,59,0.940678,0.367000,0,6,48.253000,96
FortOrd,artcal,49.811999999999998,59,0.957627,0.172000,0,4,48.253000,99
FortOrd,artcal,50.075000000000003,59,0.974576,0.263000,0,4,48.253000,91
FortOrd,artcal,50.286000000000001,59,0.991525,0.211000,0,3,48.253000,89
FortOrd,artcal,2.0659999999999998,51,0.009804,2.066000,0,3,48.240000,90
FortOrd,artcal,2.2130000000000001,51,0.029412,0.147000,0,4,48.240000,7
FortOrd,artcal,2.8210000000000002,51,0.049020,0.608000,0,6,48.240000,72
FortOrd,artcal,2.9889999999999999,51,0.068627,0.168000,0,6,48.240000,91
FortOrd,artcal,3.1339999999999999,51,0.088235,0.145000,0,5,48.240000,11
FortOrd,artcal,3.5720000000000001,51,0.107843,0.438000,0,4,48.240000,64
FortOrd,artcal,3.7170000000000001,51,0.127451,0.145000,0,4,48.240000,72
FortOrd,artcal,4.7949999999999999,51,0.147059,1.078000,0,1,48.240000,90
FortOrd,artcal,5.6580000000000004,51,0.166667,0.863000,0,2,48.240000,64
FortOrd,artcal,6.2130000000000001,51,0.186275,0.555000,0,2,48.240000,94
FortOrd,artcal,6.71,51,0.205882,0.497000,0,1,48.240000,38
FortOrd,artcal,7.7560000000000002,51,0.225490,1.046000,0,0,48.240000,43
FortOrd,artcal,9.7840000000000007,51,0.245098,2.028000,0,0,48.240000,74
FortOrd,artcal,11.43,51,0.264706,1.646000,0,0,48.240000,94
FortOrd,artcal,14.345000000000001,51,0.284314,2.915000,0,0,48.240000,96
FortOrd,artcal,16.628,51,0.303922,2.283000,0,0,48.240000,76
FortOrd,artcal,20.943000000000001,51,0.323529,4.315000,0,1,48.240000,95
FortOrd,artcal,21.661000000000001,51,0.343137,0.718000,0,1,48.240000,95
FortOrd,artcal,23.414000000000001,51,0.362745,1.753000,0,0,48.240000,87
FortOrd,artcal,24.821000000000002,51,0.382353,1.407000,0,1,48.240000,91
FortOrd,artcal,25.631,51,0.401961,0.810000,0,2,48.240000,70
FortOrd,artcal,26.58,51,0.421569,0.949000,0,3,48.240000,92
FortOrd,artcal,26.968,51,0.441176,0.388000,0,2,48.240000,62
FortOrd,artcal,27.571999999999999,51,0.460784,0.604000,0,2,48.240000,94
FortOrd,artcal,28.577999999999999,51,0.480392,1.006000,0,2,48.240000,97
FortOrd,artcal,28.901,51,0.500000,0.323000,0,2,48.240000,83
FortOrd,artcal,29.446000000000002,51,0.519608,0.545000,0,2,48.240000,72
FortOrd,artcal,30.838000000000001,51,0.539216,1.392000,0,3,48.240000,81
FortOrd,artcal,31.106999999999999,51,0.558824,0.269000,0,3,48.240000,59
FortOrd,artcal,31.335000000000001,51,0.578431,0.228000,0,3,48.240000,90
FortOrd,artcal,31.706,51,0.598039,0.371000,0,3,48.240000,78
FortOrd,artcal,32.859000000000002,51,0.617647,1.153000,0,0,48.240000,56
FortOrd,artcal,34.718000000000004,51,0.637255,1.859000,0,1,48.240000,90
FortOrd,artcal,35.031999999999996,51,0.656863,0.314000,0,2,48.240000,90
FortOrd,artcal,35.878999999999998,51,0.676471,0.847000,0,1,48.240000,64
FortOrd,artcal,37.825000000000003,51,0.696078,1.946000,0,0,48.240000,64
FortOrd,artcal,40.295000000000002,51,0.715686,2.470000,0,1,48.240000,35
FortOrd,artcal,41.155999999999999,51,0.735294,0.861000,0,1,48.240000,38
FortOrd,artcal,45.457999999999998,51,0.754902,4.302000,0,3,48.240000,97
FortOrd,artcal,45.789000000000001,51,0.774510,0.331000,0,3,48.240000,89
FortOrd,artcal,46.087000000000003,51,0.794118,0.298000,1,4,48.240000,90
FortOrd,artcal,46.18,51,0.813725,0.093000,1,4,48.240000,98
FortOrd,artcal,46.941000000000003,51,0.833333,0.761000,0,4,48.240000,47
FortOrd,artcal,47.414999999999999,51,0.852941,0.474000,0,3,48.240000,90
FortOrd,artcal,47.81,51,0.872549,0.395000,0,3,48.240000,97
FortOrd,artcal,48.14,51,0.892157,0.330000,0,4,48.240000,50
FortOrd,artcal,48.816000000000003,51,0.911765,0.676000,0,4,48.240000,99
FortOrd,artcal,48.996000000000002,51,0.931373,0.180000,0,4,48.240000,95
FortOrd,artcal,49.183999999999997,51,0.950980,0.188000,0,3,48.240000,83
FortOrd,artcal,49.814,51,0.970588,0.630000,0,4,48.240000,99
FortOrd,artcal,50.305999999999997,51,0.990196,0.492000,0,1,48.240000,98
FortOrd,artcal,2.2149999999999999,59,0.008475,2.215000,0,3,48.201000,7
FortOrd,artcal,2.823,59,0.025424,0.608000,0,4,48.201000,86
FortOrd,artcal,2.99,59,0.042373,0.167000,0,4,48.201000,91
FortOrd,artcal,3.1309999999999998,59,0.059322,0.141000,0,4,48.201000,10
FortOrd,artcal,3.714,59,0.076271,0.583000,0,3,48.201000,40
FortOrd,artcal,4.798,59,0.093220,1.084000,0,0,48.201000,90
FortOrd,artcal,6.1130000000000004,59,0.110169,1.315000,1,2,48.201000,90
FortOrd,artcal,6.2060000000000004,59,0.127119,0.093000,1,2,48.201000,94
FortOrd,artcal,6.7050000000000001,59,0.144068,0.499000,0,3,48.201000,38
FortOrd,artcal,7.6890000000000001,59,0.161017,0.984000,0,2,48.201000,42
FortOrd,artcal,8.1720000000000006,59,0.177966,0.483000,0,1,48.201000,76
FortOrd,artcal,9.7110000000000003,59,0.194915,1.539000,0,1,48.201000,83
FortOrd,artcal,10.593,59,0.211864,0.882000,0,2,48.201000,52
FortOrd,artcal,11.442,59,0.228814,0.849000,0,1,48.201000,94
FortOrd,artcal,12.715,59,0.245763,1.273000,0,0,48.201000,50
FortOrd,artcal,14.558999999999999,59,0.262712,1.844000,0,1,48.201000,40
FortOrd,artcal,15.154,59,0.279661,0.595000,0,1,48.201000,72
FortOrd,artcal,16.22,59,0.296610,1.066000,0,2,48.201000,74
FortOrd,artcal,16.596,59,0.313559,0.376000,0,2,48.201000,95
FortOrd,artcal,17.164999999999999,59,0.330508,0.569000,0,3,48.201000,91
FortOrd,artcal,17.788,59,0.347458,0.623000,0,1,48.201000,87
FortOrd,artcal,20.856000000000002,59,0.364407,3.068000,0,1,48.201000,95
FortOrd,artcal,21.577999999999999,59,0.381356,0.722000,0,1,48.201000,95
FortOrd,artcal,23.276,59,0.398305,1.698000,0,0,48.201000,87
FortOrd,artcal,24.375,59,0.415254,1.099000,0,1,48.201000,96
FortOrd,artcal,24.72,59,0.432203,0.345000,0,1,48.201000,90
FortOrd,artcal,25.850999999999999,59,0.449153,1.131000,0,3,48.201000,95
FortOrd,artcal,25.959,59,0.466102,0.108000,0,3,48.201000,53
FortOrd,artcal,26.452999999999999,59,0.483051,0.494000,0,4,48.201000,96
FortOrd,artcal,26.805,59,0.500000,0.352000,0,4,48.201000,46
FortOrd,artcal,27.41,59,0.516949,0.605000,0,2,48.201000,95
FortOrd,artcal,28.428000000000001,59,0.533898,1.018000,0,2,48.201000,97
FortOrd,artcal,28.748000000000001,59,0.550847,0.320000,0,2,48.201000,94
FortOrd,artcal,29.152999999999999,59,0.567797,0.405000,0,2,48.201000,53
FortOrd,artcal,30.347000000000001,59,0.584746,1.194000,0,2,48.201000,38
FortOrd,artcal,30.718,59,0.601695,0.371000,0,2,48.201000,90
FortOrd,artcal,31.273,59,0.618644,0.555000,0,3,48.201000,91
FortOrd,artcal,31.931000000000001,59,0.635593,0.658000,0,1,48.201000,91
FortOrd,artcal,34.406999999999996,59,0.652542,2.476000,0,0,48.201000,94
FortOrd,artcal,35.726999999999997,59,0.669492,1.320000,0,0,48.201000,76
FortOrd,artcal,37.494999999999997,59,0.686441,1.768000,0,0,48.201000,97
FortOrd,artcal,44.423000000000002,59,0.703390,6.928000,1,2,48.201000,97
FortOrd,artcal,44.497,59,0.720339,0.074000,1,2,48.201000,92
FortOrd,artcal,44.67,59,0.737288,0.173000,0,2,48.201000,91
FortOrd,artcal,45.72,59,0.754237,1.050000,0,1,48.201000,97
FortOrd,artcal,46.048999999999999,59,0.771186,0.329000,0,2,48.201000,98
FortOrd,artcal,46.924999999999997,59,0.788136,0.876000,0,4,48.201000,81
FortOrd,artcal,47.176000000000002,59,0.805085,0.251000,0,4,48.201000,87
FortOrd,artcal,47.402999999999999,59,0.822034,0.227000,1,4,48.201000,64
FortOrd,artcal,47.475000000000001,59,0.838983,0.072000,1,5,48.201000,64
FortOrd,artcal,48.113,59,0.855932,0.638000,0,7,48.201000,49
FortOrd,artcal,48.429000000000002,59,0.872881,0.316000,0,6,48.201000,70
FortOrd,artcal,48.625,59,0.889831,0.196000,0,6,48.201000,70
FortOrd,artcal,48.728000000000002,59,0.906780,0.103000,1,6,48.201000,59
FortOrd,artcal,48.781999999999996,59,0.923729,0.054000,1,6,48.201000,64
FortOrd,artcal,49.276000000000003,59,0.940678,0.494000,0,5,48.201000,70
FortOrd,artcal,49.56,59,0.957627,0.284000,0,6,48.201000,72
FortOrd,artcal,50.298999999999999,59,0.974576,0.739000,0,2,48.201000,98
FortOrd,artcal,50.415999999999997,59,0.991525,0.117000,0,2,48.201000,93
FortOrd,ceanothrig,2.0219999999999998,17,0.029412,2.022000,1,4,47.309000,64
FortOrd,ceanothrig,2.06,17,0.088235,0.038000,1,4,47.309000,91
FortOrd,ceanothrig,2.2069999999999999,17,0.147059,0.147000,0,5,47.309000,9
FortOrd,ceanothrig,2.8239999999999998,17,0.205882,0.617000,0,6,47.309000,90
FortOrd,ceanothrig,2.9910000000000001,17,0.264706,0.167000,0,6,47.309000,91
FortOrd,ceanothrig,3.1419999999999999,17,0.323529,0.151000,0,4,47.309000,14
FortOrd,ceanothrig,3.7349999999999999,17,0.382353,0.593000,0,3,47.309000,83
FortOrd,ceanothrig,4.798,17,0.441176,1.063000,0,0,47.309000,90
FortOrd,ceanothrig,16.623999999999999,17,0.500000,11.826000,0,0,47.309000,80
FortOrd,ceanothrig,24.864999999999998,17,0.558824,8.241000,0,0,47.309000,78
FortOrd,ceanothrig,29.748000000000001,17,0.617647,4.883000,0,0,47.309000,78
FortOrd,ceanothrig,32.018000000000001,17,0.676471,2.270000,0,0,47.309000,9
FortOrd,ceanothrig,35.235999999999997,17,0.735294,3.218000,0,0,47.309000,43
FortOrd,ceanothrig,45.698,17,0.794118,10.462000,0,1,47.309000,91
FortOrd,ceanothrig,46.234999999999999,17,0.852941,0.537000,0,1,47.309000,47
FortOrd,ceanothrig,48.877000000000002,17,0.911765,2.642000,0,1,47.309000,30
FortOrd,ceanothrig,49.331000000000003,17,0.970588,0.454000,0,1,47.309000,96
FortOrd,ceanothrig,2.028,12,0.041667,2.028000,0,1,48.436000,64
FortOrd,ceanothrig,2.9940000000000002,12,0.125000,0.966000,0,1,48.436000,91
FortOrd,ceanothrig,4.8029999999999999,12,0.208333,1.809000,0,0,48.436000,90
FortOrd,ceanothrig,10.196,12,0.291667,5.393000,0,0,48.436000,83
FortOrd,ceanothrig,11.451000000000001,12,0.375000,1.255000,0,0,48.436000,86
FortOrd,ceanothrig,12.459,12,0.458333,1.008000,0,0,48.436000,80
FortOrd,ceanothrig,20.95,12,0.541667,8.491000,0,0,48.436000,78
FortOrd,ceanothrig,29.716999999999999,12,0.625000,8.767000,0,0,48.436000,72
FortOrd,ceanothrig,47.151000000000003,12,0.708333,17.434000,1,1,48.436000,45
FortOrd,ceanothrig,47.191000000000003,12,0.791667,0.040000,1,1,48.436000,72
FortOrd,ceanothrig,49.332000000000001,12,0.875000,2.141000,0,0,48.436000,87
FortOrd,ceanothrig,50.463999999999999,12,0.958333,1.132000,0,0,48.436000,60
FortOrd,ceanothrig,2.2330000000000001,8,0.062500,2.233000,0,2,45.608000,38
FortOrd,ceanothrig,2.9910000000000001,8,0.187500,0.758000,0,3,45.608000,91
FortOrd,ceanothrig,3.1389999999999998,8,0.312500,0.148000,0,3,45.608000,18
FortOrd,ceanothrig,3.74,8,0.437500,0.601000,0,2,45.608000,93
FortOrd,ceanothrig,4.7969999999999997,8,0.562500,1.057000,0,0,45.608000,90
FortOrd,ceanothrig,8.8710000000000004,8,0.687500,4.074000,0,0,45.608000,83
FortOrd,ceanothrig,20.945,8,0.812500,12.074000,0,0,45.608000,93
FortOrd,ceanothrig,47.841000000000001,8,0.937500,26.896000,0,0,45.608000,96
FortOrd,ceanothrig,47.765999999999998,9,0.055556,47.766000,0,1,2.728000,64
FortOrd,ceanothrig,48.115000000000002,9,0.166667,0.349000,0,1,2.728000,84
FortOrd,ceanothrig,49.222000000000001,9,0.277778,1.107000,0,4,2.728000,92
FortOrd,ceanothrig,49.426000000000002,9,0.388889,0.204000,0,5,2.728000,93
FortOrd,ceanothrig,49.731999999999999,9,0.500000,0.306000,0,6,2.728000,64
FortOrd,ceanothrig,49.988999999999997,9,0.611111,0.257000,0,6,2.728000,96
FortOrd,ceanothrig,50.212000000000003,9,0.722222,0.223000,0,6,2.728000,78
FortOrd,ceanothrig,50.331000000000003,9,0.833333,0.119000,0,5,2.728000,93
FortOrd,ceanothrig,50.494,9,0.944444,0.163000,0,4,2.728000,99
FortOrd,ericeric,1.7090000000000001,45,0.011111,1.709000,0,0,48.711000,36
FortOrd,ericeric,2.7650000000000001,45,0.033333,1.056000,0,4,48.711000,64
FortOrd,ericeric,2.923,45,0.055556,0.158000,0,4,48.711000,83
FortOrd,ericeric,3.133,45,0.077778,0.210000,0,4,48.711000,42
FortOrd,ericeric,3.4750000000000001,45,0.100000,0.342000,0,4,48.711000,72
FortOrd,ericeric,3.7,45,0.122222,0.225000,0,4,48.711000,86
FortOrd,ericeric,4.7270000000000003,45,0.144444,1.027000,0,0,48.711000,90
FortOrd,ericeric,16.582000000000001,45,0.166667,11.855000,0,0,48.711000,94
FortOrd,ericeric,20.734000000000002,45,0.188889,4.152000,0,1,48.711000,95
FortOrd,ericeric,21.579000000000001,45,0.211111,0.845000,0,3,48.711000,97
FortOrd,ericeric,21.745000000000001,45,0.233333,0.166000,0,2,48.711000,81
FortOrd,ericeric,22.564,45,0.255556,0.819000,0,3,48.711000,95
FortOrd,ericeric,23.451000000000001,45,0.277778,0.887000,0,2,48.711000,87
FortOrd,ericeric,24.39,45,0.300000,0.939000,0,2,48.711000,91
FortOrd,ericeric,24.751000000000001,45,0.322222,0.361000,0,1,48.711000,93
FortOrd,ericeric,26.294,45,0.344444,1.543000,0,2,48.711000,49
FortOrd,ericeric,26.555,45,0.366667,0.261000,0,3,48.711000,60
FortOrd,ericeric,27.062999999999999,45,0.388889,0.508000,0,3,48.711000,93
FortOrd,ericeric,27.486999999999998,45,0.411111,0.424000,0,2,48.711000,94
FortOrd,ericeric,28.638000000000002,45,0.433333,1.151000,0,2,48.711000,95
FortOrd,ericeric,28.905999999999999,45,0.455556,0.268000,0,2,48.711000,94
FortOrd,ericeric,29.571000000000002,45,0.477778,0.665000,0,2,48.711000,58
FortOrd,ericeric,30.800999999999998,45,0.500000,1.230000,0,0,48.711000,90
FortOrd,ericeric,32.097000000000001,45,0.522222,1.296000,0,0,48.711000,70
FortOrd,ericeric,34.738999999999997,45,0.544444,2.642000,0,0,48.711000,64
FortOrd,ericeric,45.695,45,0.566667,10.956000,0,1,48.711000,93
FortOrd,ericeric,46.344000000000001,45,0.588889,0.649000,0,4,48.711000,76
FortOrd,ericeric,46.905999999999999,45,0.611111,0.562000,0,3,48.711000,78
FortOrd,ericeric,47.125999999999998,45,0.633333,0.220000,0,4,48.711000,90
FortOrd,ericeric,47.308,45,0.655556,0.182000,0,4,48.711000,68
FortOrd,ericeric,48.031999999999996,45,0.677778,0.724000,0,8,48.711000,95
FortOrd,ericeric,48.325000000000003,45,0.700000,0.293000,0,6,48.711000,50
FortOrd,ericeric,48.576000000000001,45,0.722222,0.251000,1,7,48.711000,94
FortOrd,ericeric,48.667000000000002,45,0.744444,0.091000,2,7,48.711000,70
FortOrd,ericeric,48.73,45,0.766667,0.063000,3,7,48.711000,95
FortOrd,ericeric,48.781999999999996,45,0.788889,0.052000,2,8,48.711000,87
FortOrd,ericeric,48.816000000000003,45,0.811111,0.034000,2,9,48.711000,98
FortOrd,ericeric,49.387999999999998,45,0.833333,0.572000,0,11,48.711000,87
FortOrd,ericeric,49.753999999999998,45,0.855556,0.366000,1,9,48.711000,98
FortOrd,ericeric,49.811,45,0.877778,0.057000,1,8,48.711000,99
FortOrd,ericeric,50.143999999999998,45,0.900000,0.333000,1,7,48.711000,96
FortOrd,ericeric,50.189,45,0.922222,0.045000,2,7,48.711000,99
FortOrd,ericeric,50.246000000000002,45,0.944444,0.057000,1,7,48.711000,90
FortOrd,ericeric,50.348999999999997,45,0.966667,0.103000,1,7,48.711000,99
FortOrd,ericeric,50.42,45,0.988889,0.071000,1,6,48.711000,98
FortOrd,ericeric,2.036,49,0.010204,2.036000,0,1,48.391000,86
FortOrd,ericeric,2.9239999999999999,49,0.030612,0.888000,0,3,48.391000,87
FortOrd,ericeric,3.4729999999999999,49,0.051020,0.549000,0,2,48.391000,87
FortOrd,ericeric,3.6949999999999998,49,0.071429,0.222000,0,2,48.391000,78
FortOrd,ericeric,4.7249999999999996,49,0.091837,1.030000,0,0,48.391000,90
FortOrd,ericeric,5.7380000000000004,49,0.112245,1.013000,0,1,48.391000,59
FortOrd,ericeric,6.1139999999999999,49,0.132653,0.376000,0,1,48.391000,43
FortOrd,ericeric,7.6609999999999996,49,0.153061,1.547000,0,0,48.391000,90
FortOrd,ericeric,11.361000000000001,49,0.173469,3.700000,0,1,48.391000,56
FortOrd,ericeric,11.513999999999999,49,0.193878,0.153000,0,1,48.391000,43
FortOrd,ericeric,15.813000000000001,49,0.214286,4.299000,0,1,48.391000,91
FortOrd,ericeric,16.532,49,0.234694,0.719000,0,2,48.391000,94
FortOrd,ericeric,17.356999999999999,49,0.255102,0.825000,0,2,48.391000,83
FortOrd,ericeric,18.187000000000001,49,0.275510,0.830000,0,1,48.391000,93
FortOrd,ericeric,20.358000000000001,49,0.295918,2.171000,0,0,48.391000,95
FortOrd,ericeric,21.495000000000001,49,0.316327,1.137000,0,1,48.391000,95
FortOrd,ericeric,21.652999999999999,49,0.336735,0.158000,0,2,48.391000,93
FortOrd,ericeric,22.524000000000001,49,0.357143,0.871000,0,2,48.391000,94
FortOrd,ericeric,23.366,49,0.377551,0.842000,0,2,48.391000,87
FortOrd,ericeric,24.308,49,0.397959,0.942000,0,2,48.391000,97
FortOrd,ericeric,24.637,49,0.418367,0.329000,0,2,48.391000,90
FortOrd,ericeric,25.536999999999999,49,0.438776,0.900000,0,3,48.391000,97
FortOrd,ericeric,26.216999999999999,49,0.459184,0.680000,0,4,48.391000,47
FortOrd,ericeric,26.472999999999999,49,0.479592,0.256000,0,4,48.391000,91
FortOrd,ericeric,26.907,49,0.500000,0.434000,0,3,48.391000,94
FortOrd,ericeric,27.178999999999998,49,0.520408,0.272000,0,3,48.391000,97
FortOrd,ericeric,28.536000000000001,49,0.540816,1.357000,0,2,48.391000,97
FortOrd,ericeric,28.782,49,0.561224,0.246000,0,2,48.391000,94
FortOrd,ericeric,29.286999999999999,49,0.581633,0.505000,0,2,48.391000,94
FortOrd,ericeric,30.553000000000001,49,0.602041,1.266000,0,2,48.391000,76
FortOrd,ericeric,30.818000000000001,49,0.622449,0.265000,0,2,48.391000,93
FortOrd,ericeric,31.387,49,0.642857,0.569000,0,3,48.391000,72
FortOrd,ericeric,32.072000000000003,49,0.663265,0.685000,0,1,48.391000,89
FortOrd,ericeric,34.731000000000002,49,0.683673,2.659000,0,1,48.391000,96
FortOrd,ericeric,35.322000000000003,49,0.704082,0.591000,0,1,48.391000,72
FortOrd,ericeric,37.578000000000003,49,0.724490,2.256000,0,0,48.391000,96
FortOrd,ericeric,45.661999999999999,49,0.744898,8.084000,0,1,48.391000,49
FortOrd,ericeric,46.34,49,0.765306,0.678000,0,1,48.391000,72
FortOrd,ericeric,47.786999999999999,49,0.785714,1.447000,0,4,48.391000,93
FortOrd,ericeric,48.027999999999999,49,0.806122,0.241000,0,5,48.391000,83
FortOrd,ericeric,48.161999999999999,49,0.826531,0.134000,0,5,48.391000,97
FortOrd,ericeric,48.323,49,0.846939,0.161000,0,5,48.391000,83
FortOrd,ericeric,48.578000000000003,49,0.867347,0.255000,0,7,48.391000,94
FortOrd,ericeric,48.814,49,0.887755,0.236000,0,7,48.391000,97
FortOrd,ericeric,49.33,49,0.908163,0.516000,1,5,48.391000,93
FortOrd,ericeric,49.381999999999998,49,0.928571,0.052000,1,5,48.391000,46
FortOrd,ericeric,49.811999999999998,49,0.948980,0.430000,0,5,48.391000,95
FortOrd,ericeric,50.189,49,0.969388,0.377000,0,4,48.391000,99
FortOrd,ericeric,50.427,49,0.989796,0.238000,0,2,48.391000,99
FortOrd,ericeric,2.0680000000000001,70,0.007143,2.068000,0,2,48.354000,90
FortOrd,ericeric,2.2200000000000002,70,0.021429,0.152000,0,3,48.354000,7
FortOrd,ericeric,2.996,70,0.035714,0.776000,0,5,48.354000,50
FortOrd,ericeric,3.125,70,0.050000,0.129000,0,4,48.354000,50
FortOrd,ericeric,3.5720000000000001,70,0.064286,0.447000,0,3,48.354000,87
FortOrd,ericeric,3.7210000000000001,70,0.078571,0.149000,0,3,48.354000,78
FortOrd,ericeric,4.7949999999999999,70,0.092857,1.074000,0,1,48.354000,86
FortOrd,ericeric,5.5650000000000004,70,0.107143,0.770000,0,2,48.354000,28
FortOrd,ericeric,6.1150000000000002,70,0.121429,0.550000,0,2,48.354000,86
FortOrd,ericeric,6.7119999999999997,70,0.135714,0.597000,0,1,48.354000,37
FortOrd,ericeric,7.72,70,0.150000,1.008000,0,0,48.354000,90
FortOrd,ericeric,10.012,70,0.164286,2.292000,0,0,48.354000,72
FortOrd,ericeric,11.53,70,0.178571,1.518000,0,1,48.354000,50
FortOrd,ericeric,12.478999999999999,70,0.192857,0.949000,0,2,48.354000,49
FortOrd,ericeric,13.375,70,0.207143,0.896000,0,1,48.354000,38
FortOrd,ericeric,15.832000000000001,70,0.221429,2.457000,0,1,48.354000,97
FortOrd,ericeric,16.510000000000002,70,0.235714,0.678000,0,3,48.354000,95
FortOrd,ericeric,17.082999999999998,70,0.250000,0.573000,0,2,48.354000,93
FortOrd,ericeric,17.335000000000001,70,0.264286,0.252000,0,3,48.354000,78
FortOrd,ericeric,18.09,70,0.278571,0.755000,0,2,48.354000,93
FortOrd,ericeric,18.661000000000001,70,0.292857,0.571000,0,2,48.354000,70
FortOrd,ericeric,19.352,70,0.307143,0.691000,0,3,48.354000,72
FortOrd,ericeric,19.795999999999999,70,0.321429,0.444000,0,2,48.354000,59
FortOrd,ericeric,20.015999999999998,70,0.335714,0.220000,0,2,48.354000,97
FortOrd,ericeric,21.411999999999999,70,0.350000,1.396000,0,1,48.354000,97
FortOrd,ericeric,21.597999999999999,70,0.364286,0.186000,0,2,48.354000,91
FortOrd,ericeric,22.471,70,0.378571,0.873000,0,2,48.354000,95
FortOrd,ericeric,23.327000000000002,70,0.392857,0.856000,0,2,48.354000,94
FortOrd,ericeric,24.158999999999999,70,0.407143,0.832000,0,2,48.354000,96
FortOrd,ericeric,24.515000000000001,70,0.421429,0.356000,0,2,48.354000,90
FortOrd,ericeric,25.422999999999998,70,0.435714,0.908000,0,3,48.354000,96
FortOrd,ericeric,26.102,70,0.450000,0.679000,0,4,48.354000,47
FortOrd,ericeric,26.356000000000002,70,0.464286,0.254000,0,4,48.354000,95
FortOrd,ericeric,26.748000000000001,70,0.478571,0.392000,0,3,48.354000,94
FortOrd,ericeric,26.946000000000002,70,0.492857,0.198000,0,3,48.354000,95
FortOrd,ericeric,28.428999999999998,70,0.507143,1.483000,0,2,48.354000,97
FortOrd,ericeric,28.63,70,0.521429,0.201000,0,2,48.354000,94
FortOrd,ericeric,29.242000000000001,70,0.535714,0.612000,0,2,48.354000,94
FortOrd,ericeric,30.786999999999999,70,0.550000,1.545000,0,1,48.354000,91
FortOrd,ericeric,31.363,70,0.564286,0.576000,0,2,48.354000,91
FortOrd,ericeric,32.017000000000003,70,0.578571,0.654000,0,1,48.354000,90
FortOrd,ericeric,33.018000000000001,70,0.592857,1.001000,0,0,48.354000,50
FortOrd,ericeric,34.668999999999997,70,0.607143,1.651000,0,1,48.354000,96
FortOrd,ericeric,35.506,70,0.621429,0.837000,0,2,48.354000,62
FortOrd,ericeric,35.863999999999997,70,0.635714,0.358000,0,1,48.354000,94
FortOrd,ericeric,37.526000000000003,70,0.650000,1.662000,0,0,48.354000,96
FortOrd,ericeric,39.454999999999998,70,0.664286,1.929000,0,0,48.354000,46
FortOrd,ericeric,41.951999999999998,70,0.678571,2.497000,0,2,48.354000,47
FortOrd,ericeric,42.253,70,0.692857,0.301000,0,2,48.354000,59
FortOrd,ericeric,42.917999999999999,70,0.707143,0.665000,0,2,48.354000,58
FortOrd,ericeric,44.926000000000002,70,0.721429,2.008000,0,2,48.354000,64
FortOrd,ericeric,45.408999999999999,70,0.735714,0.483000,0,2,48.354000,64
FortOrd,ericeric,45.661999999999999,70,0.750000,0.253000,0,2,48.354000,91
FortOrd,ericeric,47.122,70,0.764286,1.460000,0,5,48.354000,95
FortOrd,ericeric,47.32,70,0.778571,0.198000,0,7,48.354000,93
FortOrd,ericeric,47.512999999999998,70,0.792857,0.193000,0,7,48.354000,38
FortOrd,ericeric,47.665999999999997,70,0.807143,0.153000,0,8,48.354000,64
FortOrd,ericeric,47.78,70,0.821429,0.114000,0,9,48.354000,94
FortOrd,ericeric,48.017000000000003,70,0.835714,0.237000,0,11,48.354000,95
FortOrd,ericeric,48.155000000000001,70,0.850000,0.138000,0,10,48.354000,97
FortOrd,ericeric,48.314,70,0.864286,0.159000,0,10,48.354000,52
FortOrd,ericeric,48.57,70,0.878571,0.256000,0,9,48.354000,96
FortOrd,ericeric,48.73,70,0.892857,0.160000,1,9,48.354000,96
FortOrd,ericeric,48.808,70,0.907143,0.078000,1,8,48.354000,99
FortOrd,ericeric,48.996000000000002,70,0.921429,0.188000,0,9,48.354000,95
FortOrd,ericeric,49.378999999999998,70,0.935714,0.383000,0,7,48.354000,89
FortOrd,ericeric,49.640999999999998,70,0.950000,0.262000,0,7,48.354000,64
FortOrd,ericeric,49.811,70,0.964286,0.170000,0,5,48.354000,99
FortOrd,ericeric,50.186,70,0.978571,0.375000,0,4,48.354000,99
FortOrd,ericeric,50.421999999999997,70,0.992857,0.236000,0,3,48.354000,98
FortOrd,lupcham,1.7050000000000001,14,0.035714,1.705000,0,0,48.766000,38
FortOrd,lupcham,2.746,14,0.107143,1.041000,0,2,48.766000,25
FortOrd,lupcham,3.0840000000000001,14,0.178571,0.338000,0,2,48.766000,25
FortOrd,lupcham,3.694,14,0.250000,0.610000,0,3,48.766000,78
FortOrd,lupcham,4.694,14,0.321429,1.000000,1,2,48.766000,90
FortOrd,lupcham,4.7619999999999996,14,0.392857,0.068000,1,1,48.766000,49
FortOrd,lupcham,27.032,14,0.464286,22.270000,0,0,48.766000,68
FortOrd,lupcham,28.507999999999999,14,0.535714,1.476000,0,0,48.766000,38
FortOrd,lupcham,29.544,14,0.607143,1.036000,0,0,48.766000,78
FortOrd,lupcham,46.261000000000003,14,0.678571,16.717000,0,1,48.766000,78
FortOrd,lupcham,47.177,14,0.750000,0.916000,0,1,48.766000,52
FortOrd,lupcham,49.237000000000002,14,0.821429,2.060000,0,1,48.766000,58
FortOrd,lupcham,49.817,14,0.892857,0.580000,0,2,48.766000,59
FortOrd,lupcham,50.470999999999997,14,0.964286,0.654000,0,1,48.766000,58
FortOrd,lupcham,2.0059999999999998,11,0.045455,2.006000,0,2,45.176000,42
FortOrd,lupcham,2.2330000000000001,11,0.136364,0.227000,0,3,45.176000,38
FortOrd,lupcham,2.98,11,0.227273,0.747000,0,4,45.176000,91
FortOrd,lupcham,3.1339999999999999,11,0.318182,0.154000,0,3,45.176000,9
FortOrd,lupcham,3.7280000000000002,11,0.409091,0.594000,0,2,45.176000,83
FortOrd,lupcham,4.7869999999999999,11,0.500000,1.059000,0,0,45.176000,90
FortOrd,lupcham,27.068999999999999,11,0.590909,22.282000,0,0,45.176000,72
FortOrd,lupcham,29.617000000000001,11,0.681818,2.548000,0,0,45.176000,78
FortOrd,lupcham,46.908999999999999,11,0.772727,17.292000,0,2,45.176000,9
FortOrd,lupcham,47.145000000000003,11,0.863636,0.236000,1,2,45.176000,56
FortOrd,lupcham,47.182000000000002,11,0.954545,0.037000,1,2,45.176000,59
FortOrd,lupcham,2.016,21,0.023810,2.016000,1,3,47.209000,64
FortOrd,lupcham,2.0619999999999998,21,0.071429,0.046000,1,3,47.209000,86
FortOrd,lupcham,2.1949999999999998,21,0.119048,0.133000,0,4,47.209000,9
FortOrd,lupcham,2.988,21,0.166667,0.793000,0,5,47.209000,91
FortOrd,lupcham,3.1339999999999999,21,0.214286,0.146000,0,3,47.209000,10
FortOrd,lupcham,3.7280000000000002,21,0.261905,0.594000,0,2,47.209000,74
FortOrd,lupcham,4.79,21,0.309524,1.062000,0,1,47.209000,90
FortOrd,lupcham,5.04,21,0.357143,0.250000,0,1,47.209000,9
FortOrd,lupcham,8.7929999999999993,21,0.404762,3.753000,0,0,47.209000,83
FortOrd,lupcham,10.119,21,0.452381,1.326000,0,0,47.209000,78
FortOrd,lupcham,26.954999999999998,21,0.500000,16.836000,0,1,47.209000,87
FortOrd,lupcham,27.614000000000001,21,0.547619,0.659000,0,2,47.209000,53
FortOrd,lupcham,28.518000000000001,21,0.595238,0.904000,0,2,47.209000,55
FortOrd,lupcham,29.478999999999999,21,0.642857,0.961000,0,1,47.209000,72
FortOrd,lupcham,30.763999999999999,21,0.690476,1.285000,0,0,47.209000,40
FortOrd,lupcham,41.954999999999998,21,0.738095,11.191000,0,0,47.209000,38
FortOrd,lupcham,46.052999999999997,21,0.785714,4.098000,0,1,47.209000,78
FortOrd,lupcham,46.253999999999998,21,0.833333,0.201000,0,1,47.209000,83
FortOrd,lupcham,47.305,21,0.880952,1.051000,0,1,47.209000,91
FortOrd,lupcham,48.106999999999999,21,0.928571,0.802000,0,1,47.209000,93
FortOrd,lupcham,49.225000000000001,21,0.976190,1.118000,0,0,47.209000,81
FortOrd,lupcham,2.0350000000000001,15,0.033333,2.035000,0,3,47.199000,50
FortOrd,lupcham,2.226,15,0.100000,0.191000,0,4,47.199000,7
FortOrd,lupcham,2.8239999999999998,15,0.166667,0.598000,0,5,47.199000,90
FortOrd,lupcham,2.9809999999999999,15,0.233333,0.157000,0,5,47.199000,91
FortOrd,lupcham,3.14,15,0.300000,0.159000,0,4,47.199000,11
FortOrd,lupcham,3.7360000000000002,15,0.366667,0.596000,0,3,47.199000,83
FortOrd,lupcham,4.798,15,0.433333,1.062000,1,2,47.199000,90
FortOrd,lupcham,4.8600000000000003,15,0.500000,0.062000,1,2,47.199000,47
FortOrd,lupcham,5.0529999999999999,15,0.566667,0.193000,0,2,47.199000,50
FortOrd,lupcham,11.589,15,0.633333,6.536000,0,0,47.199000,9
FortOrd,lupcham,26.98,15,0.700000,15.391000,0,0,47.199000,87
FortOrd,lupcham,29.582000000000001,15,0.766667,2.602000,0,0,47.199000,83
FortOrd,lupcham,45.686999999999998,15,0.833333,16.105000,0,1,47.199000,53
FortOrd,lupcham,46.308999999999997,15,0.900000,0.622000,0,1,47.199000,64
FortOrd,lupcham,49.234000000000002,15,0.966667,2.925000,0,0,47.199000,47
FortOrd,lupcham,2.9910000000000001,3,0.166667,2.991000,0,1,1.806000,91
FortOrd,lupcham,3.7410000000000001,3,0.500000,0.750000,0,1,1.806000,47
FortOrd,lupcham,4.7969999999999997,3,0.833333,1.056000,0,0,1.806000,90
Lassen,abiescon,2.008,30,0.016667,2.008000,0,0,47.798000,80
Lassen,abiescon,15.449,30,0.050000,13.441000,0,0,47.798000,78
Lassen,abiescon,17.04,30,0.083333,1.591000,0,1,47.798000,86
Lassen,abiescon,17.843,30,0.116667,0.803000,0,1,47.798000,87
Lassen,abiescon,20.530999999999999,30,0.150000,2.688000,0,2,47.798000,94
Lassen,abiescon,21.285,30,0.183333,0.754000,0,2,47.798000,94
Lassen,abiescon,21.504000000000001,30,0.216667,0.219000,0,3,47.798000,94
Lassen,abiescon,22.446000000000002,30,0.250000,0.942000,0,2,47.798000,97
Lassen,abiescon,23.303000000000001,30,0.283333,0.857000,0,2,47.798000,97
Lassen,abiescon,24.087,30,0.316667,0.784000,0,2,47.798000,96
Lassen,abiescon,24.504999999999999,30,0.350000,0.418000,0,2,47.798000,97
Lassen,abiescon,25.295000000000002,30,0.383333,0.790000,0,3,47.798000,97
Lassen,abiescon,26.029,30,0.416667,0.734000,0,4,47.798000,58
Lassen,abiescon,26.265000000000001,30,0.450000,0.236000,0,4,47.798000,53
Lassen,abiescon,26.74,30,0.483333,0.475000,0,3,47.798000,90
Lassen,abiescon,27.016999999999999,30,0.516667,0.277000,0,3,47.798000,94
Lassen,abiescon,28.422999999999998,30,0.550000,1.406000,0,2,47.798000,93
Lassen,abiescon,28.620999999999999,30,0.583333,0.198000,0,2,47.798000,64
Lassen,abiescon,29.24,30,0.616667,0.619000,0,2,47.798000,87
Lassen,abiescon,30.571999999999999,30,0.650000,1.332000,0,0,47.798000,90
Lassen,abiescon,31.742999999999999,30,0.683333,1.171000,0,0,47.798000,83
Lassen,abiescon,46.905000000000001,30,0.716667,15.162000,0,1,47.798000,87
Lassen,abiescon,47.796999999999997,30,0.750000,0.892000,0,5,47.798000,97
Lassen,abiescon,48.009,30,0.783333,0.212000,0,4,47.798000,91
Lassen,abiescon,48.305,30,0.816667,0.296000,0,6,47.798000,35
Lassen,abiescon,48.558,30,0.850000,0.253000,1,6,47.798000,64
Lassen,abiescon,48.637,30,0.883333,0.079000,1,6,47.798000,90
Lassen,abiescon,49.091000000000001,30,0.916667,0.454000,0,5,47.798000,58
Lassen,abiescon,49.228000000000002,30,0.950000,0.137000,0,5,47.798000,50
Lassen,abiescon,49.805999999999997,30,0.983333,0.578000,0,2,47.798000,96
Lassen,abiescon,2.0270000000000001,30,0.016667,2.027000,1,3,48.307000,86
Lassen,abiescon,2.0670000000000002,30,0.050000,0.040000,1,3,48.307000,58
Lassen,abiescon,2.2229999999999999,30,0.083333,0.156000,0,3,48.307000,50
Lassen,abiescon,2.9569999999999999,30,0.116667,0.734000,0,5,48.307000,91
Lassen,abiescon,3.3260000000000001,30,0.150000,0.369000,0,2,48.307000,9
Lassen,abiescon,3.7120000000000002,30,0.183333,0.386000,0,2,48.307000,83
Lassen,abiescon,4.7510000000000003,30,0.216667,1.039000,0,1,48.307000,90
Lassen,abiescon,5.6760000000000002,30,0.250000,0.925000,0,1,48.307000,10
Lassen,abiescon,7.67,30,0.283333,1.994000,0,0,48.307000,90
Lassen,abiescon,14.36,30,0.316667,6.690000,0,0,48.307000,64
Lassen,abiescon,16.861999999999998,30,0.350000,2.502000,0,0,48.307000,9
Lassen,abiescon,20.827999999999999,30,0.383333,3.966000,0,1,48.307000,95
Lassen,abiescon,21.532,30,0.416667,0.704000,0,1,48.307000,95
Lassen,abiescon,26.166,30,0.450000,4.634000,0,0,48.307000,91
Lassen,abiescon,27.405999999999999,30,0.483333,1.240000,0,0,48.307000,94
Lassen,abiescon,28.597000000000001,30,0.516667,1.191000,0,2,48.307000,52
Lassen,abiescon,28.861000000000001,30,0.550000,0.264000,0,2,48.307000,93
Lassen,abiescon,29.247,30,0.583333,0.386000,0,2,48.307000,95
Lassen,abiescon,30.792000000000002,30,0.616667,1.545000,0,0,48.307000,90
Lassen,abiescon,46.076999999999998,30,0.650000,15.285000,0,1,48.307000,64
Lassen,abiescon,46.89,30,0.683333,0.813000,0,3,48.307000,80
Lassen,abiescon,47.11,30,0.716667,0.220000,0,3,48.307000,97
Lassen,abiescon,47.304000000000002,30,0.750000,0.194000,0,4,48.307000,55
Lassen,abiescon,48.006999999999998,30,0.783333,0.703000,0,5,48.307000,43
Lassen,abiescon,48.143000000000001,30,0.816667,0.136000,0,4,48.307000,93
Lassen,abiescon,48.307000000000002,30,0.850000,0.164000,0,3,48.307000,35
Lassen,abiescon,48.564,30,0.883333,0.257000,0,3,48.307000,72
Lassen,abiescon,49.817999999999998,30,0.916667,1.254000,0,2,48.307000,30
Lassen,abiescon,50.23,30,0.950000,0.412000,0,2,48.307000,35
Lassen,abiescon,50.334000000000003,30,0.983333,0.104000,0,2,48.307000,90
Lassen,abiescon,2.0459999999999998,27,0.018519,2.046000,0,1,48.437000,90
Lassen,abiescon,2.23,27,0.055556,0.184000,0,1,48.437000,64
Lassen,abiescon,3.718,27,0.092593,1.488000,0,0,48.437000,83
Lassen,abiescon,4.7629999999999999,27,0.129630,1.045000,0,0,48.437000,91
Lassen,abiescon,14.371,27,0.166667,9.608000,0,0,48.437000,90
Lassen,abiescon,20.832000000000001,27,0.203704,6.461000,0,2,48.437000,95
Lassen,abiescon,21.571000000000002,27,0.240741,0.739000,0,2,48.437000,94
Lassen,abiescon,21.693999999999999,27,0.277778,0.123000,0,2,48.437000,93
Lassen,abiescon,24.678000000000001,27,0.314815,2.984000,0,0,48.437000,95
Lassen,abiescon,26.175999999999998,27,0.351852,1.498000,0,1,48.437000,72
Lassen,abiescon,26.940999999999999,27,0.388889,0.765000,0,2,48.437000,93
Lassen,abiescon,27.298999999999999,27,0.425926,0.358000,0,1,48.437000,95
Lassen,abiescon,28.599,27,0.462963,1.300000,0,2,48.437000,50
Lassen,abiescon,28.864999999999998,27,0.500000,0.266000,0,2,48.437000,93
Lassen,abiescon,29.43,27,0.537037,0.565000,0,2,48.437000,70
Lassen,abiescon,30.777000000000001,27,0.574074,1.347000,0,0,48.437000,90
Lassen,abiescon,48.009,27,0.611111,17.232000,0,4,48.437000,76
Lassen,abiescon,48.143999999999998,27,0.648148,0.135000,0,4,48.437000,94
Lassen,abiescon,48.305999999999997,27,0.685185,0.162000,0,5,48.437000,46
Lassen,abiescon,48.558,27,0.722222,0.252000,1,5,48.437000,72
Lassen,abiescon,48.642000000000003,27,0.759259,0.084000,1,5,48.437000,46
Lassen,abiescon,49.290999999999997,27,0.796296,0.649000,0,6,48.437000,91
Lassen,abiescon,49.807000000000002,27,0.833333,0.516000,1,5,48.437000,98
Lassen,abiescon,49.895000000000003,27,0.870370,0.088000,1,5,48.437000,89
Lassen,abiescon,50.026000000000003,27,0.907407,0.131000,0,5,48.437000,60
Lassen,abiescon,50.378999999999998,27,0.944444,0.353000,0,4,48.437000,97
Lassen,abiescon,50.482999999999997,27,0.981481,0.104000,0,4,48.437000,83
Lassen,abiescon,2.93,19,0.026316,2.930000,0,1,46.884000,80
Lassen,abiescon,3.702,19,0.078947,0.772000,0,1,46.884000,90
Lassen,abiescon,4.726,19,0.131579,1.024000,0,0,46.884000,90
Lassen,abiescon,20.812000000000001,19,0.184211,16.086000,0,1,46.884000,94
Lassen,abiescon,21.542999999999999,19,0.236842,0.731000,0,1,46.884000,93
Lassen,abiescon,24.753,19,0.289474,3.210000,0,0,46.884000,96
Lassen,abiescon,26.151,19,0.342105,1.398000,0,1,46.884000,76
Lassen,abiescon,26.92,19,0.394737,0.769000,0,2,46.884000,90
Lassen,abiescon,27.280999999999999,19,0.447368,0.361000,0,1,46.884000,94
Lassen,abiescon,28.603000000000002,19,0.500000,1.322000,0,1,46.884000,70
Lassen,abiescon,28.849,19,0.552632,0.246000,0,1,46.884000,93
Lassen,abiescon,30.763000000000002,19,0.605263,1.914000,0,0,46.884000,87
Lassen,abiescon,46.887999999999998,19,0.657895,16.125000,0,2,46.884000,86
Lassen,abiescon,47.29,19,0.710526,0.402000,0,3,46.884000,82
Lassen,abiescon,47.749000000000002,19,0.763158,0.459000,0,4,46.884000,72
Lassen,abiescon,48.009,19,0.815789,0.260000,0,3,46.884000,58
Lassen,abiescon,48.64,19,0.868421,0.631000,0,3,46.884000,93
Lassen,abiescon,49.5,19,0.921053,0.860000,0,2,46.884000,91
Lassen,abiescon,49.814,19,0.973684,0.314000,0,1,46.884000,43
Lassen,abiesmag,2.0350000000000001,45,0.011111,2.035000,0,3,48.364000,90
Lassen,abiesmag,2.2269999999999999,45,0.033333,0.192000,0,4,48.364000,45
Lassen,abiesmag,2.7949999999999999,45,0.055556,0.568000,0,5,48.364000,87
Lassen,abiesmag,2.964,45,0.077778,0.169000,0,5,48.364000,90
Lassen,abiesmag,3.1150000000000002,45,0.100000,0.151000,0,4,48.364000,11
Lassen,abiesmag,3.7149999999999999,45,0.122222,0.600000,0,3,48.364000,49
Lassen,abiesmag,4.7590000000000003,45,0.144444,1.044000,0,1,48.364000,90
Lassen,abiesmag,5.6520000000000001,45,0.166667,0.893000,0,2,48.364000,12
Lassen,abiesmag,6.016,45,0.188889,0.364000,0,1,48.364000,5
Lassen,abiesmag,7.6820000000000004,45,0.211111,1.666000,0,0,48.364000,90
Lassen,abiesmag,16.573,45,0.233333,8.891000,0,0,48.364000,95
Lassen,abiesmag,18.148,45,0.255556,1.575000,0,0,48.364000,90
Lassen,abiesmag,20.651,45,0.277778,2.503000,0,2,48.364000,95
Lassen,abiesmag,21.494,45,0.300000,0.843000,0,3,48.364000,93
Lassen,abiesmag,21.640999999999998,45,0.322222,0.147000,0,3,48.364000,93
Lassen,abiesmag,22.442,45,0.344444,0.801000,0,2,48.364000,90
Lassen,abiesmag,23.52,45,0.366667,1.078000,0,1,48.364000,93
Lassen,abiesmag,24.280999999999999,45,0.388889,0.761000,0,2,48.364000,97
Lassen,abiesmag,24.687999999999999,45,0.411111,0.407000,0,2,48.364000,96
Lassen,abiesmag,25.469000000000001,45,0.433333,0.781000,0,3,48.364000,97
Lassen,abiesmag,26.111999999999998,45,0.455556,0.643000,0,4,48.364000,72
Lassen,abiesmag,26.358000000000001,45,0.477778,0.246000,0,4,48.364000,70
Lassen,abiesmag,26.797999999999998,45,0.500000,0.440000,0,3,48.364000,95
Lassen,abiesmag,27.055,45,0.522222,0.257000,0,3,48.364000,94
Lassen,abiesmag,28.498000000000001,45,0.544444,1.443000,0,2,48.364000,95
Lassen,abiesmag,28.712,45,0.566667,0.214000,0,2,48.364000,94
Lassen,abiesmag,29.315999999999999,45,0.588889,0.604000,0,3,48.364000,94
Lassen,abiesmag,30.186,45,0.611111,0.870000,0,1,48.364000,91
Lassen,abiesmag,31.734999999999999,45,0.633333,1.549000,0,1,48.364000,91
Lassen,abiesmag,31.981999999999999,45,0.655556,0.247000,0,1,48.364000,89
Lassen,abiesmag,34.627000000000002,45,0.677778,2.645000,0,0,48.364000,96
Lassen,abiesmag,37.536000000000001,45,0.700000,2.909000,0,0,48.364000,97
Lassen,abiesmag,46.887,45,0.722222,9.351000,0,2,48.364000,72
Lassen,abiesmag,47.292000000000002,45,0.744444,0.405000,0,4,48.364000,27
Lassen,abiesmag,47.758000000000003,45,0.766667,0.466000,0,5,48.364000,53
Lassen,abiesmag,48.01,45,0.788889,0.252000,0,4,48.364000,91
Lassen,abiesmag,48.152999999999999,45,0.811111,0.143000,0,4,48.364000,93
Lassen,abiesmag,48.563000000000002,45,0.833333,0.410000,0,5,48.364000,94
Lassen,abiesmag,49.162999999999997,45,0.855556,0.600000,0,5,48.364000,93
Lassen,abiesmag,49.411999999999999,45,0.877778,0.249000,0,7,48.364000,52
Lassen,abiesmag,49.804000000000002,45,0.900000,0.392000,1,6,48.364000,98
Lassen,abiesmag,49.892000000000003,45,0.922222,0.088000,1,6,48.364000,96
Lassen,abiesmag,50.137999999999998,45,0.944444,0.246000,0,6,48.364000,98
Lassen,abiesmag,50.378,45,0.966667,0.240000,1,5,48.364000,96
Lassen,abiesmag,50.399000000000001,45,0.988889,0.021000,1,5,48.364000,98
Lassen,abiesmag,2.048,22,0.022727,2.048000,0,2,46.517000,86
Lassen,abiesmag,2.2320000000000002,22,0.068182,0.184000,0,3,46.517000,50
Lassen,abiesmag,2.9729999999999999,22,0.113636,0.741000,0,4,46.517000,90
Lassen,abiesmag,3.1240000000000001,22,0.159091,0.151000,0,3,46.517000,9
Lassen,abiesmag,3.7229999999999999,22,0.204545,0.599000,0,2,46.517000,83
Lassen,abiesmag,4.7690000000000001,22,0.250000,1.046000,0,0,46.517000,90
Lassen,abiesmag,14.849,22,0.295455,10.080000,0,0,46.517000,43
Lassen,abiesmag,20.85,22,0.340909,6.001000,0,1,46.517000,94
Lassen,abiesmag,21.577000000000002,22,0.386364,0.727000,0,1,46.517000,93
Lassen,abiesmag,23.547999999999998,22,0.431818,1.971000,0,0,46.517000,80
Lassen,abiesmag,24.78,22,0.477273,1.232000,0,0,46.517000,96
Lassen,abiesmag,27.416,22,0.522727,2.636000,0,0,46.517000,93
Lassen,abiesmag,28.879000000000001,22,0.568182,1.463000,0,1,46.517000,91
Lassen,abiesmag,29.297000000000001,22,0.613636,0.418000,0,1,46.517000,90
Lassen,abiesmag,30.812000000000001,22,0.659091,1.515000,0,0,46.517000,90
Lassen,abiesmag,46.890999999999998,22,0.704545,16.079000,0,2,46.517000,80
Lassen,abiesmag,47.124000000000002,22,0.750000,0.233000,0,3,46.517000,87
Lassen,abiesmag,47.317999999999998,22,0.795455,0.194000,0,5,46.517000,62
Lassen,abiesmag,48.012,22,0.840909,0.694000,0,5,46.517000,53
Lassen,abiesmag,48.145000000000003,22,0.886364,0.133000,0,4,46.517000,93
Lassen,abiesmag,48.307000000000002,22,0.931818,0.162000,0,4,46.517000,43
Lassen,abiesmag,48.564999999999998,22,0.977273,0.258000,0,3,46.517000,64
Lassen,abiesmag,2.2069999999999999,29,0.017241,2.207000,0,3,47.600000,72
Lassen,abiesmag,2.7349999999999999,29,0.051724,0.528000,0,4,47.600000,80
Lassen,abiesmag,2.899,29,0.086207,0.164000,0,4,47.600000,91
Lassen,abiesmag,3.056,29,0.120690,0.157000,0,4,47.600000,18
Lassen,abiesmag,3.694,29,0.155172,0.638000,0,4,47.600000,90
Lassen,abiesmag,4.6890000000000001,29,0.189655,0.995000,0,1,47.600000,90
Lassen,abiesmag,6.2060000000000004,29,0.224138,1.517000,0,0,47.600000,5
Lassen,abiesmag,8.76,29,0.258621,2.554000,0,0,47.600000,90
Lassen,abiesmag,14.417999999999999,29,0.293103,5.658000,0,0,47.600000,90
Lassen,abiesmag,19.529,29,0.327586,5.111000,0,0,47.600000,56
Lassen,abiesmag,20.783999999999999,29,0.362069,1.255000,0,2,47.600000,94
Lassen,abiesmag,21.5,29,0.396552,0.716000,0,2,47.600000,94
Lassen,abiesmag,21.677,29,0.431034,0.177000,0,2,47.600000,80
Lassen,abiesmag,24.727,29,0.465517,3.050000,0,0,47.600000,95
Lassen,abiesmag,26.465,29,0.500000,1.738000,0,1,47.600000,53
Lassen,abiesmag,27.416,29,0.534483,0.951000,0,1,47.600000,94
Lassen,abiesmag,28.573,29,0.568966,1.157000,0,1,47.600000,80
Lassen,abiesmag,28.832999999999998,29,0.603448,0.260000,0,1,47.600000,94
Lassen,abiesmag,30.686,29,0.637931,1.853000,0,0,47.600000,87
Lassen,abiesmag,32.014000000000003,29,0.672414,1.328000,0,0,47.600000,55
Lassen,abiesmag,41.262,29,0.706897,9.248000,0,0,47.600000,56
Lassen,abiesmag,45.744999999999997,29,0.741379,4.483000,0,1,47.600000,64
Lassen,abiesmag,46.536000000000001,29,0.775862,0.791000,0,3,47.600000,33
Lassen,abiesmag,46.886000000000003,29,0.810345,0.350000,0,3,47.600000,83
Lassen,abiesmag,47.29,29,0.844828,0.404000,0,4,47.600000,74
Lassen,abiesmag,47.746000000000002,29,0.879310,0.456000,0,4,47.600000,50
Lassen,abiesmag,48.006999999999998,29,0.913793,0.261000,0,3,47.600000,49
Lassen,abiesmag,48.524999999999999,29,0.948276,0.518000,0,2,47.600000,74
Lassen,abiesmag,49.807000000000002,29,0.982759,1.282000,0,0,47.600000,99
Lassen,abiesmag,3.7090000000000001,16,0.031250,3.709000,0,0,46.018000,83
Lassen,abiesmag,4.7249999999999996,16,0.093750,1.016000,0,0,46.018000,90
Lassen,abiesmag,20.817,16,0.156250,16.092000,0,1,46.018000,93
Lassen,abiesmag,21.54,16,0.218750,0.723000,0,1,46.018000,95
Lassen,abiesmag,27.46,16,0.281250,5.920000,0,0,46.018000,91
Lassen,abiesmag,28.852,16,0.343750,1.392000,0,0,46.018000,90
Lassen,abiesmag,30.782,16,0.406250,1.930000,0,0,46.018000,90
Lassen,abiesmag,46.887,16,0.468750,16.105000,0,2,46.018000,83
Lassen,abiesmag,47.287999999999997,16,0.531250,0.401000,0,4,46.018000,58
Lassen,abiesmag,47.741,16,0.593750,0.453000,0,4,46.018000,72
Lassen,abiesmag,48.005000000000003,16,0.656250,0.264000,0,4,46.018000,50
Lassen,abiesmag,48.183,16,0.718750,0.178000,0,5,46.018000,56
Lassen,abiesmag,48.868000000000002,16,0.781250,0.685000,0,5,46.018000,90
Lassen,abiesmag,49.116999999999997,16,0.843750,0.249000,0,4,46.018000,49
Lassen,abiesmag,49.234000000000002,16,0.906250,0.117000,0,3,46.018000,50
Lassen,abiesmag,49.726999999999997,16,0.968750,0.493000,0,3,46.018000,89
Lassen,arcpat,1.7050000000000001,18,0.027778,1.705000,0,0,48.026000,35
Lassen,arcpat,2.9169999999999998,18,0.083333,1.212000,0,1,48.026000,90
Lassen,arcpat,3.7040000000000002,18,0.138889,0.787000,0,1,48.026000,74
Lassen,arcpat,4.7110000000000003,18,0.194444,1.007000,0,0,48.026000,90
Lassen,arcpat,6.08,18,0.250000,1.369000,0,0,48.026000,58
Lassen,arcpat,10.048,18,0.305556,3.968000,0,0,48.026000,87
Lassen,arcpat,46.677999999999997,18,0.361111,36.630000,0,5,48.026000,91
Lassen,arcpat,46.89,18,0.416667,0.212000,0,5,48.026000,90
Lassen,arcpat,47.122,18,0.472222,0.232000,1,5,48.026000,72
Lassen,arcpat,47.158000000000001,18,0.527778,0.036000,1,5,48.026000,53
Lassen,arcpat,47.518000000000001,18,0.583333,0.360000,0,6,48.026000,81
Lassen,arcpat,47.665999999999997,18,0.638889,0.148000,0,6,48.026000,46
Lassen,arcpat,48.158999999999999,18,0.694444,0.493000,0,5,48.026000,92
Lassen,arcpat,48.7,18,0.750000,0.541000,0,4,48.026000,72
Lassen,arcpat,48.866999999999997,18,0.805556,0.167000,0,5,48.026000,91
Lassen,arcpat,48.991,18,0.861111,0.124000,0,5,48.026000,72
Lassen,arcpat,49.307000000000002,18,0.916667,0.316000,0,4,48.026000,91
Lassen,arcpat,49.731000000000002,18,0.972222,0.424000,0,3,48.026000,93
Lassen,arcpat,1.798,6,0.083333,1.798000,0,2,2.982000,4
Lassen,arcpat,2.0289999999999999,6,0.250000,0.231000,0,3,2.982000,43
Lassen,arcpat,2.2250000000000001,6,0.416667,0.196000,0,3,2.982000,7
Lassen,arcpat,2.984,6,0.583333,0.759000,0,3,2.982000,91
Lassen,arcpat,3.7370000000000001,6,0.750000,0.753000,0,1,2.982000,83
Lassen,arcpat,4.78,6,0.916667,1.043000,0,0,2.982000,90
Lassen,arcpat,1.8109999999999999,5,0.100000,1.811000,0,1,2.971000,7
Lassen,arcpat,2.238,5,0.300000,0.427000,0,2,2.971000,9
Lassen,arcpat,2.9870000000000001,5,0.500000,0.749000,0,2,2.971000,86
Lassen,arcpat,3.7429999999999999,5,0.700000,0.756000,0,1,2.971000,56
Lassen,arcpat,4.782,5,0.900000,1.039000,0,0,2.971000,90
Lassen,arcpat,2.0059999999999998,14,0.035714,2.006000,0,1,48.398000,50
Lassen,arcpat,2.2280000000000002,14,0.107143,0.222000,0,1,48.398000,9
Lassen,arcpat,3.7240000000000002,14,0.178571,1.496000,0,0,48.398000,90
Lassen,arcpat,4.7510000000000003,14,0.250000,1.027000,0,0,48.398000,72
Lassen,arcpat,6.0190000000000001,14,0.321429,1.268000,0,0,48.398000,9
Lassen,arcpat,20.847000000000001,14,0.392857,14.828000,0,0,48.398000,78
Lassen,arcpat,27.489000000000001,14,0.464286,6.642000,0,0,48.398000,91
Lassen,arcpat,46.887999999999998,14,0.535714,19.399000,0,4,48.398000,64
Lassen,arcpat,47.128,14,0.607143,0.240000,1,5,48.398000,86
Lassen,arcpat,47.156999999999996,14,0.678571,0.029000,1,5,48.398000,90
Lassen,arcpat,47.301000000000002,14,0.750000,0.144000,0,5,48.398000,80
Lassen,arcpat,47.753,14,0.821429,0.452000,0,5,48.398000,72
Lassen,arcpat,48.006999999999998,14,0.892857,0.254000,0,4,48.398000,43
Lassen,arcpat,50.404000000000003,14,0.964286,2.397000,0,0,48.398000,91
Lassen,arcpat,2.0409999999999999,19,0.026316,2.041000,0,2,48.290000,86
Lassen,arcpat,2.2269999999999999,19,0.078947,0.186000,0,3,48.290000,39
Lassen,arcpat,2.9689999999999999,19,0.131579,0.742000,0,4,48.290000,80
Lassen,arcpat,3.1219999999999999,19,0.184211,0.153000,0,3,48.290000,9
Lassen,arcpat,3.7269999999999999,19,0.236842,0.605000,0,2,48.290000,74
Lassen,arcpat,4.7629999999999999,19,0.289474,1.036000,0,1,48.290000,90
Lassen,arcpat,5.7320000000000002,19,0.342105,0.969000,0,1,48.290000,72
Lassen,arcpat,28.47,19,0.394737,22.738000,0,0,48.290000,93
Lassen,arcpat,35.472000000000001,19,0.447368,7.002000,0,0,48.290000,45
Lassen,arcpat,42.454000000000001,19,0.500000,6.982000,0,0,48.290000,90
Lassen,arcpat,46.667000000000002,19,0.552632,4.213000,0,2,48.290000,91
Lassen,arcpat,47.29,19,0.605263,0.623000,0,2,48.290000,64
Lassen,arcpat,47.512999999999998,19,0.657895,0.223000,0,2,48.290000,76
Lassen,arcpat,48.817999999999998,19,0.710526,1.305000,0,3,48.290000,30
Lassen,arcpat,48.991,19,0.763158,0.173000,0,3,48.290000,95
Lassen,arcpat,49.661999999999999,19,0.815789,0.671000,0,5,48.290000,90
Lassen,arcpat,49.81,19,0.868421,0.148000,0,5,48.290000,93
Lassen,arcpat,50.225000000000001,19,0.921053,0.415000,0,3,48.290000,90
Lassen,arcpat,50.331000000000003,19,0.973684,0.106000,0,3,48.290000,93
Lassen,ceanothvel,1.7729999999999999,27,0.018519,1.773000,0,3,48.636000,7
Lassen,ceanothvel,1.9359999999999999,27,0.055556,0.163000,0,3,48.636000,9
Lassen,ceanothvel,2.056,27,0.092593,0.120000,0,4,48.636000,90
Lassen,ceanothvel,2.2010000000000001,27,0.129630,0.145000,0,5,48.636000,7
Lassen,ceanothvel,2.9820000000000002,27,0.166667,0.781000,0,4,48.636000,80
Lassen,ceanothvel,3.1219999999999999,27,0.203704,0.140000,0,3,48.636000,38
Lassen,ceanothvel,3.7290000000000001,27,0.240741,0.607000,0,2,48.636000,83
Lassen,ceanothvel,4.7729999999999997,27,0.277778,1.044000,0,1,48.636000,91
Lassen,ceanothvel,5.5250000000000004,27,0.314815,0.752000,0,1,48.636000,86
Lassen,ceanothvel,7.7,27,0.351852,2.175000,0,0,48.636000,91
Lassen,ceanothvel,20.827999999999999,27,0.388889,13.128000,0,0,48.636000,95
Lassen,ceanothvel,23.407,27,0.425926,2.579000,0,0,48.636000,90
Lassen,ceanothvel,24.765000000000001,27,0.462963,1.358000,0,0,48.636000,94
Lassen,ceanothvel,27.478000000000002,27,0.500000,2.713000,0,0,48.636000,91
Lassen,ceanothvel,32.131999999999998,27,0.537037,4.654000,0,0,48.636000,95
Lassen,ceanothvel,43.914999999999999,27,0.574074,11.783000,0,0,48.636000,91
Lassen,ceanothvel,47.296999999999997,27,0.611111,3.382000,0,1,48.636000,58
Lassen,ceanothvel,48.088999999999999,27,0.648148,0.792000,0,4,48.636000,91
Lassen,ceanothvel,48.305,27,0.685185,0.216000,0,4,48.636000,38
Lassen,ceanothvel,48.804000000000002,27,0.722222,0.499000,1,5,48.636000,70
Lassen,ceanothvel,48.832999999999998,27,0.759259,0.029000,1,6,48.636000,96
Lassen,ceanothvel,49.232999999999997,27,0.796296,0.400000,0,6,48.636000,58
Lassen,ceanothvel,49.642000000000003,27,0.833333,0.409000,0,7,48.636000,91
Lassen,ceanothvel,49.805,27,0.870370,0.163000,0,6,48.636000,99
Lassen,ceanothvel,49.988999999999997,27,0.907407,0.184000,0,5,48.636000,95
Lassen,ceanothvel,50.378,27,0.944444,0.389000,1,4,48.636000,95
Lassen,ceanothvel,50.408999999999999,27,0.981481,0.031000,1,4,48.636000,98
Lassen,ceanothvel,1.7749999999999999,42,0.011905,1.775000,0,3,48.631000,7
Lassen,ceanothvel,1.9379999999999999,42,0.035714,0.163000,0,3,48.631000,9
Lassen,ceanothvel,2.0550000000000002,42,0.059524,0.117000,0,4,48.631000,91
Lassen,ceanothvel,2.1989999999999998,42,0.083333,0.144000,0,5,48.631000,7
Lassen,ceanothvel,2.984,42,0.107143,0.785000,0,4,48.631000,91
Lassen,ceanothvel,3.1240000000000001,42,0.130952,0.140000,0,3,48.631000,36
Lassen,ceanothvel,3.734,42,0.154762,0.610000,0,2,48.631000,83
Lassen,ceanothvel,4.7759999999999998,42,0.178571,1.042000,0,1,48.631000,90
Lassen,ceanothvel,5.532,42,0.202381,0.756000,0,1,48.631000,90
Lassen,ceanothvel,7.7050000000000001,42,0.226190,2.173000,0,1,48.631000,90
Lassen,ceanothvel,8.2750000000000004,42,0.250000,0.570000,0,1,48.631000,90
Lassen,ceanothvel,16.562999999999999,42,0.273810,8.288000,0,1,48.631000,90
Lassen,ceanothvel,16.991,42,0.297619,0.428000,0,1,48.631000,91
Lassen,ceanothvel,20.082999999999998,42,0.321429,3.092000,0,0,48.631000,94
Lassen,ceanothvel,21.577999999999999,42,0.345238,1.495000,0,1,48.631000,94
Lassen,ceanothvel,21.722000000000001,42,0.369048,0.144000,0,1,48.631000,87
Lassen,ceanothvel,23.338000000000001,42,0.392857,1.616000,0,0,48.631000,87
Lassen,ceanothvel,24.751999999999999,42,0.416667,1.414000,0,0,48.631000,95
Lassen,ceanothvel,26.981000000000002,42,0.440476,2.229000,0,1,48.631000,49
Lassen,ceanothvel,27.488,42,0.464286,0.507000,0,1,48.631000,94
Lassen,ceanothvel,28.606000000000002,42,0.488095,1.118000,0,2,48.631000,74
Lassen,ceanothvel,28.876999999999999,42,0.511905,0.271000,0,2,48.631000,90
Lassen,ceanothvel,29.547999999999998,42,0.535714,0.671000,0,2,48.631000,64
Lassen,ceanothvel,32.195,42,0.559524,2.647000,0,0,48.631000,91
Lassen,ceanothvel,35.484999999999999,42,0.583333,3.290000,0,0,48.631000,45
Lassen,ceanothvel,43.963000000000001,42,0.607143,8.478000,0,0,48.631000,90
Lassen,ceanothvel,46.078000000000003,42,0.630952,2.115000,0,1,48.631000,60
Lassen,ceanothvel,46.213999999999999,42,0.654762,0.136000,0,1,48.631000,60
Lassen,ceanothvel,47.298999999999999,42,0.678571,1.085000,0,1,48.631000,46
Lassen,ceanothvel,48.094999999999999,42,0.702381,0.796000,0,4,48.631000,87
Lassen,ceanothvel,48.308,42,0.726190,0.213000,0,3,48.631000,58
Lassen,ceanothvel,48.838999999999999,42,0.750000,0.531000,0,7,48.631000,98
Lassen,ceanothvel,48.988,42,0.773810,0.149000,0,8,48.631000,96
Lassen,ceanothvel,49.32,42,0.797619,0.332000,0,7,48.631000,95
Lassen,ceanothvel,49.502000000000002,42,0.821429,0.182000,0,10,48.631000,99
Lassen,ceanothvel,49.640999999999998,42,0.845238,0.139000,0,10,48.631000,91
Lassen,ceanothvel,49.807000000000002,42,0.869048,0.166000,1,10,48.631000,98
Lassen,ceanothvel,49.893999999999998,42,0.892857,0.087000,1,9,48.631000,93
Lassen,ceanothvel,50.142000000000003,42,0.916667,0.248000,0,8,48.631000,86
Lassen,ceanothvel,50.338000000000001,42,0.940476,0.196000,2,7,48.631000,89
Lassen,ceanothvel,50.372,42,0.964286,0.034000,2,7,48.631000,98
Lassen,ceanothvel,50.405999999999999,42,0.988095,0.034000,2,7,48.631000,99
Lassen,ceanothvel,2.0659999999999998,36,0.013889,2.066000,0,3,48.343000,86
Lassen,ceanothvel,2.2210000000000001,36,0.041667,0.155000,0,4,48.343000,7
Lassen,ceanothvel,2.8180000000000001,36,0.069444,0.597000,0,5,48.343000,86
Lassen,ceanothvel,2.984,36,0.097222,0.166000,0,5,48.343000,91
Lassen,ceanothvel,3.1309999999999998,36,0.125000,0.147000,0,4,48.343000,25
Lassen,ceanothvel,3.7240000000000002,36,0.152778,0.593000,0,3,48.343000,83
Lassen,ceanothvel,4.78,36,0.180556,1.056000,0,0,48.343000,90
Lassen,ceanothvel,7.7119999999999997,36,0.208333,2.932000,0,1,48.343000,90
Lassen,ceanothvel,8.2759999999999998,36,0.236111,0.564000,0,1,48.343000,86
Lassen,ceanothvel,20.798999999999999,36,0.263889,12.523000,0,1,48.343000,94
Lassen,ceanothvel,21.75,36,0.291667,0.951000,0,1,48.343000,59
Lassen,ceanothvel,24.773,36,0.319444,3.023000,0,0,48.343000,96
Lassen,ceanothvel,26.97,36,0.347222,2.197000,0,1,48.343000,59
Lassen,ceanothvel,27.513000000000002,36,0.375000,0.543000,0,1,48.343000,93
Lassen,ceanothvel,28.582000000000001,36,0.402778,1.069000,0,2,48.343000,94
Lassen,ceanothvel,28.876000000000001,36,0.430556,0.294000,0,2,48.343000,93
Lassen,ceanothvel,29.529,36,0.458333,0.653000,0,2,48.343000,72
Lassen,ceanothvel,32.027000000000001,36,0.486111,2.498000,0,1,48.343000,53
Lassen,ceanothvel,32.228999999999999,36,0.513889,0.202000,0,1,48.343000,91
Lassen,ceanothvel,35.473999999999997,36,0.541667,3.245000,0,0,48.343000,64
Lassen,ceanothvel,46.076999999999998,36,0.569444,10.603000,0,1,48.343000,64
Lassen,ceanothvel,46.212000000000003,36,0.597222,0.135000,0,1,48.343000,55
Lassen,ceanothvel,47.311,36,0.625000,1.099000,0,1,48.343000,52
Lassen,ceanothvel,48.094999999999999,36,0.652778,0.784000,0,3,48.343000,80
Lassen,ceanothvel,48.811999999999998,36,0.680556,0.717000,0,9,48.343000,95
Lassen,ceanothvel,48.987000000000002,36,0.708333,0.175000,0,10,48.343000,96
Lassen,ceanothvel,49.161999999999999,36,0.736111,0.175000,0,9,48.343000,99
Lassen,ceanothvel,49.38,36,0.763889,0.218000,0,10,48.343000,93
Lassen,ceanothvel,49.484999999999999,36,0.791667,0.105000,1,11,48.343000,93
Lassen,ceanothvel,49.548000000000002,36,0.819444,0.063000,2,11,48.343000,62
Lassen,ceanothvel,49.634,36,0.847222,0.086000,2,11,48.343000,98
Lassen,ceanothvel,49.805999999999997,36,0.902778,0.151000,1,11,48.343000,99
Lassen,ceanothvel,49.841999999999999,36,0.930556,0.036000,1,10,48.343000,91
Lassen,ceanothvel,50.311999999999998,36,0.958333,0.470000,1,8,48.343000,98
Lassen,ceanothvel,50.408999999999999,36,0.986111,0.097000,1,7,48.343000,98
Lassen,ceanothvel,2.222,14,0.035714,2.222000,0,2,47.891000,9
Lassen,ceanothvel,2.9830000000000001,14,0.107143,0.761000,0,3,47.891000,91
Lassen,ceanothvel,3.1349999999999998,14,0.178571,0.152000,0,3,47.891000,12
Lassen,ceanothvel,3.7360000000000002,14,0.250000,0.601000,0,2,47.891000,83
Lassen,ceanothvel,4.7779999999999996,14,0.321429,1.042000,0,0,47.891000,91
Lassen,ceanothvel,7.7130000000000001,14,0.392857,2.935000,0,0,47.891000,90
Lassen,ceanothvel,20.872,14,0.464286,13.159000,0,0,47.891000,93
Lassen,ceanothvel,32.229999999999997,14,0.535714,11.358000,0,0,47.891000,91
Lassen,ceanothvel,44.003,14,0.607143,11.773000,0,0,47.891000,91
Lassen,ceanothvel,46.215000000000003,14,0.678571,2.212000,0,0,47.891000,50
Lassen,ceanothvel,48.097000000000001,14,0.750000,1.882000,0,0,47.891000,90
Lassen,ceanothvel,49.213000000000001,14,0.821429,1.116000,0,2,47.891000,92
Lassen,ceanothvel,49.805999999999997,14,0.892857,0.593000,0,2,47.891000,98
Lassen,ceanothvel,50.113,14,0.964286,0.307000,0,2,47.891000,96
Lassen,pinuslam,1.744,23,0.021739,1.744000,0,2,48.669000,9
Lassen,pinuslam,2.0609999999999999,23,0.065217,0.317000,0,4,48.669000,90
Lassen,pinuslam,2.202,23,0.108696,0.141000,0,5,48.669000,9
Lassen,pinuslam,2.8159999999999998,23,0.152174,0.614000,0,5,48.669000,86
Lassen,pinuslam,2.9820000000000002,23,0.195652,0.166000,0,5,48.669000,91
Lassen,pinuslam,3.1280000000000001,23,0.239130,0.146000,0,4,48.669000,9
Lassen,pinuslam,3.722,23,0.282609,0.594000,0,3,48.669000,91
Lassen,pinuslam,4.7779999999999996,23,0.326087,1.056000,0,1,48.669000,90
Lassen,pinuslam,5.6340000000000003,23,0.369565,0.856000,0,1,48.669000,56
Lassen,pinuslam,20.878,23,0.413043,15.244000,0,1,48.669000,93
Lassen,pinuslam,21.585999999999999,23,0.456522,0.708000,0,1,48.669000,93
Lassen,pinuslam,24.783999999999999,23,0.500000,3.198000,0,0,48.669000,91
Lassen,pinuslam,27.492999999999999,23,0.543478,2.709000,0,0,48.669000,93
Lassen,pinuslam,28.898,23,0.586957,1.405000,0,0,48.669000,95
Lassen,pinuslam,30.827999999999999,23,0.630435,1.930000,0,0,48.669000,91
Lassen,pinuslam,48.012,23,0.673913,17.184000,0,3,48.669000,76
Lassen,pinuslam,48.308999999999997,23,0.717391,0.297000,0,4,48.669000,38
Lassen,pinuslam,48.567,23,0.760870,0.258000,0,5,48.669000,47
Lassen,pinuslam,48.993000000000002,23,0.804348,0.426000,0,6,48.669000,64
Lassen,pinuslam,49.170999999999999,23,0.847826,0.178000,0,5,48.669000,91
Lassen,pinuslam,49.32,23,0.891304,0.149000,0,4,48.669000,95
Lassen,pinuslam,49.808,23,0.934783,0.488000,0,4,48.669000,97
Lassen,pinuslam,50.412999999999997,23,0.978261,0.605000,0,1,48.669000,38
Lassen,pinuslam,2.036,41,0.012195,2.036000,0,4,48.432000,91
Lassen,pinuslam,2.2160000000000002,41,0.036585,0.180000,1,6,48.432000,64
Lassen,pinuslam,2.2919999999999998,41,0.060976,0.076000,1,6,48.432000,64
Lassen,pinuslam,2.774,41,0.085366,0.482000,0,7,48.432000,56
Lassen,pinuslam,2.944,41,0.109756,0.170000,0,7,48.432000,72
Lassen,pinuslam,3.1030000000000002,41,0.134146,0.159000,1,6,48.432000,50
Lassen,pinuslam,3.1890000000000001,41,0.158537,0.086000,1,6,48.432000,90
Lassen,pinuslam,3.7040000000000002,41,0.182927,0.515000,0,4,48.432000,83
Lassen,pinuslam,4.734,41,0.207317,1.030000,0,1,48.432000,90
Lassen,pinuslam,5.6529999999999996,41,0.231707,0.919000,0,2,48.432000,40
Lassen,pinuslam,5.9409999999999998,41,0.256098,0.288000,0,1,48.432000,90
Lassen,pinuslam,7.6580000000000004,41,0.280488,1.717000,0,0,48.432000,90
Lassen,pinuslam,20.777000000000001,41,0.304878,13.119000,0,2,48.432000,95
Lassen,pinuslam,21.533000000000001,41,0.329268,0.756000,0,2,48.432000,94
Lassen,pinuslam,21.692,41,0.353659,0.159000,0,2,48.432000,91
Lassen,pinuslam,23.509,41,0.378049,1.817000,0,1,48.432000,53
Lassen,pinuslam,24.292000000000002,41,0.402439,0.783000,0,2,48.432000,87
Lassen,pinuslam,24.716999999999999,41,0.426829,0.425000,0,2,48.432000,90
Lassen,pinuslam,25.491,41,0.451220,0.774000,0,2,48.432000,83
Lassen,pinuslam,26.045000000000002,41,0.475610,0.554000,0,2,48.432000,95
Lassen,pinuslam,26.981999999999999,41,0.500000,0.937000,0,2,48.432000,58
Lassen,pinuslam,27.388000000000002,41,0.524390,0.406000,0,1,48.432000,94
Lassen,pinuslam,28.573,41,0.548780,1.185000,0,2,48.432000,93
Lassen,pinuslam,28.834,41,0.573171,0.261000,0,2,48.432000,93
Lassen,pinuslam,29.413,41,0.597561,0.579000,0,2,48.432000,94
Lassen,pinuslam,30.777000000000001,41,0.621951,1.364000,0,0,48.432000,83
Lassen,pinuslam,34.655999999999999,41,0.646341,3.879000,0,0,48.432000,93
Lassen,pinuslam,37.533999999999999,41,0.670732,2.878000,0,0,48.432000,72
Lassen,pinuslam,45.732999999999997,41,0.695122,8.199000,0,0,48.432000,90
Lassen,pinuslam,46.887999999999998,41,0.719512,1.155000,0,3,48.432000,90
Lassen,pinuslam,47.289000000000001,41,0.743902,0.401000,0,4,48.432000,43
Lassen,pinuslam,47.508000000000003,41,0.768293,0.219000,0,5,48.432000,93
Lassen,pinuslam,47.7,41,0.792683,0.192000,0,6,48.432000,98
Lassen,pinuslam,48.009,41,0.817073,0.309000,0,5,48.432000,90
Lassen,pinuslam,48.304000000000002,41,0.841463,0.295000,0,5,48.432000,50
Lassen,pinuslam,48.637999999999998,41,0.865854,0.334000,0,4,48.432000,97
Lassen,pinuslam,49.234000000000002,41,0.890244,0.596000,0,4,48.432000,50
Lassen,pinuslam,49.811999999999998,41,0.914634,0.578000,0,4,48.432000,96
Lassen,pinuslam,50.137999999999998,41,0.939024,0.326000,0,4,48.432000,47
Lassen,pinuslam,50.325000000000003,41,0.963415,0.187000,0,3,48.432000,91
Lassen,pinuslam,50.468000000000004,41,0.987805,0.143000,0,3,48.432000,94
Lassen,pinuslam,2.0409999999999999,43,0.011628,2.041000,0,4,48.406000,90
Lassen,pinuslam,2.2250000000000001,43,0.034884,0.184000,1,5,48.406000,33
Lassen,pinuslam,2.3119999999999998,43,0.058140,0.087000,1,5,48.406000,38
Lassen,pinuslam,2.7909999999999999,43,0.081395,0.479000,0,6,48.406000,38
Lassen,pinuslam,2.9630000000000001,43,0.104651,0.172000,0,6,48.406000,91
Lassen,pinuslam,3.2120000000000002,43,0.127907,0.249000,0,5,48.406000,90
Lassen,pinuslam,3.7109999999999999,43,0.151163,0.499000,0,3,48.406000,83
Lassen,pinuslam,4.7569999999999997,43,0.174419,1.046000,0,1,48.406000,90
Lassen,pinuslam,5.625,43,0.197674,0.868000,0,1,48.406000,42
Lassen,pinuslam,7.68,43,0.220930,2.055000,0,0,48.406000,90
Lassen,pinuslam,20.719000000000001,43,0.244186,13.039000,0,2,48.406000,95
Lassen,pinuslam,21.516999999999999,43,0.267442,0.798000,0,3,48.406000,95
Lassen,pinuslam,21.664000000000001,43,0.290698,0.147000,0,3,48.406000,91
Lassen,pinuslam,22.46,43,0.313953,0.796000,0,2,48.406000,95
Lassen,pinuslam,23.53,43,0.337209,1.070000,0,1,48.406000,94
Lassen,pinuslam,24.32,43,0.360465,0.790000,0,2,48.406000,76
Lassen,pinuslam,24.736000000000001,43,0.383721,0.416000,0,2,48.406000,90
Lassen,pinuslam,25.51,43,0.406977,0.774000,0,3,48.406000,93
Lassen,pinuslam,26.097999999999999,43,0.430233,0.588000,0,4,48.406000,95
Lassen,pinuslam,26.45,43,0.453488,0.352000,0,5,48.406000,70
Lassen,pinuslam,26.672999999999998,43,0.476744,0.223000,0,4,48.406000,64
Lassen,pinuslam,26.925999999999998,43,0.500000,0.253000,0,4,48.406000,93
Lassen,pinuslam,27.303000000000001,43,0.523256,0.377000,0,3,48.406000,95
Lassen,pinuslam,28.579000000000001,43,0.546512,1.276000,0,2,48.406000,93
Lassen,pinuslam,28.821999999999999,43,0.569767,0.243000,0,2,48.406000,95
Lassen,pinuslam,29.407,43,0.593023,0.585000,0,2,48.406000,94
Lassen,pinuslam,30.681999999999999,43,0.616279,1.275000,0,1,48.406000,91
Lassen,pinuslam,31.318999999999999,43,0.639535,0.637000,0,2,48.406000,90
Lassen,pinuslam,32.03,43,0.662791,0.711000,0,1,48.406000,49
Lassen,pinuslam,34.668999999999997,43,0.686047,2.639000,0,0,48.406000,96
Lassen,pinuslam,46.887,43,0.709302,12.218000,0,2,48.406000,87
Lassen,pinuslam,47.298999999999999,43,0.732558,0.412000,0,3,48.406000,93
Lassen,pinuslam,47.813000000000002,43,0.755814,0.514000,0,6,48.406000,97
Lassen,pinuslam,48.01,43,0.779070,0.197000,0,6,48.406000,86
Lassen,pinuslam,48.305999999999997,43,0.802326,0.296000,0,5,48.406000,46
Lassen,pinuslam,48.558999999999997,43,0.825581,0.253000,1,6,48.406000,94
Lassen,pinuslam,48.64,43,0.848837,0.081000,1,6,48.406000,94
Lassen,pinuslam,48.993000000000002,43,0.872093,0.353000,0,7,48.406000,90
Lassen,pinuslam,49.317,43,0.895349,0.324000,0,5,48.406000,93
Lassen,pinuslam,49.665999999999997,43,0.918605,0.349000,0,5,48.406000,86
Lassen,pinuslam,49.814,43,0.941860,0.148000,0,5,48.406000,98
Lassen,pinuslam,50.338000000000001,43,0.965116,0.524000,0,3,48.406000,94
Lassen,pinuslam,50.447000000000003,43,0.988372,0.109000,0,3,48.406000,89
Lassen,pinuslam,2.0710000000000002,15,0.033333,2.071000,0,3,47.740000,90
Lassen,pinuslam,2.3340000000000001,15,0.100000,0.263000,0,4,47.740000,5
Lassen,pinuslam,2.8180000000000001,15,0.166667,0.484000,0,5,47.740000,9
Lassen,pinuslam,2.9860000000000002,15,0.233333,0.168000,0,5,47.740000,91
Lassen,pinuslam,3.1389999999999998,15,0.300000,0.153000,0,4,47.740000,9
Lassen,pinuslam,3.7280000000000002,15,0.366667,0.589000,0,3,47.740000,90
Lassen,pinuslam,4.7839999999999998,15,0.433333,1.056000,0,1,47.740000,90
Lassen,pinuslam,5.6269999999999998,15,0.500000,0.843000,0,1,47.740000,56
Lassen,pinuslam,20.873999999999999,15,0.566667,15.247000,0,0,47.740000,94
Lassen,pinuslam,26.204999999999998,15,0.633333,5.331000,0,0,47.740000,90
Lassen,pinuslam,27.5,15,0.700000,1.295000,0,0,47.740000,94
Lassen,pinuslam,48.006999999999998,15,0.766667,20.507000,0,0,47.740000,68
Lassen,pinuslam,49.326000000000001,15,0.833333,1.319000,0,2,47.740000,90
Lassen,pinuslam,49.651000000000003,15,0.900000,0.325000,0,2,47.740000,47
Lassen,pinuslam,49.811,15,0.966667,0.160000,0,2,47.740000,64
Lassen,pinuslam,2.9089999999999998,22,0.022727,2.909000,0,2,47.553000,91
Lassen,pinuslam,3.0670000000000002,22,0.068182,0.158000,0,2,47.553000,10
Lassen,pinuslam,3.6930000000000001,22,0.113636,0.626000,0,2,47.553000,83
Lassen,pinuslam,4.6989999999999998,22,0.159091,1.006000,0,0,47.553000,90
Lassen,pinuslam,20.754000000000001,22,0.204545,16.055000,0,1,47.553000,95
Lassen,pinuslam,21.507000000000001,22,0.250000,0.753000,0,1,47.553000,94
Lassen,pinuslam,24.716000000000001,22,0.295455,3.209000,0,0,47.553000,95
Lassen,pinuslam,26.917000000000002,22,0.340909,2.201000,0,1,47.553000,91
Lassen,pinuslam,27.303000000000001,22,0.386364,0.386000,0,1,47.553000,97
Lassen,pinuslam,28.587,22,0.431818,1.284000,0,2,47.553000,83
Lassen,pinuslam,28.824999999999999,22,0.477273,0.238000,0,2,47.553000,93
Lassen,pinuslam,29.395,22,0.522727,0.570000,0,2,47.553000,94
Lassen,pinuslam,30.765999999999998,22,0.568182,1.371000,0,0,47.553000,90
Lassen,pinuslam,48.009,22,0.613636,17.243000,0,4,47.553000,74
Lassen,pinuslam,48.140999999999998,22,0.659091,0.132000,0,4,47.553000,86
Lassen,pinuslam,48.305999999999997,22,0.704545,0.165000,0,4,47.553000,38
Lassen,pinuslam,48.564,22,0.750000,0.258000,0,6,47.553000,94
Lassen,pinuslam,48.78,22,0.795455,0.216000,0,6,47.553000,93
Lassen,pinuslam,49.31,22,0.840909,0.530000,0,4,47.553000,64
Lassen,pinuslam,49.503,22,0.886364,0.193000,0,5,47.553000,95
Lassen,pinuslam,49.81,22,0.931818,0.307000,0,3,47.553000,10
Lassen,pinuslam,50.462000000000003,22,0.977273,0.652000,0,2,47.553000,25
Lassen,ponjeff,1.802,72,0.006944,1.802000,0,2,48.606000,7
Lassen,ponjeff,2.073,72,0.020833,0.271000,0,2,48.606000,91
Lassen,ponjeff,2.34,72,0.034722,0.267000,0,4,48.606000,33
Lassen,ponjeff,3.1030000000000002,72,0.048611,0.763000,0,4,48.606000,50
Lassen,ponjeff,3.2320000000000002,72,0.062500,0.129000,0,4,48.606000,90
Lassen,ponjeff,3.363,72,0.076389,0.131000,0,3,48.606000,58
Lassen,ponjeff,3.7280000000000002,72,0.090278,0.365000,0,3,48.606000,86
Lassen,ponjeff,4.7389999999999999,72,0.104167,1.011000,0,0,48.606000,87
Lassen,ponjeff,5.923,72,0.118056,1.184000,1,1,48.606000,64
Lassen,ponjeff,5.9530000000000003,72,0.131944,0.030000,1,1,48.606000,86
Lassen,ponjeff,7.6760000000000002,72,0.145833,1.723000,0,0,48.606000,91
Lassen,ponjeff,8.7889999999999997,72,0.159722,1.113000,0,1,48.606000,83
Lassen,ponjeff,9.1920000000000002,72,0.173611,0.403000,0,2,48.606000,56
Lassen,ponjeff,10.031000000000001,72,0.187500,0.839000,0,2,48.606000,64
Lassen,ponjeff,10.617000000000001,72,0.201389,0.586000,0,1,48.606000,83
Lassen,ponjeff,12.151999999999999,72,0.215278,1.535000,0,0,48.606000,86
Lassen,ponjeff,15.278,72,0.229167,3.126000,0,1,48.606000,94
Lassen,ponjeff,15.78,72,0.243056,0.502000,0,2,48.606000,94
Lassen,ponjeff,16.527000000000001,72,0.256944,0.747000,0,3,48.606000,94
Lassen,ponjeff,16.844000000000001,72,0.270833,0.317000,0,2,48.606000,74
Lassen,ponjeff,17.294,72,0.284722,0.450000,0,3,48.606000,83
Lassen,ponjeff,18.071000000000002,72,0.298611,0.777000,0,2,48.606000,94
Lassen,ponjeff,18.731000000000002,72,0.312500,0.660000,0,2,48.606000,72
Lassen,ponjeff,19.332999999999998,72,0.326389,0.602000,0,3,48.606000,72
Lassen,ponjeff,19.898,72,0.340278,0.565000,0,2,48.606000,53
Lassen,ponjeff,20.163,72,0.354167,0.265000,0,2,48.606000,97
Lassen,ponjeff,21.387,72,0.368056,1.224000,0,1,48.606000,97
Lassen,ponjeff,21.603999999999999,72,0.381944,0.217000,0,2,48.606000,97
Lassen,ponjeff,22.427,72,0.395833,0.823000,0,2,48.606000,94
Lassen,ponjeff,23.309000000000001,72,0.409722,0.882000,0,2,48.606000,91
Lassen,ponjeff,24.085000000000001,72,0.423611,0.776000,0,2,48.606000,97
Lassen,ponjeff,24.407,72,0.437500,0.322000,0,2,48.606000,96
Lassen,ponjeff,25.271999999999998,72,0.451389,0.865000,0,2,48.606000,96
Lassen,ponjeff,26.088999999999999,72,0.465278,0.817000,0,3,48.606000,87
Lassen,ponjeff,26.402999999999999,72,0.479167,0.314000,0,4,48.606000,96
Lassen,ponjeff,26.86,72,0.493056,0.457000,0,4,48.606000,94
Lassen,ponjeff,27.193000000000001,72,0.506944,0.333000,0,3,48.606000,95
Lassen,ponjeff,27.387,72,0.520833,0.194000,0,3,48.606000,95
Lassen,ponjeff,28.402000000000001,72,0.534722,1.015000,0,2,48.606000,97
Lassen,ponjeff,28.704000000000001,72,0.548611,0.302000,0,2,48.606000,94
Lassen,ponjeff,29.341000000000001,72,0.562500,0.637000,0,4,48.606000,91
Lassen,ponjeff,29.716999999999999,72,0.576389,0.376000,0,2,48.606000,83
Lassen,ponjeff,30.288,72,0.590278,0.571000,0,3,48.606000,95
Lassen,ponjeff,30.738,72,0.604167,0.450000,0,2,48.606000,90
Lassen,ponjeff,31.321000000000002,72,0.618056,0.583000,0,2,48.606000,81
Lassen,ponjeff,32.005000000000003,72,0.631944,0.684000,0,1,48.606000,89
Lassen,ponjeff,34.637,72,0.645833,2.632000,0,1,48.606000,96
Lassen,ponjeff,35.302,72,0.659722,0.665000,0,2,48.606000,90
Lassen,ponjeff,35.795000000000002,72,0.673611,0.493000,0,1,48.606000,94
Lassen,ponjeff,37.476999999999997,72,0.687500,1.682000,0,0,48.606000,96
Lassen,ponjeff,39.420999999999999,72,0.701389,1.944000,0,0,48.606000,91
Lassen,ponjeff,41.889000000000003,72,0.715278,2.468000,0,0,48.606000,43
Lassen,ponjeff,46.307000000000002,72,0.729167,4.418000,0,4,48.606000,81
Lassen,ponjeff,46.533999999999999,72,0.743056,0.227000,0,4,48.606000,93
Lassen,ponjeff,47.072000000000003,72,0.756944,0.538000,1,6,48.606000,95
Lassen,ponjeff,47.098999999999997,72,0.770833,0.027000,1,6,48.606000,97
Lassen,ponjeff,47.281999999999996,72,0.784722,0.183000,0,7,48.606000,83
Lassen,ponjeff,47.688000000000002,72,0.798611,0.406000,0,7,48.606000,98
Lassen,ponjeff,48.009,72,0.812500,0.321000,0,9,48.606000,81
Lassen,ponjeff,48.140999999999998,72,0.826389,0.132000,0,9,48.606000,95
Lassen,ponjeff,48.304000000000002,72,0.840278,0.163000,0,8,48.606000,64
Lassen,ponjeff,48.631999999999998,72,0.854167,0.328000,0,8,48.606000,98
Lassen,ponjeff,48.804000000000002,72,0.868056,0.172000,0,9,48.606000,99
Lassen,ponjeff,48.985999999999997,72,0.881944,0.182000,0,9,48.606000,94
Lassen,ponjeff,49.091000000000001,72,0.895833,0.105000,1,9,48.606000,90
Lassen,ponjeff,49.133000000000003,72,0.909722,0.042000,1,9,48.606000,90
Lassen,ponjeff,49.655000000000001,72,0.923611,0.522000,0,9,48.606000,92
Lassen,ponjeff,49.802999999999997,72,0.937500,0.148000,0,9,48.606000,99
Lassen,ponjeff,49.994,72,0.951389,0.191000,0,7,48.606000,99
Lassen,ponjeff,50.338000000000001,72,0.965278,0.344000,2,5,48.606000,99
Lassen,ponjeff,50.372,72,0.979167,0.034000,2,5,48.606000,98
Lassen,ponjeff,50.408000000000001,72,0.993056,0.036000,2,5,48.606000,99
Lassen,ponjeff,1.8069999999999999,24,0.020833,1.807000,0,2,47.512000,4
Lassen,ponjeff,2.0699999999999998,24,0.062500,0.263000,0,3,47.512000,90
Lassen,ponjeff,2.2250000000000001,24,0.104167,0.155000,0,3,47.512000,5
Lassen,ponjeff,2.9830000000000001,24,0.145833,0.758000,0,5,47.512000,87
Lassen,ponjeff,3.2320000000000002,24,0.187500,0.249000,0,3,47.512000,86
Lassen,ponjeff,3.367,24,0.229167,0.135000,0,3,47.512000,72
Lassen,ponjeff,3.7269999999999999,24,0.270833,0.360000,0,3,47.512000,83
Lassen,ponjeff,4.7750000000000004,24,0.312500,1.048000,0,1,47.512000,90
Lassen,ponjeff,5.6029999999999998,24,0.354167,0.828000,0,1,47.512000,64
Lassen,ponjeff,20.829000000000001,24,0.395833,15.226000,0,1,47.512000,95
Lassen,ponjeff,21.565999999999999,24,0.437500,0.737000,0,1,47.512000,94
Lassen,ponjeff,24.763999999999999,24,0.479167,3.198000,0,0,47.512000,95
Lassen,ponjeff,26.184000000000001,24,0.520833,1.420000,0,0,47.512000,90
Lassen,ponjeff,27.434999999999999,24,0.562500,1.251000,0,0,47.512000,95
Lassen,ponjeff,28.864000000000001,24,0.604167,1.429000,0,0,47.512000,94
Lassen,ponjeff,30.792000000000002,24,0.645833,1.928000,0,0,47.512000,83
Lassen,ponjeff,47.31,24,0.687500,16.518000,0,2,47.512000,52
Lassen,ponjeff,48.003999999999998,24,0.729167,0.694000,0,5,47.512000,47
Lassen,ponjeff,48.106999999999999,24,0.770833,0.103000,0,5,47.512000,72
Lassen,ponjeff,48.429000000000002,24,0.812500,0.322000,0,6,47.512000,76
Lassen,ponjeff,48.642000000000003,24,0.854167,0.213000,0,6,47.512000,38
Lassen,ponjeff,48.802,24,0.895833,0.160000,0,6,47.512000,49
Lassen,ponjeff,49.284999999999997,24,0.937500,0.483000,1,4,47.512000,90
Lassen,ponjeff,49.319000000000003,24,0.979167,0.034000,1,4,47.512000,83
Lassen,ponjeff,2.0390000000000001,58,0.008621,2.039000,0,2,48.378000,91
Lassen,ponjeff,2.7440000000000002,58,0.025862,0.705000,0,4,48.378000,9
Lassen,ponjeff,2.8919999999999999,58,0.043103,0.148000,0,4,48.378000,91
Lassen,ponjeff,3.1459999999999999,58,0.060345,0.254000,1,3,48.378000,90
Lassen,ponjeff,3.2290000000000001,58,0.077586,0.083000,1,3,48.378000,80
Lassen,ponjeff,4.6719999999999997,58,0.094828,1.443000,0,1,48.378000,91
Lassen,ponjeff,5.5970000000000004,58,0.112069,0.925000,0,2,48.378000,40
Lassen,ponjeff,5.9130000000000003,58,0.129310,0.316000,0,1,48.378000,86
Lassen,ponjeff,7.5949999999999998,58,0.146552,1.682000,0,0,48.378000,90
Lassen,ponjeff,9.1649999999999991,58,0.163793,1.570000,0,1,48.378000,43
Lassen,ponjeff,9.9770000000000003,58,0.181034,0.812000,0,1,48.378000,70
Lassen,ponjeff,11.228,58,0.198276,1.251000,0,0,48.378000,87
Lassen,ponjeff,12.243,58,0.215517,1.015000,0,0,48.378000,53
Lassen,ponjeff,20.474,58,0.232759,8.231000,0,1,48.378000,95
Lassen,ponjeff,21.434999999999999,58,0.250000,0.961000,0,2,48.378000,95
Lassen,ponjeff,21.631,58,0.267241,0.196000,0,2,48.378000,93
Lassen,ponjeff,22.446999999999999,58,0.284483,0.816000,0,1,48.378000,94
Lassen,ponjeff,23.472000000000001,58,0.301724,1.025000,0,1,48.378000,96
Lassen,ponjeff,24.239000000000001,58,0.318966,0.767000,0,2,48.378000,96
Lassen,ponjeff,24.62,58,0.336207,0.381000,0,2,48.378000,95
Lassen,ponjeff,25.46,58,0.353448,0.840000,0,2,48.378000,97
Lassen,ponjeff,26.154,58,0.370690,0.694000,0,2,48.378000,49
Lassen,ponjeff,26.893000000000001,58,0.387931,0.739000,0,2,48.378000,94
Lassen,ponjeff,27.257999999999999,58,0.405172,0.365000,0,1,48.378000,94
Lassen,ponjeff,28.532,58,0.422414,1.274000,0,2,48.378000,93
Lassen,ponjeff,28.780999999999999,58,0.439655,0.249000,0,2,48.378000,94
Lassen,ponjeff,29.367999999999999,58,0.456897,0.587000,0,2,48.378000,93
Lassen,ponjeff,30.745000000000001,58,0.474138,1.377000,0,0,48.378000,90
Lassen,ponjeff,31.998000000000001,58,0.491379,1.253000,0,0,48.378000,37
Lassen,ponjeff,34.643000000000001,58,0.508621,2.645000,0,0,48.378000,93
Lassen,ponjeff,37.511000000000003,58,0.525862,2.868000,0,0,48.378000,97
Lassen,ponjeff,41.869,58,0.543103,4.358000,0,0,48.378000,47
Lassen,ponjeff,43.622999999999998,58,0.560345,1.754000,0,1,48.378000,50
Lassen,ponjeff,44.133000000000003,58,0.577586,0.510000,0,1,48.378000,64
Lassen,ponjeff,46.305999999999997,58,0.594828,2.173000,0,3,48.378000,76
Lassen,ponjeff,46.89,58,0.612069,0.584000,0,5,48.378000,90
Lassen,ponjeff,47.116999999999997,58,0.629310,0.227000,0,6,48.378000,80
Lassen,ponjeff,47.28,58,0.646552,0.163000,0,7,48.378000,83
Lassen,ponjeff,47.503999999999998,58,0.663793,0.224000,0,7,48.378000,96
Lassen,ponjeff,47.798000000000002,58,0.681034,0.294000,0,8,48.378000,95
Lassen,ponjeff,48.009,58,0.698276,0.211000,0,9,48.378000,87
Lassen,ponjeff,48.14,58,0.715517,0.131000,0,10,48.378000,46
Lassen,ponjeff,48.311999999999998,58,0.732759,0.172000,0,10,48.378000,97
Lassen,ponjeff,48.636000000000003,58,0.750000,0.324000,0,10,48.378000,95
Lassen,ponjeff,48.805999999999997,58,0.767241,0.170000,0,10,48.378000,38
Lassen,ponjeff,48.985999999999997,58,0.784483,0.180000,1,11,48.378000,97
Lassen,ponjeff,49.039000000000001,58,0.801724,0.053000,2,10,48.378000,92
Lassen,ponjeff,49.091000000000001,58,0.818966,0.052000,2,10,48.378000,87
Lassen,ponjeff,49.164999999999999,58,0.836207,0.074000,1,9,48.378000,98
Lassen,ponjeff,49.497999999999998,58,0.853448,0.333000,0,14,48.378000,99
Lassen,ponjeff,49.66,58,0.870690,0.162000,0,13,48.378000,96
Lassen,ponjeff,49.807000000000002,58,0.887931,0.147000,0,12,48.378000,99
Lassen,ponjeff,50.19,58,0.905172,0.383000,2,8,48.378000,94
Lassen,ponjeff,50.218000000000004,58,0.922414,0.028000,2,8,48.378000,86
Lassen,ponjeff,50.234999999999999,58,0.939655,0.017000,2,8,48.378000,99
Lassen,ponjeff,50.344000000000001,58,0.956897,0.109000,2,8,48.378000,98
Lassen,ponjeff,50.372999999999998,58,0.974138,0.029000,2,8,48.378000,98
Lassen,ponjeff,50.417000000000002,58,0.991379,0.044000,2,8,48.378000,92
Lassen,ponjeff,2.0499999999999998,53,0.009434,2.050000,0,4,48.361000,90
Lassen,ponjeff,2.2240000000000002,53,0.028302,0.174000,1,6,48.361000,9
Lassen,ponjeff,2.3210000000000002,53,0.047170,0.097000,1,6,48.361000,53
Lassen,ponjeff,2.7949999999999999,53,0.066038,0.474000,0,8,48.361000,9
Lassen,ponjeff,2.97,53,0.084906,0.175000,0,8,48.361000,91
Lassen,ponjeff,3.1219999999999999,53,0.103774,0.152000,1,7,48.361000,37
Lassen,ponjeff,3.218,53,0.122642,0.096000,1,7,48.361000,90
Lassen,ponjeff,3.3439999999999999,53,0.141509,0.126000,0,5,48.361000,78
Lassen,ponjeff,3.7149999999999999,53,0.160377,0.371000,0,5,48.361000,83
Lassen,ponjeff,4.7640000000000002,53,0.179245,1.049000,0,1,48.361000,90
Lassen,ponjeff,5.6109999999999998,53,0.198113,0.847000,0,2,48.361000,40
Lassen,ponjeff,5.9660000000000002,53,0.216981,0.355000,0,1,48.361000,80
Lassen,ponjeff,7.6820000000000004,53,0.235849,1.716000,0,0,48.361000,90
Lassen,ponjeff,8.7710000000000008,53,0.254717,1.089000,0,0,48.361000,64
Lassen,ponjeff,18.141999999999999,53,0.273585,9.371000,0,0,48.361000,91
Lassen,ponjeff,20.167999999999999,53,0.292453,2.026000,0,0,48.361000,97
Lassen,ponjeff,21.518000000000001,53,0.311321,1.350000,0,2,48.361000,95
Lassen,ponjeff,21.672000000000001,53,0.330189,0.154000,0,2,48.361000,91
Lassen,ponjeff,22.465,53,0.349057,0.793000,0,2,48.361000,95
Lassen,ponjeff,23.527000000000001,53,0.367925,1.062000,0,1,48.361000,95
Lassen,ponjeff,24.292999999999999,53,0.386792,0.766000,0,2,48.361000,97
Lassen,ponjeff,24.704999999999998,53,0.405660,0.412000,0,2,48.361000,96
Lassen,ponjeff,25.498000000000001,53,0.424528,0.793000,0,2,48.361000,97
Lassen,ponjeff,26.167999999999999,53,0.443396,0.670000,0,2,48.361000,52
Lassen,ponjeff,26.905000000000001,53,0.462264,0.737000,0,2,48.361000,95
Lassen,ponjeff,27.247,53,0.481132,0.342000,0,1,48.361000,94
Lassen,ponjeff,28.553000000000001,53,0.500000,1.306000,0,2,48.361000,95
Lassen,ponjeff,28.817,53,0.518868,0.264000,0,2,48.361000,94
Lassen,ponjeff,29.402000000000001,53,0.537736,0.585000,0,2,48.361000,94
Lassen,ponjeff,30.760999999999999,53,0.556604,1.359000,0,0,48.361000,90
Lassen,ponjeff,37.53,53,0.575472,6.769000,0,0,48.361000,96
Lassen,ponjeff,45.8,53,0.594340,8.270000,0,2,48.361000,93
Lassen,ponjeff,46.08,53,0.613208,0.280000,0,3,48.361000,17
Lassen,ponjeff,46.305,53,0.632075,0.225000,0,4,48.361000,76
Lassen,ponjeff,46.886000000000003,53,0.650943,0.581000,0,5,48.361000,87
Lassen,ponjeff,47.277000000000001,53,0.669811,0.391000,1,5,48.361000,43
Lassen,ponjeff,47.335000000000001,53,0.688679,0.058000,1,5,48.361000,94
Lassen,ponjeff,47.683999999999997,53,0.707547,0.349000,0,7,48.361000,64
Lassen,ponjeff,48.006,53,0.726415,0.322000,0,8,48.361000,95
Lassen,ponjeff,48.304000000000002,53,0.745283,0.298000,0,8,48.361000,58
Lassen,ponjeff,48.533000000000001,53,0.764151,0.229000,0,8,48.361000,96
Lassen,ponjeff,48.637,53,0.783019,0.104000,0,8,48.361000,95
Lassen,ponjeff,48.804000000000002,53,0.801887,0.167000,0,9,48.361000,99
Lassen,ponjeff,48.984999999999999,53,0.820755,0.181000,0,9,48.361000,95
Lassen,ponjeff,49.165999999999997,53,0.839623,0.181000,0,9,48.361000,86
Lassen,ponjeff,49.381,53,0.858491,0.215000,0,11,48.361000,52
Lassen,ponjeff,49.645000000000003,53,0.877358,0.264000,0,10,48.361000,98
Lassen,ponjeff,49.802999999999997,53,0.896226,0.158000,0,10,48.361000,97
Lassen,ponjeff,49.993000000000002,53,0.915094,0.190000,0,8,48.361000,99
Lassen,ponjeff,50.24,53,0.933962,0.247000,1,7,48.361000,99
Lassen,ponjeff,50.338000000000001,53,0.952830,0.098000,3,7,48.361000,99
Lassen,ponjeff,50.372,53,0.971698,0.034000,2,7,48.361000,93
Lassen,ponjeff,50.411000000000001,53,0.990566,0.039000,2,6,48.361000,97
Lassen,ponjeff,2.0699999999999998,19,0.026316,2.070000,0,2,47.727000,90
Lassen,ponjeff,2.2330000000000001,19,0.078947,0.163000,0,4,47.727000,5
Lassen,ponjeff,2.9849999999999999,19,0.131579,0.752000,0,6,47.727000,91
Lassen,ponjeff,3.14,19,0.184211,0.155000,1,5,47.727000,7
Lassen,ponjeff,3.2330000000000001,19,0.236842,0.093000,1,5,47.727000,86
Lassen,ponjeff,3.371,19,0.289474,0.138000,0,4,47.727000,50
Lassen,ponjeff,3.72,19,0.342105,0.349000,0,4,47.727000,83
Lassen,ponjeff,4.7809999999999997,19,0.394737,1.061000,0,1,47.727000,90
Lassen,ponjeff,5.6230000000000002,19,0.447368,0.842000,0,1,47.727000,56
Lassen,ponjeff,20.802,19,0.500000,15.179000,0,1,47.727000,95
Lassen,ponjeff,21.573,19,0.552632,0.771000,0,1,47.727000,95
Lassen,ponjeff,24.785,19,0.605263,3.212000,0,0,47.727000,97
Lassen,ponjeff,26.196999999999999,19,0.657895,1.412000,0,0,47.727000,90
Lassen,ponjeff,27.48,19,0.710526,1.283000,0,0,47.727000,93
Lassen,ponjeff,28.893000000000001,19,0.763158,1.413000,0,0,47.727000,93
Lassen,ponjeff,30.812000000000001,19,0.815789,1.919000,0,0,47.727000,87
Lassen,ponjeff,48.01,19,0.868421,17.198000,0,1,47.727000,49
Lassen,ponjeff,48.643000000000001,19,0.921053,0.633000,0,1,47.727000,83
Lassen,ponjeff,49.796999999999997,19,0.973684,1.154000,0,0,47.727000,70
Lassen,ribcereum,1.79,43,0.011628,1.790000,0,2,48.622000,4
Lassen,ribcereum,2.0609999999999999,43,0.034884,0.271000,0,3,48.622000,90
Lassen,ribcereum,2.2000000000000002,43,0.058140,0.139000,0,4,48.622000,7
Lassen,ribcereum,3.0190000000000001,43,0.081395,0.819000,1,4,48.622000,87
Lassen,ribcereum,3.1150000000000002,43,0.104651,0.096000,1,4,48.622000,36
Lassen,ribcereum,3.7280000000000002,43,0.127907,0.613000,0,3,48.622000,83
Lassen,ribcereum,4.1029999999999998,43,0.151163,0.375000,0,3,48.622000,64
Lassen,ribcereum,4.7729999999999997,43,0.174419,0.670000,0,3,48.622000,90
Lassen,ribcereum,5.2130000000000001,43,0.197674,0.440000,0,3,48.622000,74
Lassen,ribcereum,5.633,43,0.220930,0.420000,0,3,48.622000,38
Lassen,ribcereum,5.8579999999999997,43,0.244186,0.225000,0,2,48.622000,80
Lassen,ribcereum,7.7009999999999996,43,0.267442,1.843000,0,0,48.622000,90
Lassen,ribcereum,13.114000000000001,43,0.290698,5.413000,0,0,48.622000,80
Lassen,ribcereum,16.581,43,0.313953,3.467000,0,0,48.622000,91
Lassen,ribcereum,20.83,43,0.337209,4.249000,0,1,48.622000,94
Lassen,ribcereum,21.643000000000001,43,0.360465,0.813000,0,1,48.622000,93
Lassen,ribcereum,23.373999999999999,43,0.383721,1.731000,0,0,48.622000,87
Lassen,ribcereum,24.73,43,0.406977,1.356000,0,0,48.622000,90
Lassen,ribcereum,27.445,43,0.430233,2.715000,0,0,48.622000,95
Lassen,ribcereum,28.555,43,0.453488,1.110000,0,2,48.622000,97
Lassen,ribcereum,28.858000000000001,43,0.476744,0.303000,0,2,48.622000,93
Lassen,ribcereum,29.445,43,0.500000,0.587000,0,2,48.622000,86
Lassen,ribcereum,30.806999999999999,43,0.523256,1.362000,0,0,48.622000,90
Lassen,ribcereum,32.051000000000002,43,0.546512,1.244000,0,1,48.622000,64
Lassen,ribcereum,32.195999999999998,43,0.569767,0.145000,0,1,48.622000,87
Lassen,ribcereum,35.475999999999999,43,0.593023,3.280000,0,0,48.622000,64
Lassen,ribcereum,41.905999999999999,43,0.616279,6.430000,0,0,48.622000,42
Lassen,ribcereum,46.078000000000003,43,0.639535,4.172000,0,2,48.622000,72
Lassen,ribcereum,46.209000000000003,43,0.662791,0.131000,0,3,48.622000,70
Lassen,ribcereum,46.311999999999998,43,0.686047,0.103000,0,4,48.622000,52
Lassen,ribcereum,47.156999999999996,43,0.709302,0.845000,0,4,48.622000,50
Lassen,ribcereum,47.293999999999997,43,0.732558,0.137000,0,3,48.622000,72
Lassen,ribcereum,48.012,43,0.755814,0.718000,0,5,48.622000,89
Lassen,ribcereum,48.308999999999997,43,0.779070,0.297000,0,4,48.622000,50
Lassen,ribcereum,48.832000000000001,43,0.802326,0.523000,0,6,48.622000,99
Lassen,ribcereum,48.985999999999997,43,0.825581,0.154000,0,7,48.622000,97
Lassen,ribcereum,49.222000000000001,43,0.848837,0.236000,0,7,48.622000,53
Lassen,ribcereum,49.542999999999999,43,0.872093,0.321000,0,8,48.622000,90
Lassen,ribcereum,49.805999999999997,43,0.895349,0.263000,1,8,48.622000,99
Lassen,ribcereum,49.890999999999998,43,0.918605,0.085000,1,7,48.622000,83
Lassen,ribcereum,50.101999999999997,43,0.941860,0.211000,0,6,48.622000,93
Lassen,ribcereum,50.338000000000001,43,0.965116,0.236000,1,5,48.622000,95
Lassen,ribcereum,50.411999999999999,43,0.988372,0.074000,1,5,48.622000,98
Lassen,ribcereum,1.802,52,0.009615,1.802000,0,3,48.696000,4
Lassen,ribcereum,1.909,52,0.028846,0.107000,0,3,48.696000,38
Lassen,ribcereum,2.0670000000000002,52,0.048077,0.158000,0,4,48.696000,90
Lassen,ribcereum,2.2189999999999999,52,0.067308,0.152000,0,5,48.696000,7
Lassen,ribcereum,3.03,52,0.086538,0.811000,1,5,48.696000,80
Lassen,ribcereum,3.12,52,0.105769,0.090000,1,5,48.696000,39
Lassen,ribcereum,3.3679999999999999,52,0.125000,0.248000,0,4,48.696000,46
Lassen,ribcereum,3.734,52,0.144231,0.366000,0,5,48.696000,90
Lassen,ribcereum,4.101,52,0.163462,0.367000,0,6,48.696000,81
Lassen,ribcereum,4.4580000000000002,52,0.182692,0.357000,0,5,48.696000,36
Lassen,ribcereum,4.7759999999999998,52,0.201923,0.318000,0,5,48.696000,86
Lassen,ribcereum,5.0449999999999999,52,0.221154,0.269000,0,6,48.696000,38
Lassen,ribcereum,5.2060000000000004,52,0.240385,0.161000,0,5,48.696000,64
Lassen,ribcereum,5.6280000000000001,52,0.259615,0.422000,0,4,48.696000,50
Lassen,ribcereum,5.8579999999999997,52,0.278846,0.230000,0,3,48.696000,90
Lassen,ribcereum,7.6989999999999998,52,0.298077,1.841000,0,0,48.696000,90
Lassen,ribcereum,8.81,52,0.317308,1.111000,0,0,48.696000,83
Lassen,ribcereum,13.103999999999999,52,0.336538,4.294000,0,0,48.696000,72
Lassen,ribcereum,16.582999999999998,52,0.355769,3.479000,0,0,48.696000,80
Lassen,ribcereum,20.803999999999998,52,0.375000,4.221000,0,1,48.696000,95
Lassen,ribcereum,21.707999999999998,52,0.394231,0.904000,0,1,48.696000,90
Lassen,ribcereum,23.39,52,0.413462,1.682000,0,0,48.696000,91
Lassen,ribcereum,24.739000000000001,52,0.432692,1.349000,0,0,48.696000,90
Lassen,ribcereum,26.931000000000001,52,0.451923,2.192000,0,1,48.696000,46
Lassen,ribcereum,27.395,52,0.471154,0.464000,0,1,48.696000,94
Lassen,ribcereum,28.585999999999999,52,0.490385,1.191000,0,2,48.696000,93
Lassen,ribcereum,28.861000000000001,52,0.509615,0.275000,0,2,48.696000,94
Lassen,ribcereum,29.495999999999999,52,0.528846,0.635000,0,2,48.696000,78
Lassen,ribcereum,30.792999999999999,52,0.548077,1.297000,0,0,48.696000,52
Lassen,ribcereum,32.207999999999998,52,0.567308,1.415000,0,1,48.696000,91
Lassen,ribcereum,32.529000000000003,52,0.586538,0.321000,0,1,48.696000,49
Lassen,ribcereum,35.469000000000001,52,0.605769,2.940000,0,0,48.696000,50
Lassen,ribcereum,46.075000000000003,52,0.625000,10.606000,0,1,48.696000,94
Lassen,ribcereum,46.89,52,0.644231,0.815000,0,3,48.696000,87
Lassen,ribcereum,47.287999999999997,52,0.663462,0.398000,0,3,48.696000,53
Lassen,ribcereum,47.753999999999998,52,0.682692,0.466000,0,4,48.696000,38
Lassen,ribcereum,48.009,52,0.701923,0.255000,0,5,48.696000,62
Lassen,ribcereum,48.305999999999997,52,0.721154,0.297000,0,6,48.696000,50
Lassen,ribcereum,48.832000000000001,52,0.740385,0.526000,0,8,48.696000,99
Lassen,ribcereum,48.966999999999999,52,0.759615,0.135000,1,9,48.696000,53
Lassen,ribcereum,49.055,52,0.778846,0.088000,1,9,48.696000,95
Lassen,ribcereum,49.168999999999997,52,0.798077,0.114000,0,10,48.696000,99
Lassen,ribcereum,49.335999999999999,52,0.817308,0.167000,0,10,48.696000,92
Lassen,ribcereum,49.570999999999998,52,0.836538,0.235000,0,13,48.696000,98
Lassen,ribcereum,49.793999999999997,52,0.855769,0.223000,1,13,48.696000,93
Lassen,ribcereum,49.866,52,0.875000,0.072000,1,12,48.696000,83
Lassen,ribcereum,50.017000000000003,52,0.894231,0.151000,1,11,48.696000,93
Lassen,ribcereum,50.1,52,0.913462,0.083000,1,10,48.696000,93
Lassen,ribcereum,50.332000000000001,52,0.932692,0.232000,2,9,48.696000,96
Lassen,ribcereum,50.372,52,0.951923,0.040000,2,8,48.696000,98
Lassen,ribcereum,50.408000000000001,52,0.971154,0.036000,3,8,48.696000,99
Lassen,ribcereum,50.497999999999998,52,0.990385,0.090000,1,8,48.696000,97
Lassen,ribcereum,1.9510000000000001,80,0.006250,1.951000,0,4,48.583000,47
Lassen,ribcereum,2.069,80,0.018750,0.118000,0,5,48.583000,90
Lassen,ribcereum,2.2120000000000002,80,0.031250,0.143000,0,6,48.583000,7
Lassen,ribcereum,2.4569999999999999,80,0.043750,0.245000,0,8,48.583000,43
Lassen,ribcereum,2.6720000000000002,80,0.056250,0.215000,0,9,48.583000,9
Lassen,ribcereum,3.0209999999999999,80,0.068750,0.349000,1,9,48.583000,90
Lassen,ribcereum,3.1110000000000002,80,0.081250,0.090000,1,9,48.583000,36
Lassen,ribcereum,3.2290000000000001,80,0.093750,0.118000,0,8,48.583000,90
Lassen,ribcereum,3.3639999999999999,80,0.106250,0.135000,0,8,48.583000,27
Lassen,ribcereum,3.5659999999999998,80,0.118750,0.202000,0,8,48.583000,53
Lassen,ribcereum,3.7210000000000001,80,0.131250,0.155000,0,7,48.583000,83
Lassen,ribcereum,4.101,80,0.143750,0.380000,0,9,48.583000,90
Lassen,ribcereum,4.4589999999999996,80,0.156250,0.358000,0,7,48.583000,9
Lassen,ribcereum,4.774,80,0.168750,0.315000,0,6,48.583000,87
Lassen,ribcereum,4.9279999999999999,80,0.181250,0.154000,0,7,48.583000,53
Lassen,ribcereum,5.0359999999999996,80,0.193750,0.108000,0,7,48.583000,25
Lassen,ribcereum,5.202,80,0.206250,0.166000,0,6,48.583000,76
Lassen,ribcereum,5.617,80,0.218750,0.415000,0,5,48.583000,40
Lassen,ribcereum,5.8559999999999999,80,0.231250,0.239000,0,4,48.583000,87
Lassen,ribcereum,7.19,80,0.243750,1.334000,0,2,48.583000,16
Lassen,ribcereum,7.3970000000000002,80,0.256250,0.207000,0,2,48.583000,86
Lassen,ribcereum,7.6890000000000001,80,0.268750,0.292000,0,2,48.583000,90
Lassen,ribcereum,9.7260000000000009,80,0.281250,2.037000,0,1,48.583000,47
Lassen,ribcereum,9.9770000000000003,80,0.293750,0.251000,0,1,48.583000,58
Lassen,ribcereum,12.21,80,0.306250,2.233000,0,2,48.583000,87
Lassen,ribcereum,12.458,80,0.318750,0.248000,0,2,48.583000,64
Lassen,ribcereum,13.101000000000001,80,0.331250,0.643000,0,3,48.583000,72
Lassen,ribcereum,13.7,80,0.343750,0.599000,0,1,48.583000,91
Lassen,ribcereum,15.994,80,0.356250,2.294000,0,1,48.583000,81
Lassen,ribcereum,16.547999999999998,80,0.368750,0.554000,0,2,48.583000,93
Lassen,ribcereum,17.068999999999999,80,0.381250,0.521000,0,2,48.583000,25
Lassen,ribcereum,17.623999999999999,80,0.393750,0.555000,0,1,48.583000,80
Lassen,ribcereum,20.821000000000002,80,0.406250,3.197000,0,2,48.583000,93
Lassen,ribcereum,21.39,80,0.418750,0.569000,0,2,48.583000,95
Lassen,ribcereum,21.564,80,0.431250,0.174000,0,2,48.583000,90
Lassen,ribcereum,23.291,80,0.443750,1.727000,0,1,48.583000,93
Lassen,ribcereum,23.942,80,0.456250,0.651000,0,2,48.583000,95
Lassen,ribcereum,24.698,80,0.468750,0.756000,0,3,48.583000,93
Lassen,ribcereum,25.24,80,0.481250,0.542000,0,3,48.583000,30
Lassen,ribcereum,25.518999999999998,80,0.493750,0.279000,0,4,48.583000,97
Lassen,ribcereum,25.890999999999998,80,0.506250,0.372000,0,3,48.583000,53
Lassen,ribcereum,26.509,80,0.518750,0.618000,0,4,48.583000,91
Lassen,ribcereum,26.908000000000001,80,0.531250,0.399000,0,2,48.583000,64
Lassen,ribcereum,27.445,80,0.543750,0.537000,0,2,48.583000,90
Lassen,ribcereum,28.545999999999999,80,0.556250,1.101000,0,2,48.583000,97
Lassen,ribcereum,28.824999999999999,80,0.568750,0.279000,0,2,48.583000,94
Lassen,ribcereum,29.379000000000001,80,0.581250,0.554000,0,2,48.583000,58
Lassen,ribcereum,30.774999999999999,80,0.593750,1.396000,0,1,48.583000,93
Lassen,ribcereum,31.314,80,0.606250,0.539000,0,2,48.583000,87
Lassen,ribcereum,32.033000000000001,80,0.618750,0.719000,0,1,48.583000,93
Lassen,ribcereum,33.072000000000003,80,0.631250,1.039000,0,0,48.583000,62
Lassen,ribcereum,34.677,80,0.643750,1.605000,0,1,48.583000,95
Lassen,ribcereum,35.448,80,0.656250,0.771000,0,2,48.583000,74
Lassen,ribcereum,37.124000000000002,80,0.681250,1.268000,0,1,48.583000,83
Lassen,ribcereum,37.523000000000003,80,0.693750,0.399000,0,1,48.583000,81
Lassen,ribcereum,43.225999999999999,80,0.706250,5.703000,0,1,48.583000,32
Lassen,ribcereum,43.875999999999998,80,0.718750,0.650000,0,2,48.583000,22
Lassen,ribcereum,44.649000000000001,80,0.731250,0.773000,0,3,48.583000,42
Lassen,ribcereum,45.296999999999997,80,0.743750,0.648000,1,4,48.583000,64
Lassen,ribcereum,45.359000000000002,80,0.756250,0.062000,1,4,48.583000,93
Lassen,ribcereum,46.078000000000003,80,0.768750,0.719000,0,3,48.583000,64
Lassen,ribcereum,46.2,80,0.781250,0.122000,0,3,48.583000,96
Lassen,ribcereum,47.4,80,0.793750,1.200000,0,1,48.583000,64
Lassen,ribcereum,47.750999999999998,80,0.806250,0.351000,0,2,48.583000,53
Lassen,ribcereum,48.406999999999996,80,0.818750,0.656000,0,6,48.583000,50
Lassen,ribcereum,48.765000000000001,80,0.831250,0.358000,1,5,48.583000,94
Lassen,ribcereum,48.829000000000001,80,0.843750,0.064000,1,6,48.583000,99
Lassen,ribcereum,49.05,80,0.856250,0.221000,0,7,48.583000,46
Lassen,ribcereum,49.284999999999997,80,0.868750,0.235000,1,9,48.583000,96
Lassen,ribcereum,49.323999999999998,80,0.881250,0.039000,1,9,48.583000,55
Lassen,ribcereum,49.805999999999997,80,0.893750,0.482000,1,12,48.583000,95
Lassen,ribcereum,49.89,80,0.906250,0.084000,1,11,48.583000,91
Lassen,ribcereum,50.109000000000002,80,0.918750,0.219000,1,10,48.583000,91
Lassen,ribcereum,50.131999999999998,80,0.931250,0.023000,1,10,48.583000,97
Lassen,ribcereum,50.338000000000001,80,0.943750,0.206000,2,8,48.583000,99
Lassen,ribcereum,50.37,80,0.956250,0.032000,2,8,48.583000,99
Lassen,ribcereum,50.406999999999996,80,0.968750,0.037000,3,8,48.583000,99
Lassen,ribcereum,50.475000000000001,80,0.981250,0.068000,2,8,48.583000,97
Lassen,ribcereum,50.533999999999999,80,0.993750,0.059000,1,8,48.583000,49
Lassen,ribcereum,2.0579999999999998,37,0.013514,2.058000,0,2,48.292000,91
Lassen,ribcereum,2.2000000000000002,37,0.040541,0.142000,0,3,48.292000,7
Lassen,ribcereum,2.9860000000000002,37,0.067568,0.786000,0,4,48.292000,58
Lassen,ribcereum,3.121,37,0.094595,0.135000,0,4,48.292000,47
Lassen,ribcereum,3.734,37,0.121622,0.613000,0,3,48.292000,90
Lassen,ribcereum,4.1029999999999998,37,0.148649,0.369000,0,4,48.292000,87
Lassen,ribcereum,4.7729999999999997,37,0.175676,0.670000,0,4,48.292000,80
Lassen,ribcereum,5.0490000000000004,37,0.202703,0.276000,0,5,48.292000,43
Lassen,ribcereum,5.2569999999999997,37,0.229730,0.208000,0,4,48.292000,87
Lassen,ribcereum,5.6310000000000002,37,0.256757,0.374000,0,4,48.292000,28
Lassen,ribcereum,5.8609999999999998,37,0.283784,0.230000,0,3,48.292000,90
Lassen,ribcereum,7.7060000000000004,37,0.310811,1.845000,0,0,48.292000,90
Lassen,ribcereum,21.539000000000001,37,0.337838,13.833000,0,0,48.292000,94
Lassen,ribcereum,23.414000000000001,37,0.364865,1.875000,0,0,48.292000,90
Lassen,ribcereum,26.972000000000001,37,0.391892,3.558000,0,1,48.292000,64
Lassen,ribcereum,27.562999999999999,37,0.418919,0.591000,0,3,48.292000,94
Lassen,ribcereum,28.1,37,0.445946,0.537000,0,2,48.292000,53
Lassen,ribcereum,28.556999999999999,37,0.472973,0.457000,0,3,48.292000,97
Lassen,ribcereum,29.521000000000001,37,0.500000,0.964000,0,1,48.292000,59
Lassen,ribcereum,32.046999999999997,37,0.527027,2.526000,0,0,48.292000,92
Lassen,ribcereum,46.079000000000001,37,0.554054,14.032000,0,1,48.292000,46
Lassen,ribcereum,46.212000000000003,37,0.581081,0.133000,0,1,48.292000,12
Lassen,ribcereum,47.755000000000003,37,0.608108,1.543000,0,2,48.292000,35
Lassen,ribcereum,48.078000000000003,37,0.635135,0.323000,0,6,48.292000,47
Lassen,ribcereum,48.316000000000003,37,0.662162,0.238000,0,7,48.292000,96
Lassen,ribcereum,48.81,37,0.689189,0.494000,1,10,48.292000,99
Lassen,ribcereum,48.884999999999998,37,0.716216,0.075000,2,11,48.292000,32
Lassen,ribcereum,48.981999999999999,37,0.743243,0.097000,2,11,48.292000,97
Lassen,ribcereum,49.039000000000001,37,0.770270,0.057000,1,11,48.292000,93
Lassen,ribcereum,49.23,37,0.797297,0.191000,0,10,48.292000,47
Lassen,ribcereum,49.405000000000001,37,0.824324,0.175000,1,11,48.292000,94
Lassen,ribcereum,49.457999999999998,37,0.851351,0.053000,1,11,48.292000,80
Lassen,ribcereum,49.639000000000003,37,0.878378,0.181000,0,11,48.292000,93
Lassen,ribcereum,49.805999999999997,37,0.905405,0.167000,1,11,48.292000,95
Lassen,ribcereum,49.863,37,0.932432,0.057000,1,10,48.292000,70
Lassen,ribcereum,50.231000000000002,37,0.959459,0.368000,0,6,48.292000,95
Lassen,ribcereum,50.35,37,0.986486,0.119000,0,6,48.292000,99
PointReyes,bacchpilu,2.0289999999999999,21,0.023810,2.029000,0,1,47.623000,64
PointReyes,bacchpilu,2.9849999999999999,21,0.071429,0.956000,0,3,47.623000,91
PointReyes,bacchpilu,3.1339999999999999,21,0.119048,0.149000,0,2,47.623000,9
PointReyes,bacchpilu,3.7280000000000002,21,0.166667,0.594000,0,2,47.623000,78
PointReyes,bacchpilu,4.7830000000000004,21,0.214286,1.055000,0,0,47.623000,91
PointReyes,bacchpilu,7.7279999999999998,21,0.261905,2.945000,0,0,47.623000,59
PointReyes,bacchpilu,20.891999999999999,21,0.309524,13.164000,0,2,47.623000,94
PointReyes,bacchpilu,21.591000000000001,21,0.357143,0.699000,0,2,47.623000,94
PointReyes,bacchpilu,21.748000000000001,21,0.404762,0.157000,0,2,47.623000,94
PointReyes,bacchpilu,27.010999999999999,21,0.452381,5.263000,0,1,47.623000,95
PointReyes,bacchpilu,27.466000000000001,21,0.500000,0.455000,0,1,47.623000,97
PointReyes,bacchpilu,28.619,21,0.547619,1.153000,0,2,47.623000,90
PointReyes,bacchpilu,28.9,21,0.595238,0.281000,0,2,47.623000,95
PointReyes,bacchpilu,29.472999999999999,21,0.642857,0.573000,0,2,47.623000,64
PointReyes,bacchpilu,35.494,21,0.690476,6.021000,0,0,47.623000,72
PointReyes,bacchpilu,46.216000000000001,21,0.738095,10.722000,0,1,47.623000,76
PointReyes,bacchpilu,46.899000000000001,21,0.785714,0.683000,0,1,47.623000,86
PointReyes,bacchpilu,48.02,21,0.833333,1.121000,0,2,47.623000,53
PointReyes,bacchpilu,48.569000000000003,21,0.880952,0.549000,0,2,47.623000,80
PointReyes,bacchpilu,48.814999999999998,21,0.928571,0.246000,0,3,47.623000,99
PointReyes,bacchpilu,49.652000000000001,21,0.976190,0.837000,0,1,47.623000,94
PointReyes,bacchpilu,2.0499999999999998,27,0.018519,2.050000,0,2,47.592000,80
PointReyes,bacchpilu,2.198,27,0.055556,0.148000,0,3,47.592000,9
PointReyes,bacchpilu,2.9830000000000001,27,0.092593,0.785000,0,4,47.592000,91
PointReyes,bacchpilu,3.1230000000000002,27,0.129630,0.140000,0,3,47.592000,23
PointReyes,bacchpilu,3.7240000000000002,27,0.166667,0.601000,0,2,47.592000,83
PointReyes,bacchpilu,4.78,27,0.203704,1.056000,0,0,47.592000,90
PointReyes,bacchpilu,6.1890000000000001,27,0.240741,1.409000,0,0,47.592000,53
PointReyes,bacchpilu,7.7270000000000003,27,0.277778,1.538000,0,0,47.592000,80
PointReyes,bacchpilu,10.159000000000001,27,0.314815,2.432000,0,0,47.592000,81
PointReyes,bacchpilu,20.888000000000002,27,0.351852,10.729000,0,2,47.592000,93
PointReyes,bacchpilu,21.408000000000001,27,0.388889,0.520000,0,2,47.592000,72
PointReyes,bacchpilu,21.766999999999999,27,0.425926,0.359000,0,2,47.592000,83
PointReyes,bacchpilu,27.472000000000001,27,0.462963,5.705000,0,0,47.592000,95
PointReyes,bacchpilu,28.620999999999999,27,0.500000,1.149000,0,2,47.592000,83
PointReyes,bacchpilu,28.898,27,0.537037,0.277000,0,2,47.592000,93
PointReyes,bacchpilu,29.459,27,0.574074,0.561000,0,2,47.592000,94
PointReyes,bacchpilu,32.040999999999997,27,0.611111,2.582000,0,0,47.592000,64
PointReyes,bacchpilu,35.503999999999998,27,0.648148,3.463000,0,0,47.592000,78
PointReyes,bacchpilu,47.128,27,0.685185,11.624000,1,4,47.592000,72
PointReyes,bacchpilu,47.168999999999997,27,0.722222,0.041000,1,4,47.592000,72
PointReyes,bacchpilu,47.496000000000002,27,0.759259,0.327000,0,5,47.592000,59
PointReyes,bacchpilu,47.823,27,0.796296,0.327000,0,6,47.592000,95
PointReyes,bacchpilu,48.017000000000003,27,0.833333,0.194000,0,7,47.592000,87
PointReyes,bacchpilu,48.313000000000002,27,0.870370,0.296000,0,5,47.592000,38
PointReyes,bacchpilu,48.814999999999998,27,0.907407,0.502000,0,5,47.592000,96
PointReyes,bacchpilu,48.994999999999997,27,0.944444,0.180000,0,4,47.592000,95
PointReyes,bacchpilu,49.642000000000003,27,0.981481,0.647000,0,2,47.592000,94
PointReyes,bacchpilu,2.2229999999999999,27,0.018519,2.223000,0,3,47.584000,38
PointReyes,bacchpilu,2.7890000000000001,27,0.055556,0.566000,0,4,47.584000,90
PointReyes,bacchpilu,2.9569999999999999,27,0.092593,0.168000,0,4,47.584000,91
PointReyes,bacchpilu,3.1120000000000001,27,0.129630,0.155000,0,4,47.584000,15
PointReyes,bacchpilu,3.7130000000000001,27,0.166667,0.601000,0,3,47.584000,47
PointReyes,bacchpilu,4.7539999999999996,27,0.203704,1.041000,0,0,47.584000,90
PointReyes,bacchpilu,7.6849999999999996,27,0.240741,2.931000,0,0,47.584000,90
PointReyes,bacchpilu,20.864999999999998,27,0.277778,13.180000,0,1,47.584000,94
PointReyes,bacchpilu,21.731999999999999,27,0.314815,0.867000,0,1,47.584000,87
PointReyes,bacchpilu,26.96,27,0.351852,5.228000,0,1,47.584000,59
PointReyes,bacchpilu,27.428999999999998,27,0.388889,0.469000,0,1,47.584000,94
PointReyes,bacchpilu,28.571999999999999,27,0.425926,1.143000,0,2,47.584000,38
PointReyes,bacchpilu,28.861000000000001,27,0.462963,0.289000,0,2,47.584000,81
PointReyes,bacchpilu,29.408999999999999,27,0.500000,0.548000,0,2,47.584000,59
PointReyes,bacchpilu,32.015000000000001,27,0.537037,2.606000,0,0,47.584000,53
PointReyes,bacchpilu,35.468000000000004,27,0.574074,3.453000,0,0,47.584000,78
PointReyes,bacchpilu,46.862000000000002,27,0.611111,11.394000,0,3,47.584000,87
PointReyes,bacchpilu,47.122,27,0.648148,0.260000,1,5,47.584000,86
PointReyes,bacchpilu,47.167999999999999,27,0.685185,0.046000,1,5,47.584000,80
PointReyes,bacchpilu,47.412999999999997,27,0.722222,0.245000,0,6,47.584000,50
PointReyes,bacchpilu,48.012999999999998,27,0.759259,0.600000,1,8,47.584000,83
PointReyes,bacchpilu,48.107999999999997,27,0.796296,0.095000,1,8,47.584000,87
PointReyes,bacchpilu,48.31,27,0.833333,0.202000,0,6,47.584000,50
PointReyes,bacchpilu,48.706000000000003,27,0.870370,0.396000,0,5,47.584000,59
PointReyes,bacchpilu,48.811999999999998,27,0.907407,0.106000,0,6,47.584000,98
PointReyes,bacchpilu,48.991999999999997,27,0.944444,0.180000,0,6,47.584000,95
PointReyes,bacchpilu,49.807000000000002,27,0.981481,0.815000,0,2,47.584000,99
PointReyes,bacchpilu,2.2250000000000001,32,0.015625,2.225000,0,3,48.116000,5
PointReyes,bacchpilu,2.8170000000000002,32,0.046875,0.592000,0,4,48.116000,80
PointReyes,bacchpilu,2.9830000000000001,32,0.078125,0.166000,0,4,48.116000,91
PointReyes,bacchpilu,3.1269999999999998,32,0.109375,0.144000,0,4,48.116000,14
PointReyes,bacchpilu,3.7229999999999999,32,0.140625,0.596000,0,3,48.116000,83
PointReyes,bacchpilu,4.7779999999999996,32,0.171875,1.055000,0,0,48.116000,90
PointReyes,bacchpilu,20.85,32,0.203125,16.072000,0,1,48.116000,95
PointReyes,bacchpilu,21.672000000000001,32,0.234375,0.822000,0,1,48.116000,94
PointReyes,bacchpilu,23.417000000000002,32,0.265625,1.745000,0,1,48.116000,87
PointReyes,bacchpilu,24.337,32,0.296875,0.920000,0,2,48.116000,94
PointReyes,bacchpilu,24.741,32,0.328125,0.404000,0,2,48.116000,90
PointReyes,bacchpilu,25.532,32,0.359375,0.791000,0,2,48.116000,95
PointReyes,bacchpilu,26.184999999999999,32,0.390625,0.653000,0,1,48.116000,43
PointReyes,bacchpilu,27.241,32,0.421875,1.056000,0,0,48.116000,94
PointReyes,bacchpilu,28.591999999999999,32,0.453125,1.351000,0,2,48.116000,70
PointReyes,bacchpilu,28.783000000000001,32,0.484375,0.191000,0,2,48.116000,94
PointReyes,bacchpilu,29.227,32,0.515625,0.444000,0,2,48.116000,94
PointReyes,bacchpilu,30.486999999999998,32,0.546875,1.260000,0,2,48.116000,74
PointReyes,bacchpilu,30.792999999999999,32,0.578125,0.306000,0,2,48.116000,90
PointReyes,bacchpilu,31.349,32,0.609375,0.556000,0,2,48.116000,90
PointReyes,bacchpilu,35.49,32,0.640625,4.141000,0,0,48.116000,86
PointReyes,bacchpilu,48.015000000000001,32,0.671875,12.525000,0,4,48.116000,91
PointReyes,bacchpilu,48.313000000000002,32,0.703125,0.298000,0,5,48.116000,50
PointReyes,bacchpilu,48.566000000000003,32,0.734375,0.253000,0,6,48.116000,93
PointReyes,bacchpilu,48.81,32,0.765625,0.244000,0,8,48.116000,99
PointReyes,bacchpilu,48.99,32,0.796875,0.180000,1,8,48.116000,96
PointReyes,bacchpilu,49.039000000000001,32,0.828125,0.049000,1,7,48.116000,96
PointReyes,bacchpilu,49.408999999999999,32,0.859375,0.370000,0,8,48.116000,99
PointReyes,bacchpilu,49.646000000000001,32,0.890625,0.237000,0,7,48.116000,95
PointReyes,bacchpilu,49.805,32,0.921875,0.159000,0,7,48.116000,96
PointReyes,bacchpilu,50.140999999999998,32,0.953125,0.336000,0,4,48.116000,98
PointReyes,bacchpilu,50.341000000000001,32,0.984375,0.200000,0,4,48.116000,98
PointReyes,francal,2.056,15,0.033333,2.056000,0,2,48.437000,87
PointReyes,francal,2.8180000000000001,15,0.100000,0.762000,0,4,48.437000,72
PointReyes,francal,2.9830000000000001,15,0.166667,0.165000,0,4,48.437000,91
PointReyes,francal,3.1280000000000001,15,0.233333,0.145000,0,3,48.437000,14
PointReyes,francal,3.7280000000000002,15,0.300000,0.600000,0,3,48.437000,90
PointReyes,francal,4.7779999999999996,15,0.366667,1.050000,0,0,48.437000,90
PointReyes,francal,8.7959999999999994,15,0.433333,4.018000,0,0,48.437000,91
PointReyes,francal,21.587,15,0.500000,12.791000,0,0,48.437000,81
PointReyes,francal,41.942999999999998,15,0.566667,20.356000,0,0,48.437000,33
PointReyes,francal,46.893999999999998,15,0.633333,4.951000,0,1,48.437000,91
PointReyes,francal,47.311999999999998,15,0.700000,0.418000,0,2,48.437000,64
PointReyes,francal,48.094000000000001,15,0.766667,0.782000,0,2,48.437000,72
PointReyes,francal,48.866999999999997,15,0.833333,0.773000,0,2,48.437000,45
PointReyes,francal,49.493000000000002,15,0.900000,0.626000,0,2,48.437000,99
PointReyes,francal,50.493000000000002,15,0.966667,1.000000,0,1,48.437000,96
PointReyes,francal,2.069,9,0.055556,2.069000,0,2,46.937000,90
PointReyes,francal,2.8170000000000002,9,0.166667,0.748000,0,4,46.937000,86
PointReyes,francal,2.9830000000000001,9,0.277778,0.166000,0,4,46.937000,91
PointReyes,francal,3.13,9,0.388889,0.147000,0,3,46.937000,11
PointReyes,francal,3.7370000000000001,9,0.500000,0.607000,0,3,46.937000,83
PointReyes,francal,4.7789999999999999,9,0.611111,1.042000,0,0,46.937000,90
PointReyes,francal,5.952,9,0.722222,1.173000,0,0,46.937000,86
PointReyes,francal,27.51,9,0.833333,21.558000,0,0,46.937000,91
PointReyes,francal,49.006,9,0.944444,21.496000,0,0,46.937000,53
PointReyes,francal,2.0710000000000002,8,0.062500,2.071000,0,1,19.517000,91
PointReyes,francal,2.9809999999999999,8,0.187500,0.910000,0,4,19.517000,60
PointReyes,francal,3.121,8,0.312500,0.140000,0,3,19.517000,14
PointReyes,francal,3.226,8,0.437500,0.105000,0,3,19.517000,72
PointReyes,francal,3.7250000000000001,8,0.562500,0.499000,0,3,19.517000,78
PointReyes,francal,4.7750000000000004,8,0.687500,1.050000,0,0,19.517000,90
PointReyes,francal,5.9189999999999996,8,0.812500,1.144000,0,0,19.517000,90
PointReyes,francal,21.588000000000001,8,0.937500,15.669000,0,0,19.517000,94
PointReyes,francal,2.0720000000000001,11,0.045455,2.072000,0,2,22.720000,90
PointReyes,francal,2.8159999999999998,11,0.136364,0.744000,0,5,22.720000,86
PointReyes,francal,2.984,11,0.227273,0.168000,0,5,22.720000,91
PointReyes,francal,3.1320000000000001,11,0.318182,0.148000,0,4,22.720000,11
PointReyes,francal,3.234,11,0.409091,0.102000,0,4,22.720000,90
PointReyes,francal,3.7309999999999999,11,0.500000,0.497000,0,4,22.720000,90
PointReyes,francal,4.7809999999999997,11,0.590909,1.050000,0,0,22.720000,90
PointReyes,francal,5.9059999999999997,11,0.681818,1.125000,0,0,22.720000,91
PointReyes,francal,8.83,11,0.772727,2.924000,0,0,22.720000,86
PointReyes,francal,21.603999999999999,11,0.863636,12.774000,0,0,22.720000,90
PointReyes,francal,24.792000000000002,11,0.954545,3.188000,0,0,22.720000,95
PointReyes,francal,2.0720000000000001,14,0.035714,2.072000,0,1,46.928000,90
PointReyes,francal,2.9830000000000001,14,0.107143,0.911000,0,3,46.928000,91
PointReyes,francal,3.234,14,0.178571,0.251000,0,2,46.928000,90
PointReyes,francal,3.73,14,0.250000,0.496000,0,2,46.928000,90
PointReyes,francal,4.782,14,0.321429,1.052000,0,0,46.928000,91
PointReyes,francal,5.9379999999999997,14,0.392857,1.156000,0,0,46.928000,90
PointReyes,francal,10.067,14,0.464286,4.129000,0,0,46.928000,90
PointReyes,francal,21.599,14,0.535714,11.532000,0,0,46.928000,97
PointReyes,francal,26.988,14,0.607143,5.389000,0,1,46.928000,59
PointReyes,francal,27.501000000000001,14,0.678571,0.513000,0,1,46.928000,91
PointReyes,francal,29.587,14,0.750000,2.086000,0,0,46.928000,78
PointReyes,francal,35.523000000000003,14,0.821429,5.936000,0,0,46.928000,28
PointReyes,francal,46.988,14,0.892857,11.465000,0,0,46.928000,91
PointReyes,francal,49,14,0.964286,2.012000,0,0,46.928000,72
PointReyes,pseudomenz,2.0609999999999999,36,0.013889,2.061000,0,2,47.441000,90
PointReyes,pseudomenz,2.8149999999999999,36,0.041667,0.754000,0,4,47.441000,86
PointReyes,pseudomenz,2.984,36,0.069444,0.169000,0,4,47.441000,91
PointReyes,pseudomenz,3.1269999999999998,36,0.097222,0.143000,0,3,47.441000,14
PointReyes,pseudomenz,3.7240000000000002,36,0.125000,0.597000,0,3,47.441000,83
PointReyes,pseudomenz,4.7779999999999996,36,0.152778,1.054000,0,0,47.441000,91
PointReyes,pseudomenz,7.7060000000000004,36,0.180556,2.928000,0,0,47.441000,91
PointReyes,pseudomenz,10.773,36,0.208333,3.067000,0,0,47.441000,83
PointReyes,pseudomenz,16.594999999999999,36,0.236111,5.822000,0,0,47.441000,81
PointReyes,pseudomenz,18.172999999999998,36,0.263889,1.578000,0,0,47.441000,93
PointReyes,pseudomenz,20.664999999999999,36,0.291667,2.492000,0,1,47.441000,95
PointReyes,pseudomenz,21.523,36,0.319444,0.858000,0,2,47.441000,94
PointReyes,pseudomenz,21.672999999999998,36,0.347222,0.150000,0,2,47.441000,94
PointReyes,pseudomenz,22.623999999999999,36,0.375000,0.951000,0,2,47.441000,94
PointReyes,pseudomenz,23.530999999999999,36,0.402778,0.907000,0,2,47.441000,90
PointReyes,pseudomenz,24.279,36,0.430556,0.748000,0,2,47.441000,95
PointReyes,pseudomenz,24.617999999999999,36,0.458333,0.339000,0,2,47.441000,90
PointReyes,pseudomenz,25.481000000000002,36,0.486111,0.863000,0,3,47.441000,96
PointReyes,pseudomenz,26.064,36,0.513889,0.583000,0,4,47.441000,93
PointReyes,pseudomenz,26.428000000000001,36,0.541667,0.364000,0,4,47.441000,64
PointReyes,pseudomenz,26.817,36,0.569444,0.389000,0,3,47.441000,94
PointReyes,pseudomenz,27.052,36,0.597222,0.235000,0,3,47.441000,94
PointReyes,pseudomenz,28.574000000000002,36,0.625000,1.522000,0,2,47.441000,90
PointReyes,pseudomenz,28.808,36,0.652778,0.234000,0,2,47.441000,94
PointReyes,pseudomenz,29.431999999999999,36,0.680556,0.624000,0,2,47.441000,94
PointReyes,pseudomenz,30.788,36,0.708333,1.356000,0,0,47.441000,90
PointReyes,pseudomenz,32.051000000000002,36,0.736111,1.263000,0,0,47.441000,89
PointReyes,pseudomenz,34.673999999999999,36,0.763889,2.623000,0,0,47.441000,96
PointReyes,pseudomenz,37.58,36,0.791667,2.906000,0,0,47.441000,94
PointReyes,pseudomenz,48.012999999999998,36,0.819444,10.433000,0,3,47.441000,91
PointReyes,pseudomenz,48.31,36,0.847222,0.297000,0,4,47.441000,70
PointReyes,pseudomenz,48.564999999999998,36,0.875000,0.255000,0,6,47.441000,94
PointReyes,pseudomenz,48.722999999999999,36,0.902778,0.158000,0,6,47.441000,74
PointReyes,pseudomenz,49.030999999999999,36,0.930556,0.308000,0,5,47.441000,89
PointReyes,pseudomenz,49.393000000000001,36,0.958333,0.362000,0,4,47.441000,86
PointReyes,pseudomenz,49.502000000000002,36,0.986111,0.109000,0,4,47.441000,99
PointReyes,pseudomenz,2.0619999999999998,46,0.010870,2.062000,0,3,48.282000,90
PointReyes,pseudomenz,2.1949999999999998,46,0.032609,0.133000,0,3,48.282000,7
PointReyes,pseudomenz,2.8159999999999998,46,0.054348,0.621000,0,4,48.282000,72
PointReyes,pseudomenz,3.024,46,0.076087,0.208000,0,4,48.282000,83
PointReyes,pseudomenz,3.7189999999999999,46,0.097826,0.695000,0,2,48.282000,83
PointReyes,pseudomenz,4.7789999999999999,46,0.119565,1.060000,0,1,48.282000,90
PointReyes,pseudomenz,5.4950000000000001,46,0.141304,0.716000,0,1,48.282000,90
PointReyes,pseudomenz,7.7380000000000004,46,0.163043,2.243000,0,0,48.282000,47
PointReyes,pseudomenz,10.773999999999999,46,0.184783,3.036000,0,0,48.282000,74
PointReyes,pseudomenz,14.365,46,0.206522,3.591000,0,0,48.282000,90
PointReyes,pseudomenz,16.605,46,0.228261,2.240000,0,0,48.282000,94
PointReyes,pseudomenz,18.190999999999999,46,0.250000,1.586000,0,0,48.282000,94
PointReyes,pseudomenz,20.728999999999999,46,0.271739,2.538000,0,2,48.282000,95
PointReyes,pseudomenz,21.516999999999999,46,0.293478,0.788000,0,3,48.282000,94
PointReyes,pseudomenz,21.658999999999999,46,0.315217,0.142000,0,3,48.282000,94
PointReyes,pseudomenz,22.475999999999999,46,0.336957,0.817000,0,2,48.282000,95
PointReyes,pseudomenz,23.55,46,0.358696,1.074000,0,1,48.282000,93
PointReyes,pseudomenz,24.31,46,0.380435,0.760000,0,2,48.282000,97
PointReyes,pseudomenz,24.666,46,0.402174,0.356000,0,2,48.282000,87
PointReyes,pseudomenz,25.526,46,0.423913,0.860000,0,3,48.282000,97
PointReyes,pseudomenz,26.146999999999998,46,0.445652,0.621000,0,3,48.282000,91
PointReyes,pseudomenz,26.46,46,0.467391,0.313000,0,4,48.282000,94
PointReyes,pseudomenz,26.916,46,0.489130,0.456000,0,3,48.282000,94
PointReyes,pseudomenz,27.236999999999998,46,0.510870,0.321000,0,2,48.282000,94
PointReyes,pseudomenz,28.547999999999998,46,0.532609,1.311000,0,2,48.282000,97
PointReyes,pseudomenz,28.754999999999999,46,0.554348,0.207000,0,2,48.282000,94
PointReyes,pseudomenz,29.419,46,0.576087,0.664000,0,2,48.282000,94
PointReyes,pseudomenz,30.798999999999999,46,0.597826,1.380000,0,1,48.282000,90
PointReyes,pseudomenz,31.356000000000002,46,0.619565,0.557000,0,2,48.282000,83
PointReyes,pseudomenz,32.006,46,0.641304,0.650000,0,1,48.282000,76
PointReyes,pseudomenz,34.659999999999997,46,0.663043,2.654000,0,0,48.282000,96
PointReyes,pseudomenz,37.567999999999998,46,0.684783,2.908000,0,0,48.282000,96
PointReyes,pseudomenz,46.082999999999998,46,0.706522,8.515000,0,1,48.282000,94
PointReyes,pseudomenz,46.212000000000003,46,0.728261,0.129000,0,1,48.282000,94
PointReyes,pseudomenz,47.807000000000002,46,0.750000,1.595000,0,5,48.282000,76
PointReyes,pseudomenz,48.018000000000001,46,0.771739,0.211000,0,6,48.282000,70
PointReyes,pseudomenz,48.314999999999998,46,0.793478,0.297000,0,6,48.282000,46
PointReyes,pseudomenz,48.57,46,0.815217,0.255000,0,7,48.282000,93
PointReyes,pseudomenz,48.776000000000003,46,0.836957,0.206000,1,8,48.282000,64
PointReyes,pseudomenz,48.802999999999997,46,0.858696,0.027000,1,8,48.282000,99
PointReyes,pseudomenz,48.994999999999997,46,0.880435,0.192000,0,8,48.282000,93
PointReyes,pseudomenz,49.393999999999998,46,0.902174,0.399000,0,8,48.282000,95
PointReyes,pseudomenz,49.649000000000001,46,0.923913,0.255000,0,7,48.282000,97
PointReyes,pseudomenz,49.808,46,0.945652,0.159000,0,5,48.282000,97
PointReyes,pseudomenz,50.244,46,0.967391,0.436000,0,4,48.282000,99
PointReyes,pseudomenz,50.344000000000001,46,0.989130,0.100000,0,4,48.282000,99
PointReyes,pseudomenz,2.0630000000000002,43,0.011628,2.063000,0,2,48.274000,90
PointReyes,pseudomenz,2.2320000000000002,43,0.034884,0.169000,0,2,48.274000,7
PointReyes,pseudomenz,3.0289999999999999,43,0.058140,0.797000,0,3,48.274000,83
PointReyes,pseudomenz,3.7210000000000001,43,0.081395,0.692000,0,1,48.274000,72
PointReyes,pseudomenz,4.7789999999999999,43,0.104651,1.058000,0,0,48.274000,91
PointReyes,pseudomenz,7.7409999999999997,43,0.127907,2.962000,0,0,48.274000,45
PointReyes,pseudomenz,10.778,43,0.151163,3.037000,0,0,48.274000,83
PointReyes,pseudomenz,16.593,43,0.174419,5.815000,0,1,48.274000,83
PointReyes,pseudomenz,16.879000000000001,43,0.197674,0.286000,0,1,48.274000,40
PointReyes,pseudomenz,18.181999999999999,43,0.220930,1.303000,0,0,48.274000,91
PointReyes,pseudomenz,20.696000000000002,43,0.244186,2.514000,0,2,48.274000,95
PointReyes,pseudomenz,21.478999999999999,43,0.267442,0.783000,0,3,48.274000,95
PointReyes,pseudomenz,21.631,43,0.290698,0.152000,0,3,48.274000,93
PointReyes,pseudomenz,22.460999999999999,43,0.313953,0.830000,0,2,48.274000,91
PointReyes,pseudomenz,23.538,43,0.337209,1.077000,0,1,48.274000,94
PointReyes,pseudomenz,24.3,43,0.360465,0.762000,0,2,48.274000,94
PointReyes,pseudomenz,24.649000000000001,43,0.383721,0.349000,0,2,48.274000,90
PointReyes,pseudomenz,25.497,43,0.406977,0.848000,0,3,48.274000,97
PointReyes,pseudomenz,26.11,43,0.430233,0.613000,0,4,48.274000,93
PointReyes,pseudomenz,26.449000000000002,43,0.453488,0.339000,0,4,48.274000,90
PointReyes,pseudomenz,26.835999999999999,43,0.476744,0.387000,0,3,48.274000,94
PointReyes,pseudomenz,27.079000000000001,43,0.500000,0.243000,0,3,48.274000,94
PointReyes,pseudomenz,28.574999999999999,43,0.523256,1.496000,0,2,48.274000,93
PointReyes,pseudomenz,28.83,43,0.546512,0.255000,0,2,48.274000,94
PointReyes,pseudomenz,29.436,43,0.569767,0.606000,0,3,48.274000,94
PointReyes,pseudomenz,30.081,43,0.593023,0.645000,0,1,48.274000,90
PointReyes,pseudomenz,32.048000000000002,43,0.616279,1.967000,0,0,48.274000,89
PointReyes,pseudomenz,34.689,43,0.639535,2.641000,0,0,48.274000,95
PointReyes,pseudomenz,37.576999999999998,43,0.662791,2.888000,0,0,48.274000,95
PointReyes,pseudomenz,46.085000000000001,43,0.686047,8.508000,0,1,48.274000,70
PointReyes,pseudomenz,46.892000000000003,43,0.709302,0.807000,0,1,48.274000,91
PointReyes,pseudomenz,48.018000000000001,43,0.732558,1.126000,0,4,48.274000,91
PointReyes,pseudomenz,48.314999999999998,43,0.755814,0.297000,0,5,48.274000,51
PointReyes,pseudomenz,48.567999999999998,43,0.779070,0.253000,0,7,48.274000,93
PointReyes,pseudomenz,48.854999999999997,43,0.802326,0.287000,0,9,48.274000,95
PointReyes,pseudomenz,48.991,43,0.825581,0.136000,0,9,48.274000,96
PointReyes,pseudomenz,49.101999999999997,43,0.848837,0.111000,0,8,48.274000,98
PointReyes,pseudomenz,49.393999999999998,43,0.872093,0.292000,0,9,48.274000,91
PointReyes,pseudomenz,49.499000000000002,43,0.895349,0.105000,0,9,48.274000,99
PointReyes,pseudomenz,49.66,43,0.918605,0.161000,0,8,48.274000,93
PointReyes,pseudomenz,49.811,43,0.941860,0.151000,0,8,48.274000,90
PointReyes,pseudomenz,50.139000000000003,43,0.965116,0.328000,0,5,48.274000,98
PointReyes,pseudomenz,50.337000000000003,43,0.988372,0.198000,0,5,48.274000,96
PointReyes,pseudomenz,2.0649999999999999,21,0.023810,2.065000,0,1,46.974000,86
PointReyes,pseudomenz,2.2370000000000001,21,0.071429,0.172000,0,1,46.974000,9
PointReyes,pseudomenz,3.722,21,0.119048,1.485000,0,0,46.974000,78
PointReyes,pseudomenz,4.7830000000000004,21,0.166667,1.061000,0,0,46.974000,90
PointReyes,pseudomenz,16.611000000000001,21,0.214286,11.828000,0,0,46.974000,93
PointReyes,pseudomenz,20.870999999999999,21,0.261905,4.260000,0,1,46.974000,94
PointReyes,pseudomenz,21.579000000000001,21,0.309524,0.708000,0,1,46.974000,94
PointReyes,pseudomenz,24.696000000000002,21,0.357143,3.117000,0,0,46.974000,76
PointReyes,pseudomenz,26.209,21,0.404762,1.513000,0,1,46.974000,53
PointReyes,pseudomenz,26.547000000000001,21,0.452381,0.338000,0,2,46.974000,91
PointReyes,pseudomenz,27.446999999999999,21,0.500000,0.900000,0,1,46.974000,95
PointReyes,pseudomenz,28.622,21,0.547619,1.175000,0,2,46.974000,90
PointReyes,pseudomenz,28.893000000000001,21,0.595238,0.271000,0,2,46.974000,87
PointReyes,pseudomenz,29.472999999999999,21,0.642857,0.580000,0,2,46.974000,93
PointReyes,pseudomenz,30.832000000000001,21,0.690476,1.359000,0,0,46.974000,80
PointReyes,pseudomenz,32.075000000000003,21,0.738095,1.243000,0,0,46.974000,60
PointReyes,pseudomenz,34.707999999999998,21,0.785714,2.633000,0,0,46.974000,95
PointReyes,pseudomenz,48.018999999999998,21,0.833333,13.311000,0,2,46.974000,72
PointReyes,pseudomenz,48.313000000000002,21,0.880952,0.294000,0,3,46.974000,45
PointReyes,pseudomenz,48.569000000000003,21,0.928571,0.256000,0,3,46.974000,80
PointReyes,pseudomenz,49.039000000000001,21,0.976190,0.470000,0,2,46.974000,89
PointReyes,pseudomenz,5.8150000000000004,32,0.015625,5.815000,0,0,43.579000,38
PointReyes,pseudomenz,7.452,32,0.046875,1.637000,0,1,43.579000,86
PointReyes,pseudomenz,7.6150000000000002,32,0.078125,0.163000,0,1,43.579000,72
PointReyes,pseudomenz,9.7729999999999997,32,0.109375,2.158000,0,1,43.579000,87
PointReyes,pseudomenz,10.641,32,0.140625,0.868000,0,1,43.579000,83
PointReyes,pseudomenz,14.494999999999999,32,0.171875,3.854000,0,0,43.579000,86
PointReyes,pseudomenz,16.782,32,0.203125,2.287000,0,0,43.579000,40
PointReyes,pseudomenz,20.605,32,0.234375,3.823000,0,2,43.579000,95
PointReyes,pseudomenz,21.312999999999999,32,0.265625,0.708000,0,2,43.579000,95
PointReyes,pseudomenz,21.504999999999999,32,0.296875,0.192000,0,3,43.579000,95
PointReyes,pseudomenz,22.452999999999999,32,0.328125,0.948000,0,2,43.579000,93
PointReyes,pseudomenz,23.356000000000002,32,0.359375,0.903000,0,2,43.579000,95
PointReyes,pseudomenz,24.143999999999998,32,0.390625,0.788000,0,2,43.579000,95
PointReyes,pseudomenz,24.58,32,0.421875,0.436000,0,2,43.579000,97
PointReyes,pseudomenz,25.361999999999998,32,0.453125,0.782000,0,3,43.579000,97
PointReyes,pseudomenz,26.003,32,0.484375,0.641000,0,3,43.579000,93
PointReyes,pseudomenz,26.343,32,0.515625,0.340000,0,4,43.579000,91
PointReyes,pseudomenz,26.885999999999999,32,0.546875,0.543000,0,3,43.579000,76
PointReyes,pseudomenz,27.283999999999999,32,0.578125,0.398000,0,2,43.579000,95
PointReyes,pseudomenz,28.378,32,0.609375,1.094000,0,2,43.579000,97
PointReyes,pseudomenz,28.652000000000001,32,0.640625,0.274000,0,2,43.579000,91
PointReyes,pseudomenz,29.268000000000001,32,0.671875,0.616000,0,3,43.579000,94
PointReyes,pseudomenz,29.722999999999999,32,0.703125,0.455000,0,2,43.579000,91
PointReyes,pseudomenz,30.67,32,0.734375,0.947000,0,1,43.579000,59
PointReyes,pseudomenz,31.917999999999999,32,0.765625,1.248000,0,0,43.579000,70
PointReyes,pseudomenz,34.57,32,0.796875,2.652000,0,0,43.579000,95
PointReyes,pseudomenz,37.469000000000001,32,0.828125,2.899000,0,0,43.579000,97
PointReyes,pseudomenz,46.9,32,0.859375,9.431000,0,3,43.579000,90
PointReyes,pseudomenz,47.128,32,0.890625,0.228000,1,3,43.579000,64
PointReyes,pseudomenz,47.158000000000001,32,0.921875,0.030000,1,3,43.579000,78
PointReyes,pseudomenz,47.807000000000002,32,0.953125,0.649000,0,3,43.579000,98
PointReyes,pseudomenz,49.393999999999998,32,0.984375,1.587000,0,0,43.579000,90
Rancho,bacchpilu,1.909,41,0.012195,1.909000,0,5,48.446000,7
Rancho,bacchpilu,2.0390000000000001,41,0.036585,0.130000,1,6,48.446000,83
Rancho,bacchpilu,2.0619999999999998,41,0.060976,0.023000,1,6,48.446000,72
Rancho,bacchpilu,2.323,41,0.085366,0.261000,0,7,48.446000,9
Rancho,bacchpilu,2.4359999999999999,41,0.109756,0.113000,0,7,48.446000,10
Rancho,bacchpilu,2.8239999999999998,41,0.134146,0.388000,0,8,48.446000,86
Rancho,bacchpilu,2.992,41,0.158537,0.168000,0,7,48.446000,91
Rancho,bacchpilu,3.1360000000000001,41,0.182927,0.144000,0,6,48.446000,10
Rancho,bacchpilu,3.72,41,0.207317,0.584000,0,4,48.446000,72
Rancho,bacchpilu,4.0570000000000004,41,0.231707,0.337000,0,3,48.446000,83
Rancho,bacchpilu,4.8019999999999996,41,0.256098,0.745000,0,1,48.446000,90
Rancho,bacchpilu,6.7229999999999999,41,0.280488,1.921000,0,0,48.446000,25
Rancho,bacchpilu,7.7640000000000002,41,0.304878,1.041000,0,0,48.446000,58
Rancho,bacchpilu,10.135999999999999,41,0.353659,1.351000,0,0,48.446000,83
Rancho,bacchpilu,18.727,41,0.378049,8.591000,0,0,48.446000,95
Rancho,bacchpilu,20.265000000000001,41,0.402439,1.538000,0,1,48.446000,58
Rancho,bacchpilu,20.975999999999999,41,0.426829,0.711000,0,3,48.446000,95
Rancho,bacchpilu,21.664999999999999,41,0.451220,0.689000,0,2,48.446000,93
Rancho,bacchpilu,21.800999999999998,41,0.475610,0.136000,0,2,48.446000,91
Rancho,bacchpilu,24.895,41,0.500000,3.094000,0,1,48.446000,87
Rancho,bacchpilu,25.678000000000001,41,0.524390,0.783000,0,1,48.446000,97
Rancho,bacchpilu,27.079000000000001,41,0.548780,1.401000,0,1,48.446000,95
Rancho,bacchpilu,27.521999999999998,41,0.573171,0.443000,0,1,48.446000,94
Rancho,bacchpilu,28.675000000000001,41,0.597561,1.153000,0,2,48.446000,81
Rancho,bacchpilu,28.95,41,0.621951,0.275000,0,2,48.446000,94
Rancho,bacchpilu,29.448,41,0.646341,0.498000,0,2,48.446000,43
Rancho,bacchpilu,30.902000000000001,41,0.670732,1.454000,0,0,48.446000,62
Rancho,bacchpilu,32.109000000000002,41,0.695122,1.207000,0,0,48.446000,70
Rancho,bacchpilu,35.548999999999999,41,0.719512,3.440000,0,0,48.446000,50
Rancho,bacchpilu,46.122,41,0.743902,10.573000,0,0,48.446000,32
Rancho,bacchpilu,47.417999999999999,41,0.768293,1.296000,0,2,48.446000,72
Rancho,bacchpilu,48.043999999999997,41,0.792683,0.626000,0,6,48.446000,90
Rancho,bacchpilu,48.335000000000001,41,0.817073,0.291000,0,6,48.446000,52
Rancho,bacchpilu,48.594000000000001,41,0.841463,0.259000,0,6,48.446000,93
Rancho,bacchpilu,48.7,41,0.865854,0.106000,0,6,48.446000,60
Rancho,bacchpilu,48.823,41,0.890244,0.123000,0,7,48.446000,99
Rancho,bacchpilu,49.003,41,0.914634,0.180000,0,7,48.446000,95
Rancho,bacchpilu,49.420999999999999,41,0.939024,0.418000,0,6,48.446000,98
Rancho,bacchpilu,49.816000000000003,41,0.963415,0.395000,0,4,48.446000,98
Rancho,bacchpilu,50.354999999999997,41,0.987805,0.539000,0,2,48.446000,97
Rancho,bacchpilu,2.0219999999999998,26,0.019231,2.022000,1,3,47.796000,78
Rancho,bacchpilu,2.056,26,0.057692,0.034000,1,3,47.796000,90
Rancho,bacchpilu,2.254,26,0.096154,0.198000,0,4,47.796000,38
Rancho,bacchpilu,2.9940000000000002,26,0.134615,0.740000,0,5,47.796000,91
Rancho,bacchpilu,3.1480000000000001,26,0.173077,0.154000,0,3,47.796000,9
Rancho,bacchpilu,3.726,26,0.211538,0.578000,0,2,47.796000,83
Rancho,bacchpilu,4.8040000000000003,26,0.250000,1.078000,0,0,47.796000,90
Rancho,bacchpilu,8.8019999999999996,26,0.288462,3.998000,0,0,47.796000,90
Rancho,bacchpilu,18.762,26,0.326923,9.960000,0,0,47.796000,91
Rancho,bacchpilu,20.268999999999998,26,0.365385,1.507000,0,1,47.796000,72
Rancho,bacchpilu,20.978000000000002,26,0.403846,0.709000,0,2,47.796000,90
Rancho,bacchpilu,21.821000000000002,26,0.442308,0.843000,0,1,47.796000,87
Rancho,bacchpilu,27.556999999999999,26,0.480769,5.736000,0,0,47.796000,94
Rancho,bacchpilu,28.709,26,0.519231,1.152000,0,2,47.796000,62
Rancho,bacchpilu,28.978999999999999,26,0.557692,0.270000,0,2,47.796000,76
Rancho,bacchpilu,29.492999999999999,26,0.596154,0.514000,0,2,47.796000,94
Rancho,bacchpilu,35.590000000000003,26,0.634615,6.097000,0,0,47.796000,87
Rancho,bacchpilu,47.204999999999998,26,0.673077,11.615000,0,2,47.796000,59
Rancho,bacchpilu,47.404000000000003,26,0.711538,0.199000,0,3,47.796000,53
Rancho,bacchpilu,48.040999999999997,26,0.750000,0.637000,0,5,47.796000,94
Rancho,bacchpilu,48.334000000000003,26,0.788462,0.293000,0,5,47.796000,49
Rancho,bacchpilu,48.581000000000003,26,0.826923,0.247000,0,5,47.796000,64
Rancho,bacchpilu,48.826000000000001,26,0.865385,0.245000,0,6,47.796000,97
Rancho,bacchpilu,49.231000000000002,26,0.903846,0.405000,0,5,47.796000,92
Rancho,bacchpilu,49.412999999999997,26,0.942308,0.182000,0,4,47.796000,91
Rancho,bacchpilu,49.817999999999998,26,0.980769,0.405000,0,3,47.796000,98
Rancho,bacchpilu,2.0219999999999998,36,0.013889,2.022000,1,2,48.402000,78
Rancho,bacchpilu,2.0590000000000002,36,0.041667,0.037000,1,2,48.402000,91
Rancho,bacchpilu,2.9940000000000002,36,0.069444,0.935000,0,4,48.402000,91
Rancho,bacchpilu,3.1429999999999998,36,0.097222,0.149000,0,2,48.402000,37
Rancho,bacchpilu,3.7240000000000002,36,0.125000,0.581000,0,2,48.402000,83
Rancho,bacchpilu,4.8029999999999999,36,0.152778,1.079000,0,0,48.402000,90
Rancho,bacchpilu,8.7929999999999993,36,0.180556,3.990000,0,0,48.402000,90
Rancho,bacchpilu,10.154,36,0.208333,1.361000,0,0,48.402000,64
Rancho,bacchpilu,18.747,36,0.236111,8.593000,0,0,48.402000,90
Rancho,bacchpilu,20.263000000000002,36,0.263889,1.516000,0,1,48.402000,49
Rancho,bacchpilu,20.978000000000002,36,0.291667,0.715000,0,2,48.402000,95
Rancho,bacchpilu,21.826000000000001,36,0.319444,0.848000,0,1,48.402000,93
Rancho,bacchpilu,24.89,36,0.347222,3.064000,0,0,48.402000,83
Rancho,bacchpilu,27.52,36,0.375000,2.630000,0,0,48.402000,97
Rancho,bacchpilu,28.571000000000002,36,0.402778,1.051000,0,2,48.402000,93
Rancho,bacchpilu,28.96,36,0.430556,0.389000,0,2,48.402000,94
Rancho,bacchpilu,29.494,36,0.458333,0.534000,0,2,48.402000,59
Rancho,bacchpilu,30.91,36,0.486111,1.416000,0,0,48.402000,70
Rancho,bacchpilu,32.109000000000002,36,0.513889,1.199000,0,0,48.402000,64
Rancho,bacchpilu,35.548999999999999,36,0.541667,3.440000,0,0,48.402000,47
Rancho,bacchpilu,48.04,36,0.569444,12.491000,0,6,48.402000,91
Rancho,bacchpilu,48.17,36,0.597222,0.130000,0,7,48.402000,52
Rancho,bacchpilu,48.33,36,0.625000,0.160000,1,7,48.402000,38
Rancho,bacchpilu,48.357999999999997,36,0.652778,0.028000,1,8,48.402000,25
Rancho,bacchpilu,48.594000000000001,36,0.680556,0.236000,0,9,48.402000,58
Rancho,bacchpilu,48.823999999999998,36,0.708333,0.230000,0,11,48.402000,99
Rancho,bacchpilu,49.005000000000003,36,0.736111,0.181000,1,11,48.402000,95
Rancho,bacchpilu,49.051000000000002,36,0.763889,0.046000,1,10,48.402000,93
Rancho,bacchpilu,49.332999999999998,36,0.791667,0.282000,1,9,48.402000,64
Rancho,bacchpilu,49.417000000000002,36,0.819444,0.084000,1,10,48.402000,99
Rancho,bacchpilu,49.661999999999999,36,0.847222,0.245000,0,10,48.402000,93
Rancho,bacchpilu,49.813000000000002,36,0.875000,0.151000,0,10,48.402000,92
Rancho,bacchpilu,50.161000000000001,36,0.902778,0.348000,0,7,48.402000,89
Rancho,bacchpilu,50.348999999999997,36,0.930556,0.188000,2,6,48.402000,64
Rancho,bacchpilu,50.384,36,0.958333,0.035000,2,6,48.402000,94
Rancho,bacchpilu,50.423999999999999,36,0.986111,0.040000,2,5,48.402000,90
Rancho,bacchpilu,2.0219999999999998,43,0.011628,2.022000,1,3,48.402000,78
Rancho,bacchpilu,2.0670000000000002,43,0.034884,0.045000,1,3,48.402000,80
Rancho,bacchpilu,2.8239999999999998,43,0.058140,0.757000,0,5,48.402000,91
Rancho,bacchpilu,2.992,43,0.081395,0.168000,0,5,48.402000,91
Rancho,bacchpilu,3.1339999999999999,43,0.104651,0.142000,0,4,48.402000,40
Rancho,bacchpilu,3.7170000000000001,43,0.127907,0.583000,0,4,48.402000,53
Rancho,bacchpilu,4.0510000000000002,43,0.151163,0.334000,0,4,48.402000,90
Rancho,bacchpilu,4.8040000000000003,43,0.174419,0.753000,0,3,48.402000,91
Rancho,bacchpilu,4.9669999999999996,43,0.197674,0.163000,0,3,48.402000,36
Rancho,bacchpilu,5.7779999999999996,43,0.220930,0.811000,0,4,48.402000,72
Rancho,bacchpilu,6.2309999999999999,43,0.244186,0.453000,0,2,48.402000,50
Rancho,bacchpilu,6.7210000000000001,43,0.267442,0.490000,0,2,48.402000,35
Rancho,bacchpilu,7.7610000000000001,43,0.290698,1.040000,0,1,48.402000,64
Rancho,bacchpilu,8.1359999999999992,43,0.313953,0.375000,0,1,48.402000,52
Rancho,bacchpilu,10.186999999999999,43,0.337209,2.051000,0,0,48.402000,38
Rancho,bacchpilu,20.260999999999999,43,0.360465,10.074000,0,1,48.402000,53
Rancho,bacchpilu,20.960999999999999,43,0.383721,0.700000,0,2,48.402000,94
Rancho,bacchpilu,21.794,43,0.406977,0.833000,0,1,48.402000,91
Rancho,bacchpilu,24.882999999999999,43,0.430233,3.089000,0,1,48.402000,90
Rancho,bacchpilu,25.667999999999999,43,0.453488,0.785000,0,1,48.402000,94
Rancho,bacchpilu,26.81,43,0.476744,1.142000,0,1,48.402000,74
Rancho,bacchpilu,27.442,43,0.500000,0.632000,0,1,48.402000,97
Rancho,bacchpilu,28.672999999999998,43,0.523256,1.231000,0,2,48.402000,95
Rancho,bacchpilu,28.945,43,0.546512,0.272000,0,2,48.402000,94
Rancho,bacchpilu,29.472999999999999,43,0.569767,0.528000,0,2,48.402000,94
Rancho,bacchpilu,30.923999999999999,43,0.593023,1.451000,0,0,48.402000,90
Rancho,bacchpilu,32.08,43,0.616279,1.156000,0,0,48.402000,50
Rancho,bacchpilu,35.448,43,0.639535,3.368000,0,0,48.402000,40
Rancho,bacchpilu,48.04,43,0.662791,12.592000,0,5,48.402000,87
Rancho,bacchpilu,48.164999999999999,43,0.686047,0.125000,0,5,48.402000,38
Rancho,bacchpilu,48.332999999999998,43,0.709302,0.168000,0,6,48.402000,55
Rancho,bacchpilu,48.588000000000001,43,0.732558,0.255000,0,7,48.402000,94
Rancho,bacchpilu,48.823,43,0.755814,0.235000,0,9,48.402000,99
Rancho,bacchpilu,49.003,43,0.779070,0.180000,0,9,48.402000,95
Rancho,bacchpilu,49.23,43,0.802326,0.227000,0,8,48.402000,99
Rancho,bacchpilu,49.418999999999997,43,0.825581,0.189000,0,10,48.402000,99
Rancho,bacchpilu,49.655000000000001,43,0.848837,0.236000,0,10,48.402000,95
Rancho,bacchpilu,49.814,43,0.872093,0.159000,0,10,48.402000,93
Rancho,bacchpilu,50.158000000000001,43,0.895349,0.344000,1,8,48.402000,33
Rancho,bacchpilu,50.246000000000002,43,0.918605,0.088000,1,7,48.402000,99
Rancho,bacchpilu,50.354999999999997,43,0.941860,0.109000,2,7,48.402000,99
Rancho,bacchpilu,50.384,43,0.965116,0.029000,2,7,48.402000,98
Rancho,bacchpilu,50.423999999999999,43,0.988372,0.040000,2,6,48.402000,95
Rancho,bacchpilu,2.0219999999999998,38,0.013158,2.022000,1,4,48.327000,78
Rancho,bacchpilu,2.0590000000000002,38,0.039474,0.037000,1,4,48.327000,90
Rancho,bacchpilu,2.21,38,0.065789,0.151000,0,5,48.327000,9
Rancho,bacchpilu,2.823,38,0.092105,0.613000,0,6,48.327000,87
Rancho,bacchpilu,2.99,38,0.118421,0.167000,0,6,48.327000,91
Rancho,bacchpilu,3.13,38,0.144737,0.140000,0,4,48.327000,40
Rancho,bacchpilu,3.7240000000000002,38,0.171053,0.594000,0,3,48.327000,72
Rancho,bacchpilu,4.798,38,0.197368,1.074000,0,1,48.327000,90
Rancho,bacchpilu,4.9729999999999999,38,0.223684,0.175000,0,1,48.327000,38
Rancho,bacchpilu,6.7249999999999996,38,0.250000,1.752000,0,0,48.327000,27
Rancho,bacchpilu,7.7679999999999998,38,0.276316,1.043000,0,0,48.327000,43
Rancho,bacchpilu,8.7889999999999997,38,0.302632,1.021000,0,0,48.327000,91
Rancho,bacchpilu,10.144,38,0.328947,1.355000,0,0,48.327000,83
Rancho,bacchpilu,18.745999999999999,38,0.355263,8.602000,0,0,48.327000,91
Rancho,bacchpilu,20.251000000000001,38,0.381579,1.505000,0,1,48.327000,81
Rancho,bacchpilu,20.966000000000001,38,0.407895,0.715000,0,2,48.327000,95
Rancho,bacchpilu,21.792999999999999,38,0.434211,0.827000,0,1,48.327000,91
Rancho,bacchpilu,24.858000000000001,38,0.460526,3.065000,0,0,48.327000,81
Rancho,bacchpilu,26.831,38,0.486842,1.973000,0,1,48.327000,74
Rancho,bacchpilu,27.507000000000001,38,0.513158,0.676000,0,1,48.327000,94
Rancho,bacchpilu,28.532,38,0.539474,1.025000,0,2,48.327000,93
Rancho,bacchpilu,28.949000000000002,38,0.565789,0.417000,0,2,48.327000,94
Rancho,bacchpilu,29.478000000000002,38,0.592105,0.529000,0,2,48.327000,60
Rancho,bacchpilu,30.913,38,0.618421,1.435000,0,0,48.327000,70
Rancho,bacchpilu,32.091999999999999,38,0.644737,1.179000,0,0,48.327000,64
Rancho,bacchpilu,35.523000000000003,38,0.671053,3.431000,0,0,48.327000,53
Rancho,bacchpilu,47.430999999999997,38,0.697368,11.908000,0,3,48.327000,78
Rancho,bacchpilu,47.9,38,0.723684,0.469000,0,4,48.327000,49
Rancho,bacchpilu,48.33,38,0.750000,0.430000,1,7,48.327000,38
Rancho,bacchpilu,48.359000000000002,38,0.776316,0.029000,1,7,48.327000,86
Rancho,bacchpilu,48.823,38,0.802632,0.464000,0,9,48.327000,99
Rancho,bacchpilu,49.003,38,0.828947,0.180000,1,8,48.327000,96
Rancho,bacchpilu,49.055999999999997,38,0.855263,0.053000,1,8,48.327000,90
Rancho,bacchpilu,49.23,38,0.881579,0.174000,0,8,48.327000,96
Rancho,bacchpilu,49.423000000000002,38,0.907895,0.193000,0,7,48.327000,97
Rancho,bacchpilu,49.658999999999999,38,0.934211,0.236000,0,7,48.327000,92
Rancho,bacchpilu,49.813000000000002,38,0.960526,0.154000,0,7,48.327000,98
Rancho,bacchpilu,50.348999999999997,38,0.986842,0.536000,0,3,48.327000,93
Rancho,bacchpilu,2.0289999999999999,22,0.022727,2.029000,0,2,47.789000,83
Rancho,bacchpilu,2.2650000000000001,22,0.068182,0.236000,0,2,47.789000,52
Rancho,bacchpilu,2.996,22,0.113636,0.731000,0,3,47.789000,91
Rancho,bacchpilu,3.7320000000000002,22,0.159091,0.736000,0,1,47.789000,83
Rancho,bacchpilu,4.8079999999999998,22,0.204545,1.076000,0,0,47.789000,90
Rancho,bacchpilu,8.8179999999999996,22,0.250000,4.010000,0,0,47.789000,91
Rancho,bacchpilu,18.812000000000001,22,0.295455,9.994000,0,0,47.789000,83
Rancho,bacchpilu,20.978000000000002,22,0.340909,2.166000,0,1,47.789000,94
Rancho,bacchpilu,21.843,22,0.386364,0.865000,0,1,47.789000,91
Rancho,bacchpilu,24.901,22,0.431818,3.058000,0,0,47.789000,90
Rancho,bacchpilu,27.567,22,0.477273,2.666000,0,0,47.789000,97
Rancho,bacchpilu,28.994,22,0.522727,1.427000,0,1,47.789000,93
Rancho,bacchpilu,29.536999999999999,22,0.568182,0.543000,0,1,47.789000,94
Rancho,bacchpilu,35.61,22,0.613636,6.073000,0,0,47.789000,36
Rancho,bacchpilu,47.201000000000001,22,0.659091,11.591000,0,2,47.789000,53
Rancho,bacchpilu,47.402999999999999,22,0.704545,0.202000,0,3,47.789000,47
Rancho,bacchpilu,48.040999999999997,22,0.750000,0.638000,0,6,47.789000,53
Rancho,bacchpilu,48.335000000000001,22,0.795455,0.294000,0,5,47.789000,53
Rancho,bacchpilu,48.591000000000001,22,0.840909,0.256000,0,4,47.789000,55
Rancho,bacchpilu,48.825000000000003,22,0.886364,0.234000,0,5,47.789000,99
Rancho,bacchpilu,49.003999999999998,22,0.931818,0.179000,0,5,47.789000,59
Rancho,bacchpilu,49.817999999999998,22,0.977273,0.814000,0,2,47.789000,16
Rancho,dipauran,1.9470000000000001,20,0.025000,1.947000,1,3,48.472000,64
Rancho,dipauran,2.0259999999999998,20,0.075000,0.079000,2,4,48.472000,83
Rancho,dipauran,2.056,20,0.125000,0.030000,1,4,48.472000,72
Rancho,dipauran,2.2040000000000002,20,0.175000,0.148000,0,4,48.472000,7
Rancho,dipauran,2.9929999999999999,20,0.225000,0.789000,0,5,48.472000,90
Rancho,dipauran,3.2320000000000002,20,0.275000,0.239000,0,2,48.472000,72
Rancho,dipauran,3.738,20,0.325000,0.506000,0,2,48.472000,83
Rancho,dipauran,4.8010000000000002,20,0.375000,1.063000,0,0,48.472000,90
Rancho,dipauran,6.2450000000000001,20,0.425000,1.444000,0,0,48.472000,35
Rancho,dipauran,10.167999999999999,20,0.475000,3.923000,0,0,48.472000,83
Rancho,dipauran,14.683999999999999,20,0.525000,4.516000,0,0,48.472000,74
Rancho,dipauran,18.792000000000002,20,0.575000,4.108000,0,0,48.472000,83
Rancho,dipauran,20.984999999999999,20,0.625000,2.193000,0,0,48.472000,91
Rancho,dipauran,27.635000000000002,20,0.675000,6.650000,0,0,48.472000,91
Rancho,dipauran,29.571999999999999,20,0.725000,1.937000,0,0,48.472000,91
Rancho,dipauran,47.198999999999998,20,0.775000,17.627000,0,1,48.472000,53
Rancho,dipauran,47.398000000000003,20,0.825000,0.199000,0,1,48.472000,50
Rancho,dipauran,49.819000000000003,20,0.875000,2.421000,0,2,48.472000,98
Rancho,dipauran,50.384,20,0.925000,0.565000,1,2,48.472000,96
Rancho,dipauran,50.418999999999997,20,0.975000,0.035000,1,2,48.472000,99
Rancho,dipauran,2.016,7,0.071429,2.016000,1,4,2.786000,78
Rancho,dipauran,2.056,7,0.214286,0.040000,1,4,2.786000,90
Rancho,dipauran,2.2010000000000001,7,0.357143,0.145000,0,5,2.786000,7
Rancho,dipauran,2.8250000000000002,7,0.500000,0.624000,0,5,2.786000,90
Rancho,dipauran,2.9910000000000001,7,0.642857,0.166000,0,5,2.786000,91
Rancho,dipauran,3.1379999999999999,7,0.785714,0.147000,0,3,2.786000,9
Rancho,dipauran,4.8019999999999996,7,0.928571,1.664000,0,0,2.786000,90
Rancho,dipauran,2.0219999999999998,23,0.021739,2.022000,1,3,48.296000,83
Rancho,dipauran,2.056,23,0.065217,0.034000,1,3,48.296000,80
Rancho,dipauran,2.214,23,0.108696,0.158000,0,4,48.296000,7
Rancho,dipauran,2.9929999999999999,23,0.152174,0.779000,0,6,48.296000,91
Rancho,dipauran,3.1320000000000001,23,0.195652,0.139000,1,4,48.296000,5
Rancho,dipauran,3.226,23,0.239130,0.094000,1,3,48.296000,78
Rancho,dipauran,3.73,23,0.282609,0.504000,0,3,48.296000,90
Rancho,dipauran,4.8019999999999996,23,0.326087,1.072000,0,0,48.296000,86
Rancho,dipauran,8.8119999999999994,23,0.369565,4.010000,0,0,48.296000,87
Rancho,dipauran,10.119999999999999,23,0.413043,1.308000,0,0,48.296000,83
Rancho,dipauran,18.731999999999999,23,0.456522,8.612000,0,0,48.296000,91
Rancho,dipauran,20.981999999999999,23,0.500000,2.250000,0,1,48.296000,78
Rancho,dipauran,21.7,23,0.543478,0.718000,0,1,48.296000,91
Rancho,dipauran,27.637,23,0.586957,5.937000,0,0,48.296000,94
Rancho,dipauran,29.532,23,0.630435,1.895000,0,0,48.296000,94
Rancho,dipauran,47.195,23,0.673913,17.663000,0,0,48.296000,43
Rancho,dipauran,48.322000000000003,23,0.717391,1.127000,0,3,48.296000,53
Rancho,dipauran,48.725999999999999,23,0.760870,0.404000,1,4,48.296000,96
Rancho,dipauran,48.823,23,0.804348,0.097000,1,5,48.296000,99
Rancho,dipauran,48.993000000000002,23,0.847826,0.170000,0,5,48.296000,49
Rancho,dipauran,49.652000000000001,23,0.891304,0.659000,0,5,48.296000,64
Rancho,dipauran,49.817999999999998,23,0.934783,0.166000,0,4,48.296000,99
Rancho,dipauran,50.317999999999998,23,0.978261,0.500000,0,2,48.296000,99
Rancho,dipauran,2.0219999999999998,16,0.031250,2.022000,1,4,47.096000,78
Rancho,dipauran,2.0550000000000002,16,0.093750,0.033000,1,4,47.096000,90
Rancho,dipauran,2.2010000000000001,16,0.156250,0.146000,0,5,47.096000,7
Rancho,dipauran,2.8239999999999998,16,0.218750,0.623000,0,6,47.096000,86
Rancho,dipauran,2.992,16,0.281250,0.168000,0,6,47.096000,90
Rancho,dipauran,3.14,16,0.343750,0.148000,0,4,47.096000,10
Rancho,dipauran,3.7330000000000001,16,0.406250,0.593000,0,3,47.096000,83
Rancho,dipauran,4.7960000000000003,16,0.468750,1.063000,0,0,47.096000,86
Rancho,dipauran,8.8160000000000007,16,0.531250,4.020000,0,0,47.096000,91
Rancho,dipauran,10.169,16,0.593750,1.353000,0,0,47.096000,83
Rancho,dipauran,18.763999999999999,16,0.656250,8.595000,0,0,47.096000,91
Rancho,dipauran,27.638999999999999,16,0.718750,8.875000,0,0,47.096000,91
Rancho,dipauran,29.565999999999999,16,0.781250,1.927000,0,0,47.096000,94
Rancho,dipauran,47.198,16,0.843750,17.632000,0,1,47.096000,50
Rancho,dipauran,47.398000000000003,16,0.906250,0.200000,0,1,47.096000,72
Rancho,dipauran,49.118000000000002,16,0.968750,1.720000,0,0,47.096000,98
Rancho,dipauran,2.0219999999999998,19,0.026316,2.022000,1,4,48.229000,78
Rancho,dipauran,2.056,19,0.078947,0.034000,1,4,48.229000,80
Rancho,dipauran,2.2010000000000001,19,0.131579,0.145000,0,5,48.229000,9
Rancho,dipauran,2.8250000000000002,19,0.184211,0.624000,0,6,48.229000,86
Rancho,dipauran,2.992,19,0.236842,0.167000,0,6,48.229000,91
Rancho,dipauran,3.1389999999999998,19,0.289474,0.147000,0,4,48.229000,10
Rancho,dipauran,3.7320000000000002,19,0.342105,0.593000,0,3,48.229000,86
Rancho,dipauran,4.8010000000000002,19,0.394737,1.069000,0,0,48.229000,90
Rancho,dipauran,8.81,19,0.447368,4.009000,0,0,48.229000,59
Rancho,dipauran,10.161,19,0.500000,1.351000,0,0,48.229000,78
Rancho,dipauran,18.734000000000002,19,0.552632,8.573000,0,0,48.229000,91
Rancho,dipauran,29.559000000000001,19,0.605263,10.825000,0,0,48.229000,94
Rancho,dipauran,47.198,19,0.657895,17.639000,0,1,48.229000,80
Rancho,dipauran,47.338999999999999,19,0.710526,0.141000,0,1,48.229000,80
Rancho,dipauran,48.723999999999997,19,0.763158,1.385000,0,3,48.229000,90
Rancho,dipauran,48.823999999999998,19,0.815789,0.100000,0,3,48.229000,99
Rancho,dipauran,49.003,19,0.868421,0.179000,0,3,48.229000,64
Rancho,dipauran,49.655999999999999,19,0.921053,0.653000,0,4,48.229000,91
Rancho,dipauran,50.250999999999998,19,0.973684,0.595000,0,1,48.229000,99
Rancho,dipauran,2.0270000000000001,18,0.027778,2.027000,1,5,48.369000,45
Rancho,dipauran,2.0499999999999998,18,0.083333,0.023000,1,5,48.369000,83
Rancho,dipauran,2.1930000000000001,18,0.138889,0.143000,0,6,48.369000,9
Rancho,dipauran,2.4409999999999998,18,0.194444,0.248000,0,6,48.369000,14
Rancho,dipauran,2.8239999999999998,18,0.250000,0.383000,0,7,48.369000,80
Rancho,dipauran,2.9910000000000001,18,0.305556,0.167000,0,7,48.369000,91
Rancho,dipauran,3.1379999999999999,18,0.361111,0.147000,0,5,48.369000,14
Rancho,dipauran,3.7320000000000002,18,0.416667,0.594000,0,3,48.369000,78
Rancho,dipauran,4.8010000000000002,18,0.472222,1.069000,0,0,48.369000,91
Rancho,dipauran,8.8160000000000007,18,0.527778,4.015000,0,0,48.369000,90
Rancho,dipauran,10.157,18,0.583333,1.341000,0,0,48.369000,83
Rancho,dipauran,18.771999999999998,18,0.638889,8.615000,0,0,48.369000,91
Rancho,dipauran,27.635000000000002,18,0.694444,8.863000,0,0,48.369000,94
Rancho,dipauran,29.56,18,0.750000,1.925000,0,0,48.369000,93
Rancho,dipauran,44.683,18,0.805556,15.123000,0,0,48.369000,9
Rancho,dipauran,47.198999999999998,18,0.861111,2.516000,0,0,48.369000,50
Rancho,dipauran,48.819000000000003,18,0.916667,1.620000,0,0,48.369000,99
Rancho,dipauran,50.396000000000001,18,0.972222,1.577000,0,0,48.369000,93
Rancho,francal,1.788,12,0.041667,1.788000,0,1,27.770000,7
Rancho,francal,2.0640000000000001,12,0.125000,0.276000,0,2,27.770000,90
Rancho,francal,2.9950000000000001,12,0.208333,0.931000,0,3,27.770000,83
Rancho,francal,3.24,12,0.291667,0.245000,0,2,27.770000,50
Rancho,francal,3.7370000000000001,12,0.375000,0.497000,0,2,27.770000,83
Rancho,francal,4.8010000000000002,12,0.458333,1.064000,0,0,27.770000,86
Rancho,francal,8.8330000000000002,12,0.541667,4.032000,0,0,27.770000,83
Rancho,francal,10.167999999999999,12,0.625000,1.335000,0,0,27.770000,83
Rancho,francal,18.940999999999999,12,0.708333,8.773000,0,0,27.770000,83
Rancho,francal,21.696000000000002,12,0.791667,2.755000,0,0,27.770000,83
Rancho,francal,27.635999999999999,12,0.875000,5.940000,0,0,27.770000,94
Rancho,francal,29.558,12,0.958333,1.922000,0,0,27.770000,91
Rancho,francal,2.0739999999999998,16,0.031250,2.074000,0,1,47.014000,91
Rancho,francal,2.9860000000000002,16,0.093750,0.912000,0,4,47.014000,91
Rancho,francal,3.1190000000000002,16,0.156250,0.133000,0,3,47.014000,38
Rancho,francal,3.2349999999999999,16,0.218750,0.116000,0,3,47.014000,90
Rancho,francal,3.7280000000000002,16,0.281250,0.493000,0,3,47.014000,83
Rancho,francal,4.8079999999999998,16,0.343750,1.080000,0,0,47.014000,90
Rancho,francal,5.9420000000000002,16,0.406250,1.134000,0,0,47.014000,90
Rancho,francal,8.81,16,0.468750,2.868000,0,0,47.014000,59
Rancho,francal,10.141999999999999,16,0.531250,1.332000,0,0,47.014000,53
Rancho,francal,18.756,16,0.593750,8.614000,0,0,47.014000,95
Rancho,francal,24.888000000000002,16,0.656250,6.132000,0,0,47.014000,94
Rancho,francal,27.617000000000001,16,0.718750,2.729000,0,0,47.014000,91
Rancho,francal,29.55,16,0.781250,1.933000,0,0,47.014000,94
Rancho,francal,47.192999999999998,16,0.843750,17.643000,0,0,47.014000,50
Rancho,francal,48.695999999999998,16,0.906250,1.503000,0,1,47.014000,93
Rancho,francal,49.088000000000001,16,0.968750,0.392000,0,1,47.014000,58
Rancho,francal,2.0750000000000002,15,0.033333,2.075000,0,2,47.142000,91
Rancho,francal,2.8170000000000002,15,0.100000,0.742000,0,4,47.142000,86
Rancho,francal,2.99,15,0.166667,0.173000,0,4,47.142000,90
Rancho,francal,3.137,15,0.233333,0.147000,0,3,47.142000,15
Rancho,francal,3.7269999999999999,15,0.300000,0.590000,0,3,47.142000,83
Rancho,francal,4.8019999999999996,15,0.366667,1.075000,0,0,47.142000,90
Rancho,francal,5.9130000000000003,15,0.433333,1.111000,0,0,47.142000,90
Rancho,francal,8.8209999999999997,15,0.500000,2.908000,0,0,47.142000,90
Rancho,francal,10.176,15,0.566667,1.355000,0,0,47.142000,64
Rancho,francal,18.762,15,0.633333,8.586000,0,0,47.142000,91
Rancho,francal,21.695,15,0.700000,2.933000,0,0,47.142000,94
Rancho,francal,29.568999999999999,15,0.766667,7.874000,0,0,47.142000,93
Rancho,francal,47.023000000000003,15,0.833333,17.454000,0,1,47.142000,72
Rancho,francal,47.401000000000003,15,0.900000,0.378000,0,1,47.142000,50
Rancho,francal,49.216999999999999,15,0.966667,1.816000,0,0,47.142000,50
Rancho,francal,2.0750000000000002,12,0.041667,2.075000,0,1,45.331000,90
Rancho,francal,2.9950000000000001,12,0.125000,0.920000,0,3,45.331000,90
Rancho,francal,3.2480000000000002,12,0.208333,0.253000,0,2,45.331000,80
Rancho,francal,3.7389999999999999,12,0.291667,0.491000,0,2,45.331000,83
Rancho,francal,4.8099999999999996,12,0.375000,1.071000,0,0,45.331000,90
Rancho,francal,5.9569999999999999,12,0.458333,1.147000,0,0,45.331000,91
Rancho,francal,8.8379999999999992,12,0.541667,2.881000,0,0,45.331000,83
Rancho,francal,18.876999999999999,12,0.625000,10.039000,0,0,45.331000,74
Rancho,francal,21.707999999999998,12,0.708333,2.831000,0,0,45.331000,91
Rancho,francal,29.584,12,0.791667,7.876000,0,0,45.331000,87
Rancho,francal,47.206000000000003,12,0.875000,17.622000,0,1,45.331000,50
Rancho,francal,47.405999999999999,12,0.958333,0.200000,0,1,45.331000,53
Rancho,francal,2.0760000000000001,18,0.027778,2.076000,0,2,47.583000,91
Rancho,francal,2.823,18,0.083333,0.747000,0,4,47.583000,86
Rancho,francal,2.99,18,0.138889,0.167000,0,4,47.583000,91
Rancho,francal,3.1360000000000001,18,0.194444,0.146000,0,3,47.583000,10
Rancho,francal,3.7280000000000002,18,0.250000,0.592000,0,3,47.583000,74
Rancho,francal,4.8019999999999996,18,0.305556,1.074000,0,0,47.583000,90
Rancho,francal,5.9119999999999999,18,0.361111,1.110000,0,1,47.583000,90
Rancho,francal,6.2380000000000004,18,0.416667,0.326000,0,1,47.583000,38
Rancho,francal,8.8230000000000004,18,0.472222,2.585000,0,0,47.583000,83
Rancho,francal,10.164999999999999,18,0.527778,1.342000,0,0,47.583000,59
Rancho,francal,18.789000000000001,18,0.583333,8.624000,0,0,47.583000,83
Rancho,francal,21.696000000000002,18,0.638889,2.907000,0,0,47.583000,94
Rancho,francal,27.643000000000001,18,0.694444,5.947000,0,0,47.583000,90
Rancho,francal,29.587,18,0.750000,1.944000,0,0,47.583000,86
Rancho,francal,46.250999999999998,18,0.805556,16.664000,0,0,47.583000,53
Rancho,francal,48.716999999999999,18,0.861111,2.466000,0,2,47.583000,87
Rancho,francal,49.003999999999998,18,0.916667,0.287000,0,2,47.583000,95
Rancho,francal,49.658999999999999,18,0.972222,0.655000,0,2,47.583000,90
Rancho,pinusrad,2.024,4,0.125000,2.024000,0,1,3.805000,86
Rancho,pinusrad,2.2879999999999998,4,0.375000,0.264000,0,1,3.805000,50
Rancho,pinusrad,4.6059999999999999,4,0.625000,2.318000,0,0,3.805000,90
Rancho,pinusrad,5.8289999999999997,4,0.875000,1.223000,0,0,3.805000,9
Rancho,pinusrad,2.0299999999999998,12,0.041667,2.030000,0,1,45.179000,83
Rancho,pinusrad,2.2639999999999998,12,0.125000,0.234000,0,1,45.179000,58
Rancho,pinusrad,3.6389999999999998,12,0.208333,1.375000,0,0,45.179000,83
Rancho,pinusrad,4.8109999999999999,12,0.291667,1.172000,0,0,45.179000,90
Rancho,pinusrad,8.8330000000000002,12,0.375000,4.022000,0,0,45.179000,90
Rancho,pinusrad,18.923999999999999,12,0.458333,10.091000,0,0,45.179000,83
Rancho,pinusrad,20.989000000000001,12,0.541667,2.065000,0,1,45.179000,94
Rancho,pinusrad,21.704999999999998,12,0.625000,0.716000,0,1,45.179000,94
Rancho,pinusrad,27.632000000000001,12,0.708333,5.927000,0,0,45.179000,94
Rancho,pinusrad,29.581,12,0.791667,1.949000,0,0,45.179000,94
Rancho,pinusrad,46.92,12,0.875000,17.339000,0,1,45.179000,90
Rancho,pinusrad,47.209000000000003,12,0.958333,0.289000,0,1,45.179000,50
Rancho,pinusrad,2.0419999999999998,20,0.025000,2.042000,0,3,46.550000,90
Rancho,pinusrad,2.2360000000000002,20,0.075000,0.194000,0,4,46.550000,40
Rancho,pinusrad,2.8039999999999998,20,0.125000,0.568000,0,5,46.550000,78
Rancho,pinusrad,2.9750000000000001,20,0.175000,0.171000,0,5,46.550000,91
Rancho,pinusrad,3.1269999999999998,20,0.225000,0.152000,0,4,46.550000,7
Rancho,pinusrad,3.7210000000000001,20,0.275000,0.594000,0,3,46.550000,83
Rancho,pinusrad,4.7880000000000003,20,0.325000,1.067000,0,1,46.550000,90
Rancho,pinusrad,5.69,20,0.375000,0.902000,0,1,46.550000,40
Rancho,pinusrad,8.8140000000000001,20,0.425000,3.124000,0,0,46.550000,90
Rancho,pinusrad,18.818000000000001,20,0.475000,10.004000,0,0,46.550000,91
Rancho,pinusrad,20.963000000000001,20,0.525000,2.145000,0,1,46.550000,94
Rancho,pinusrad,21.683,20,0.575000,0.720000,0,1,46.550000,90
Rancho,pinusrad,24.863,20,0.625000,3.180000,0,0,46.550000,91
Rancho,pinusrad,26.303999999999998,20,0.675000,1.441000,0,0,46.550000,87
Rancho,pinusrad,27.574000000000002,20,0.725000,1.270000,0,0,46.550000,94
Rancho,pinusrad,29.56,20,0.775000,1.986000,0,1,46.550000,95
Rancho,pinusrad,29.988,20,0.825000,0.428000,0,1,46.550000,89
Rancho,pinusrad,46.912999999999997,20,0.875000,16.925000,0,0,46.550000,83
Rancho,pinusrad,48.040999999999997,20,0.925000,1.128000,0,1,46.550000,86
Rancho,pinusrad,48.591999999999999,20,0.975000,0.551000,0,1,46.550000,47
Rancho,pinusrad,2.0649999999999999,28,0.017857,2.065000,0,2,46.527000,90
Rancho,pinusrad,2.2029999999999998,28,0.053571,0.138000,0,2,46.527000,5
Rancho,pinusrad,2.988,28,0.089286,0.785000,0,4,46.527000,83
Rancho,pinusrad,3.24,28,0.125000,0.252000,0,2,46.527000,90
Rancho,pinusrad,3.7309999999999999,28,0.160714,0.491000,0,2,46.527000,78
Rancho,pinusrad,4.7990000000000004,28,0.196429,1.068000,0,1,46.527000,90
Rancho,pinusrad,5.6509999999999998,28,0.232143,0.852000,0,1,46.527000,50
Rancho,pinusrad,8.798,28,0.267857,3.147000,0,0,46.527000,83
Rancho,pinusrad,16.681999999999999,28,0.303571,7.884000,0,0,46.527000,74
Rancho,pinusrad,20.870999999999999,28,0.339286,4.189000,0,1,46.527000,95
Rancho,pinusrad,21.629000000000001,28,0.375000,0.758000,0,2,46.527000,97
Rancho,pinusrad,22.56,28,0.410714,0.931000,0,1,46.527000,93
Rancho,pinusrad,24.838999999999999,28,0.446429,2.279000,0,1,46.527000,91
Rancho,pinusrad,25.666,28,0.482143,0.827000,0,3,46.527000,93
Rancho,pinusrad,26.29,28,0.517857,0.624000,0,3,46.527000,87
Rancho,pinusrad,26.613,28,0.553571,0.323000,0,4,46.527000,58
Rancho,pinusrad,27.077999999999999,28,0.589286,0.465000,0,3,46.527000,94
Rancho,pinusrad,27.434999999999999,28,0.625000,0.357000,0,2,46.527000,94
Rancho,pinusrad,28.709,28,0.660714,1.274000,0,2,46.527000,81
Rancho,pinusrad,28.981000000000002,28,0.696429,0.272000,0,2,46.527000,95
Rancho,pinusrad,29.562000000000001,28,0.732143,0.581000,0,2,46.527000,70
Rancho,pinusrad,30.937000000000001,28,0.767857,1.375000,0,0,46.527000,90
Rancho,pinusrad,32.164999999999999,28,0.803571,1.228000,0,0,46.527000,76
Rancho,pinusrad,34.802999999999997,28,0.839286,2.638000,0,0,46.527000,87
Rancho,pinusrad,48.040999999999997,28,0.875000,13.238000,0,3,46.527000,90
Rancho,pinusrad,48.173000000000002,28,0.910714,0.132000,0,3,46.527000,92
Rancho,pinusrad,48.332000000000001,28,0.946429,0.159000,0,3,46.527000,52
Rancho,pinusrad,48.591999999999999,28,0.982143,0.260000,0,3,46.527000,53
Rancho,pinusrad,2.0659999999999998,6,0.083333,2.066000,0,2,2.738000,90
Rancho,pinusrad,2.2069999999999999,6,0.250000,0.141000,0,3,2.738000,5
Rancho,pinusrad,2.992,6,0.416667,0.785000,0,4,2.738000,90
Rancho,pinusrad,3.1440000000000001,6,0.583333,0.152000,0,3,2.738000,9
Rancho,pinusrad,3.7440000000000002,6,0.750000,0.600000,0,2,2.738000,83
Rancho,pinusrad,4.8040000000000003,6,0.916667,1.060000,0,0,2.738000,90
Rancho,pinusrad,2.0670000000000002,14,0.035714,2.067000,0,2,45.341000,90
Rancho,pinusrad,2.2389999999999999,14,0.107143,0.172000,0,3,45.341000,50
Rancho,pinusrad,2.9940000000000002,14,0.178571,0.755000,0,3,45.341000,91
Rancho,pinusrad,3.145,14,0.250000,0.151000,0,2,45.341000,10
Rancho,pinusrad,4.8049999999999997,14,0.321429,1.660000,0,1,45.341000,83
Rancho,pinusrad,5.6719999999999997,14,0.392857,0.867000,0,1,45.341000,72
Rancho,pinusrad,8.8409999999999993,14,0.464286,3.169000,0,0,45.341000,83
Rancho,pinusrad,18.826000000000001,14,0.535714,9.985000,0,0,45.341000,91
Rancho,pinusrad,20.984000000000002,14,0.607143,2.158000,0,1,45.341000,90
Rancho,pinusrad,21.7,14,0.678571,0.716000,0,1,45.341000,93
Rancho,pinusrad,27.632000000000001,14,0.750000,5.932000,0,0,45.341000,94
Rancho,pinusrad,29.582999999999998,14,0.821429,1.951000,0,0,45.341000,64
Rancho,pinusrad,47.204000000000001,14,0.892857,17.621000,0,1,45.341000,43
Rancho,pinusrad,47.408000000000001,14,0.964286,0.204000,0,1,45.341000,50
Rancho,pinusrad,2.0720000000000001,30,0.016667,2.072000,0,2,47.607000,90
Rancho,pinusrad,2.2050000000000001,30,0.050000,0.133000,0,2,47.607000,5
Rancho,pinusrad,2.9329999999999998,30,0.083333,0.728000,0,4,47.607000,91
Rancho,pinusrad,3.2410000000000001,30,0.116667,0.308000,0,2,47.607000,80
Rancho,pinusrad,3.7280000000000002,30,0.150000,0.487000,0,2,47.607000,83
Rancho,pinusrad,4.7990000000000004,30,0.183333,1.071000,0,1,47.607000,86
Rancho,pinusrad,5.6020000000000003,30,0.216667,0.803000,0,1,47.607000,40
Rancho,pinusrad,8.8019999999999996,30,0.250000,3.200000,0,1,47.607000,78
Rancho,pinusrad,9.2379999999999995,30,0.283333,0.436000,0,1,47.607000,22
Rancho,pinusrad,16.678000000000001,30,0.316667,7.440000,0,0,47.607000,91
Rancho,pinusrad,18.68,30,0.350000,2.002000,0,0,47.607000,86
Rancho,pinusrad,20.911000000000001,30,0.383333,2.231000,0,1,47.607000,95
Rancho,pinusrad,21.638999999999999,30,0.416667,0.728000,0,1,47.607000,95
Rancho,pinusrad,24.837,30,0.450000,3.198000,0,0,47.607000,93
Rancho,pinusrad,26.276,30,0.483333,1.439000,0,2,47.607000,94
Rancho,pinusrad,26.62,30,0.516667,0.344000,0,3,47.607000,91
Rancho,pinusrad,27.096,30,0.550000,0.476000,0,3,47.607000,91
Rancho,pinusrad,27.506,30,0.583333,0.410000,0,2,47.607000,94
Rancho,pinusrad,28.710999999999999,30,0.616667,1.205000,0,2,47.607000,83
Rancho,pinusrad,28.99,30,0.650000,0.279000,0,2,47.607000,81
Rancho,pinusrad,29.565000000000001,30,0.683333,0.575000,0,2,47.607000,94
Rancho,pinusrad,30.934000000000001,30,0.716667,1.369000,0,0,47.607000,90
Rancho,pinusrad,32.158999999999999,30,0.750000,1.225000,0,0,47.607000,64
Rancho,pinusrad,34.792999999999999,30,0.783333,2.634000,0,0,47.607000,95
Rancho,pinusrad,41.743000000000002,30,0.816667,6.950000,0,0,47.607000,72
Rancho,pinusrad,46.454000000000001,30,0.850000,4.711000,0,2,47.607000,53
Rancho,pinusrad,47.189,30,0.883333,0.735000,0,3,47.607000,90
Rancho,pinusrad,47.389000000000003,30,0.916667,0.200000,0,3,47.607000,90
Rancho,pinusrad,47.655000000000001,30,0.950000,0.266000,0,2,47.607000,53
Rancho,pinusrad,49.679000000000002,30,0.983333,2.024000,0,0,47.607000,97
Rancho,quercusagri,2.0649999999999999,9,0.055556,2.065000,0,1,44.850000,90
Rancho,quercusagri,2.988,9,0.166667,0.923000,0,3,44.850000,81
Rancho,quercusagri,3.24,9,0.277778,0.252000,0,2,44.850000,90
Rancho,quercusagri,3.7309999999999999,9,0.388889,0.491000,0,2,44.850000,83
Rancho,quercusagri,4.7990000000000004,9,0.500000,1.068000,0,0,44.850000,90
Rancho,quercusagri,5.9130000000000003,9,0.611111,1.114000,0,0,44.850000,91
Rancho,quercusagri,10.156000000000001,9,0.722222,4.243000,0,0,44.850000,50
Rancho,quercusagri,29.57,9,0.833333,19.414000,0,0,44.850000,94
Rancho,quercusagri,46.914999999999999,9,0.944444,17.345000,0,0,44.850000,90
Rancho,quercusagri,2.0739999999999998,13,0.038462,2.074000,0,1,47.748000,90
Rancho,quercusagri,2.992,13,0.115385,0.918000,0,4,47.748000,91
Rancho,quercusagri,3.141,13,0.192308,0.149000,1,3,47.748000,10
Rancho,quercusagri,3.24,13,0.269231,0.099000,1,3,47.748000,86
Rancho,quercusagri,3.7309999999999999,13,0.346154,0.491000,0,3,47.748000,83
Rancho,quercusagri,4.8029999999999999,13,0.423077,1.072000,0,0,47.748000,90
Rancho,quercusagri,5.9260000000000002,13,0.500000,1.123000,0,0,47.748000,90
Rancho,quercusagri,8.84,13,0.576923,2.914000,0,0,47.748000,83
Rancho,quercusagri,18.847000000000001,13,0.653846,10.007000,0,0,47.748000,91
Rancho,quercusagri,20.984999999999999,13,0.730769,2.138000,0,0,47.748000,94
Rancho,quercusagri,27.646999999999998,13,0.807692,6.662000,0,0,47.748000,94
Rancho,quercusagri,29.591999999999999,13,0.884615,1.945000,0,0,47.748000,91
Rancho,quercusagri,49.822000000000003,13,0.961538,20.230000,0,0,47.748000,11
Rancho,quercusagri,2.0750000000000002,11,0.045455,2.075000,0,2,27.506000,90
Rancho,quercusagri,2.8250000000000002,11,0.136364,0.750000,0,5,27.506000,72
Rancho,quercusagri,2.9929999999999999,11,0.227273,0.168000,0,5,27.506000,91
Rancho,quercusagri,3.1429999999999998,11,0.318182,0.150000,0,4,27.506000,12
Rancho,quercusagri,3.2469999999999999,11,0.409091,0.104000,0,4,27.506000,86
Rancho,quercusagri,3.734,11,0.500000,0.487000,0,4,27.506000,78
Rancho,quercusagri,4.806,11,0.590909,1.072000,0,0,27.506000,90
Rancho,quercusagri,5.9450000000000003,11,0.681818,1.139000,0,0,27.506000,91
Rancho,quercusagri,8.8450000000000006,11,0.772727,2.900000,0,0,27.506000,74
Rancho,quercusagri,18.84,11,0.863636,9.995000,0,0,27.506000,90
Rancho,quercusagri,29.581,11,0.954545,10.741000,0,0,27.506000,91
Rancho,quercusagri,2.0760000000000001,16,0.031250,2.076000,0,2,47.743000,91
Rancho,quercusagri,2.8159999999999998,16,0.093750,0.740000,0,4,47.743000,56
Rancho,quercusagri,2.9910000000000001,16,0.156250,0.175000,0,4,47.743000,91
Rancho,quercusagri,3.2440000000000002,16,0.218750,0.253000,0,3,47.743000,90
Rancho,quercusagri,3.7309999999999999,16,0.281250,0.487000,0,3,47.743000,72
Rancho,quercusagri,4.8040000000000003,16,0.343750,1.073000,0,0,47.743000,90
Rancho,quercusagri,5.9269999999999996,16,0.406250,1.123000,0,0,47.743000,91
Rancho,quercusagri,8.7970000000000006,16,0.468750,2.870000,0,0,47.743000,59
Rancho,quercusagri,10.141999999999999,16,0.531250,1.345000,0,0,47.743000,53
Rancho,quercusagri,18.763999999999999,16,0.593750,8.622000,0,0,47.743000,91
Rancho,quercusagri,27.085000000000001,16,0.656250,8.321000,0,1,47.743000,78
Rancho,quercusagri,27.628,16,0.718750,0.543000,0,1,47.743000,94
Rancho,quercusagri,29.550999999999998,16,0.781250,1.923000,0,0,47.743000,72
Rancho,quercusagri,48.701000000000001,16,0.843750,19.150000,0,1,47.743000,36
Rancho,quercusagri,49.036000000000001,16,0.906250,0.335000,0,2,47.743000,60
Rancho,quercusagri,49.819000000000003,16,0.968750,0.783000,0,1,47.743000,95
Sagehen,arcpat,1.7090000000000001,19,0.026316,1.709000,0,2,48.503000,9
Sagehen,arcpat,2.0550000000000002,19,0.078947,0.346000,0,3,48.503000,90
Sagehen,arcpat,2.2280000000000002,19,0.131579,0.173000,0,4,48.503000,9
Sagehen,arcpat,2.976,19,0.184211,0.748000,0,5,48.503000,80
Sagehen,arcpat,3.1259999999999999,19,0.236842,0.150000,0,4,48.503000,28
Sagehen,arcpat,3.3610000000000002,19,0.289474,0.235000,0,3,48.503000,45
Sagehen,arcpat,3.7269999999999999,19,0.342105,0.366000,0,3,48.503000,83
Sagehen,arcpat,4.7640000000000002,19,0.394737,1.037000,0,1,48.503000,90
Sagehen,arcpat,5.6260000000000003,19,0.447368,0.862000,0,1,48.503000,10
Sagehen,arcpat,20.824000000000002,19,0.500000,15.198000,0,0,48.503000,93
Sagehen,arcpat,27.449000000000002,19,0.552632,6.625000,0,0,48.503000,94
Sagehen,arcpat,28.841999999999999,19,0.605263,1.393000,0,0,48.503000,90
Sagehen,arcpat,46.195999999999998,19,0.657895,17.354000,0,1,48.503000,70
Sagehen,arcpat,46.673999999999999,19,0.710526,0.478000,0,2,48.503000,94
Sagehen,arcpat,47.284999999999997,19,0.763158,0.611000,0,2,48.503000,74
Sagehen,arcpat,47.78,19,0.815789,0.495000,0,1,48.503000,53
Sagehen,arcpat,49.298999999999999,19,0.868421,1.519000,0,2,48.503000,89
Sagehen,arcpat,49.634,19,0.921053,0.335000,0,2,48.503000,96
Sagehen,arcpat,50.212000000000003,19,0.973684,0.578000,0,2,48.503000,93
Sagehen,arcpat,1.772,23,0.021739,1.772000,0,3,48.033000,9
Sagehen,arcpat,2.0569999999999999,23,0.065217,0.285000,0,5,48.033000,90
Sagehen,arcpat,2.1949999999999998,23,0.108696,0.138000,0,6,48.033000,7
Sagehen,arcpat,2.4319999999999999,23,0.152174,0.237000,0,7,48.033000,35
Sagehen,arcpat,2.8130000000000002,23,0.195652,0.381000,0,7,48.033000,80
Sagehen,arcpat,2.9780000000000002,23,0.239130,0.165000,0,7,48.033000,91
Sagehen,arcpat,3.1240000000000001,23,0.282609,0.146000,0,6,48.033000,14
Sagehen,arcpat,3.3690000000000002,23,0.326087,0.245000,0,5,48.033000,72
Sagehen,arcpat,3.7240000000000002,23,0.369565,0.355000,0,4,48.033000,83
Sagehen,arcpat,4.7679999999999998,23,0.413043,1.044000,0,0,48.033000,91
Sagehen,arcpat,20.832000000000001,23,0.456522,16.064000,0,0,48.033000,94
Sagehen,arcpat,26.167999999999999,23,0.500000,5.336000,0,0,48.033000,81
Sagehen,arcpat,27.454000000000001,23,0.543478,1.286000,0,0,48.033000,95
Sagehen,arcpat,28.54,23,0.586957,1.086000,0,1,48.033000,35
Sagehen,arcpat,28.847999999999999,23,0.630435,0.308000,0,1,48.033000,64
Sagehen,arcpat,46.198999999999998,23,0.673913,17.351000,0,1,48.033000,59
Sagehen,arcpat,47.151000000000003,23,0.717391,0.952000,0,2,48.033000,43
Sagehen,arcpat,48.000999999999998,23,0.760870,0.850000,0,4,48.033000,38
Sagehen,arcpat,48.305,23,0.804348,0.304000,0,4,48.033000,38
Sagehen,arcpat,48.816000000000003,23,0.847826,0.511000,0,5,48.033000,97
Sagehen,arcpat,48.987000000000002,23,0.891304,0.171000,0,5,48.033000,94
Sagehen,arcpat,49.301000000000002,23,0.934783,0.314000,0,4,48.033000,96
Sagehen,arcpat,49.805,23,0.978261,0.504000,0,3,48.033000,99
Sagehen,arcpat,1.778,9,0.055556,1.778000,0,2,47.896000,9
Sagehen,arcpat,2.0249999999999999,9,0.166667,0.247000,0,4,47.896000,78
Sagehen,arcpat,2.2010000000000001,9,0.277778,0.176000,0,5,47.896000,5
Sagehen,arcpat,2.8159999999999998,9,0.388889,0.615000,0,4,47.896000,10
Sagehen,arcpat,2.9790000000000001,9,0.500000,0.163000,0,4,47.896000,90
Sagehen,arcpat,3.1280000000000001,9,0.611111,0.149000,0,3,47.896000,9
Sagehen,arcpat,4.7679999999999998,9,0.722222,1.640000,0,0,47.896000,90
Sagehen,arcpat,48.996000000000002,9,0.833333,44.228000,0,1,47.896000,72
Sagehen,arcpat,49.673999999999999,9,0.944444,0.678000,0,1,47.896000,93
Sagehen,arcpat,1.78,9,0.055556,1.780000,0,3,47.875000,43
Sagehen,arcpat,2.016,9,0.166667,0.236000,1,4,47.875000,78
Sagehen,arcpat,2.0539999999999998,9,0.277778,0.038000,1,4,47.875000,90
Sagehen,arcpat,2.1960000000000002,9,0.388889,0.142000,0,4,47.875000,43
Sagehen,arcpat,2.98,9,0.500000,0.784000,0,3,47.875000,86
Sagehen,arcpat,47.151000000000003,9,0.611111,44.171000,0,1,47.875000,72
Sagehen,arcpat,47.319000000000003,9,0.722222,0.168000,0,1,47.875000,27
Sagehen,arcpat,49.317999999999998,9,0.833333,1.999000,0,1,47.875000,93
Sagehen,arcpat,49.655000000000001,9,0.944444,0.337000,0,1,47.875000,96
Sagehen,arcpat,14.843999999999999,5,0.100000,14.844000,0,0,34.305000,4
Sagehen,arcpat,47.744,5,0.300000,32.900000,0,2,34.305000,56
Sagehen,arcpat,47.99,5,0.500000,0.246000,1,2,34.305000,43
Sagehen,arcpat,48.088999999999999,5,0.700000,0.099000,1,2,34.305000,74
Sagehen,arcpat,49.149000000000001,5,0.900000,1.060000,0,0,34.305000,86
Sagehen,pinuscon,1.7849999999999999,26,0.019231,1.785000,0,2,47.886000,7
Sagehen,pinuscon,2.0630000000000002,26,0.057692,0.278000,0,4,47.886000,90
Sagehen,pinuscon,2.198,26,0.096154,0.135000,0,5,47.886000,5
Sagehen,pinuscon,2.8109999999999999,26,0.134615,0.613000,0,5,47.886000,90
Sagehen,pinuscon,2.9790000000000001,26,0.173077,0.168000,0,5,47.886000,91
Sagehen,pinuscon,3.1230000000000002,26,0.211538,0.144000,0,4,47.886000,9
Sagehen,pinuscon,3.734,26,0.250000,0.611000,0,3,47.886000,90
Sagehen,pinuscon,4.7649999999999997,26,0.288462,1.031000,0,1,47.886000,90
Sagehen,pinuscon,5.6029999999999998,26,0.326923,0.838000,0,2,47.886000,40
Sagehen,pinuscon,5.9370000000000003,26,0.365385,0.334000,0,1,47.886000,52
Sagehen,pinuscon,20.824999999999999,26,0.403846,14.888000,0,1,47.886000,95
Sagehen,pinuscon,21.545999999999999,26,0.442308,0.721000,0,1,47.886000,83
Sagehen,pinuscon,24.725999999999999,26,0.480769,3.180000,0,0,47.886000,90
Sagehen,pinuscon,27.364999999999998,26,0.519231,2.639000,1,1,47.886000,94
Sagehen,pinuscon,27.364999999999998,26,0.557692,0.000000,1,1,47.886000,95
Sagehen,pinuscon,28.573,26,0.596154,1.208000,1,3,47.886000,49
Sagehen,pinuscon,28.573,26,0.634615,0.000000,1,3,47.886000,53
Sagehen,pinuscon,28.844000000000001,26,0.673077,0.271000,1,3,47.886000,95
Sagehen,pinuscon,28.844000000000001,26,0.711538,0.000000,1,3,47.886000,95
Sagehen,pinuscon,30.736000000000001,26,0.750000,1.892000,0,0,47.886000,90
Sagehen,pinuscon,46.887999999999998,26,0.788462,16.152000,0,0,47.886000,86
Sagehen,pinuscon,48,26,0.826923,1.112000,0,3,47.886000,53
Sagehen,pinuscon,48.3,26,0.865385,0.300000,0,3,47.886000,46
Sagehen,pinuscon,48.558999999999997,26,0.903846,0.259000,0,3,47.886000,50
Sagehen,pinuscon,48.768999999999998,26,0.942308,0.210000,0,4,47.886000,43
Sagehen,pinuscon,49.670999999999999,26,0.980769,0.902000,0,1,47.886000,83
Sagehen,pinuscon,1.7909999999999999,4,0.125000,1.791000,0,1,2.988000,4
Sagehen,pinuscon,2.19,4,0.375000,0.399000,0,2,2.988000,5
Sagehen,pinuscon,2.9769999999999999,4,0.625000,0.787000,0,1,2.988000,87
Sagehen,pinuscon,4.7789999999999999,4,0.875000,1.802000,0,0,2.988000,91
Sagehen,pinuscon,2.036,25,0.020000,2.036000,0,4,47.626000,91
Sagehen,pinuscon,2.2850000000000001,25,0.060000,0.249000,0,5,47.626000,53
Sagehen,pinuscon,2.766,25,0.100000,0.481000,1,6,47.626000,56
Sagehen,pinuscon,2.8340000000000001,25,0.140000,0.068000,2,6,47.626000,90
Sagehen,pinuscon,2.9089999999999998,25,0.180000,0.075000,1,6,47.626000,91
Sagehen,pinuscon,3.157,25,0.220000,0.248000,0,5,47.626000,86
Sagehen,pinuscon,3.6970000000000001,25,0.260000,0.540000,0,5,47.626000,90
Sagehen,pinuscon,4.6959999999999997,25,0.300000,0.999000,0,2,47.626000,90
Sagehen,pinuscon,5.6379999999999999,25,0.340000,0.942000,0,2,47.626000,42
Sagehen,pinuscon,5.9649999999999999,25,0.380000,0.327000,0,1,47.626000,68
Sagehen,pinuscon,9.2110000000000003,25,0.420000,3.246000,0,0,47.626000,33
Sagehen,pinuscon,20.756,25,0.460000,11.545000,0,0,47.626000,87
Sagehen,pinuscon,26.103000000000002,25,0.500000,5.347000,0,0,47.626000,91
Sagehen,pinuscon,27.388999999999999,25,0.540000,1.286000,0,0,47.626000,94
Sagehen,pinuscon,28.797999999999998,25,0.580000,1.409000,0,0,47.626000,70
Sagehen,pinuscon,30.728000000000002,25,0.620000,1.930000,0,0,47.626000,90
Sagehen,pinuscon,46.06,25,0.660000,15.332000,0,1,47.626000,72
Sagehen,pinuscon,46.883000000000003,25,0.700000,0.823000,0,4,47.626000,87
Sagehen,pinuscon,47.151000000000003,25,0.740000,0.268000,0,4,47.626000,38
Sagehen,pinuscon,47.277999999999999,25,0.780000,0.127000,0,4,47.626000,52
Sagehen,pinuscon,47.506,25,0.820000,0.228000,0,4,47.626000,81
Sagehen,pinuscon,48,25,0.860000,0.494000,0,4,47.626000,49
Sagehen,pinuscon,48.509,25,0.900000,0.509000,0,2,47.626000,80
Sagehen,pinuscon,49.319000000000003,25,0.940000,0.810000,0,2,47.626000,91
Sagehen,pinuscon,49.661999999999999,25,0.980000,0.343000,0,1,47.626000,92
Sagehen,pinuscon,2.0550000000000002,7,0.071429,2.055000,0,2,47.609000,91
Sagehen,pinuscon,2.1989999999999998,7,0.214286,0.144000,0,2,47.609000,5
Sagehen,pinuscon,2.98,7,0.357143,0.781000,0,3,47.609000,91
Sagehen,pinuscon,3.7349999999999999,7,0.500000,0.755000,0,1,47.609000,83
Sagehen,pinuscon,4.7690000000000001,7,0.642857,1.034000,0,0,47.609000,90
Sagehen,pinuscon,49.22,7,0.785714,44.451000,0,1,47.609000,50
Sagehen,pinuscon,49.664000000000001,7,0.928571,0.444000,0,1,47.609000,95
Sagehen,pinuscon,2.06,11,0.045455,2.060000,0,4,47.577000,86
Sagehen,pinuscon,2.2050000000000001,11,0.136364,0.145000,0,5,47.577000,5
Sagehen,pinuscon,2.3180000000000001,11,0.227273,0.113000,0,5,47.577000,7
Sagehen,pinuscon,2.82,11,0.318182,0.502000,0,6,47.577000,7
Sagehen,pinuscon,2.984,11,0.409091,0.164000,0,6,47.577000,90
Sagehen,pinuscon,3.133,11,0.500000,0.149000,0,5,47.577000,14
Sagehen,pinuscon,3.7429999999999999,11,0.590909,0.610000,0,3,47.577000,83
Sagehen,pinuscon,4.7729999999999997,11,0.681818,1.030000,0,0,47.577000,90
Sagehen,pinuscon,47.463000000000001,11,0.772727,42.690000,0,0,47.577000,47
Sagehen,pinuscon,49.274000000000001,11,0.863636,1.811000,0,1,47.577000,96
Sagehen,pinuscon,49.637,11,0.954545,0.363000,0,1,47.577000,64
Sagehen,pinuscon,2.0699999999999998,21,0.023810,2.070000,0,3,47.758000,90
Sagehen,pinuscon,2.2160000000000002,21,0.071429,0.146000,0,4,47.758000,9
Sagehen,pinuscon,2.8039999999999998,21,0.119048,0.588000,0,6,47.758000,9
Sagehen,pinuscon,2.9790000000000001,21,0.166667,0.175000,0,6,47.758000,90
Sagehen,pinuscon,3.1240000000000001,21,0.214286,0.145000,0,5,47.758000,10
Sagehen,pinuscon,3.2280000000000002,21,0.261905,0.104000,0,4,47.758000,90
Sagehen,pinuscon,3.7229999999999999,21,0.309524,0.495000,0,4,47.758000,90
Sagehen,pinuscon,4.7699999999999996,21,0.357143,1.047000,0,1,47.758000,90
Sagehen,pinuscon,5.5890000000000004,21,0.404762,0.819000,0,2,47.758000,42
Sagehen,pinuscon,5.9509999999999996,21,0.452381,0.362000,0,1,47.758000,90
Sagehen,pinuscon,8.8019999999999996,21,0.500000,2.851000,0,0,47.758000,83
Sagehen,pinuscon,20.818999999999999,21,0.547619,12.017000,0,0,47.758000,94
Sagehen,pinuscon,26.166,21,0.595238,5.347000,0,0,47.758000,87
Sagehen,pinuscon,27.45,21,0.642857,1.284000,0,0,47.758000,94
Sagehen,pinuscon,28.846,21,0.690476,1.396000,0,0,47.758000,93
Sagehen,pinuscon,30.774999999999999,21,0.738095,1.929000,0,0,47.758000,93
Sagehen,pinuscon,47.292999999999999,21,0.785714,16.518000,0,1,47.758000,90
Sagehen,pinuscon,47.997,21,0.833333,0.704000,0,1,47.758000,70
Sagehen,pinuscon,49.33,21,0.880952,1.333000,0,2,47.758000,46
Sagehen,pinuscon,49.665999999999997,21,0.928571,0.336000,0,2,47.758000,84
Sagehen,pinuscon,49.828000000000003,21,0.976190,0.162000,0,2,47.758000,96
Sagehen,pinuscon,2.0699999999999998,40,0.012500,2.070000,0,4,48.256000,90
Sagehen,pinuscon,2.1989999999999998,40,0.037500,0.129000,0,5,48.256000,9
Sagehen,pinuscon,2.3330000000000002,40,0.062500,0.134000,0,6,48.256000,50
Sagehen,pinuscon,2.8010000000000002,40,0.087500,0.468000,0,7,48.256000,90
Sagehen,pinuscon,2.9769999999999999,40,0.112500,0.176000,0,7,48.256000,91
Sagehen,pinuscon,3.1110000000000002,40,0.137500,0.134000,0,6,48.256000,35
Sagehen,pinuscon,3.2240000000000002,40,0.162500,0.113000,0,5,48.256000,90
Sagehen,pinuscon,3.726,40,0.187500,0.502000,0,4,48.256000,83
Sagehen,pinuscon,4.76,40,0.212500,1.034000,0,1,48.256000,90
Sagehen,pinuscon,5.4649999999999999,40,0.237500,0.705000,0,2,48.256000,56
Sagehen,pinuscon,5.9610000000000003,40,0.262500,0.496000,0,1,48.256000,80
Sagehen,pinuscon,7.68,40,0.287500,1.719000,0,0,48.256000,90
Sagehen,pinuscon,9.2040000000000006,40,0.312500,1.524000,0,0,48.256000,28
Sagehen,pinuscon,19.501000000000001,40,0.337500,10.297000,0,0,48.256000,86
Sagehen,pinuscon,20.821999999999999,40,0.362500,1.321000,0,2,48.256000,94
Sagehen,pinuscon,21.544,40,0.387500,0.722000,0,2,48.256000,90
Sagehen,pinuscon,21.704000000000001,40,0.412500,0.160000,0,2,48.256000,64
Sagehen,pinuscon,25.692,40,0.437500,3.988000,0,2,48.256000,39
Sagehen,pinuscon,26.137,40,0.462500,0.445000,0,2,48.256000,94
Sagehen,pinuscon,26.47,40,0.487500,0.333000,0,3,48.256000,62
Sagehen,pinuscon,27.442,40,0.512500,0.972000,0,1,48.256000,95
Sagehen,pinuscon,28.562000000000001,40,0.537500,1.120000,0,2,48.256000,93
Sagehen,pinuscon,28.826000000000001,40,0.562500,0.264000,0,2,48.256000,94
Sagehen,pinuscon,29.408999999999999,40,0.587500,0.583000,0,2,48.256000,94
Sagehen,pinuscon,30.724,40,0.612500,1.315000,0,0,48.256000,91
Sagehen,pinuscon,32.011000000000003,40,0.637500,1.287000,0,0,48.256000,64
Sagehen,pinuscon,34.65,40,0.662500,2.639000,0,0,48.256000,90
Sagehen,pinuscon,41.03,40,0.687500,6.380000,0,0,48.256000,90
Sagehen,pinuscon,46.036999999999999,40,0.712500,5.007000,0,1,48.256000,95
Sagehen,pinuscon,46.883000000000003,40,0.737500,0.846000,0,3,48.256000,87
Sagehen,pinuscon,47.280999999999999,40,0.762500,0.398000,0,3,48.256000,62
Sagehen,pinuscon,47.7,40,0.787500,0.419000,0,4,48.256000,98
Sagehen,pinuscon,47.997,40,0.812500,0.297000,0,3,48.256000,60
Sagehen,pinuscon,48.7,40,0.837500,0.703000,0,5,48.256000,90
Sagehen,pinuscon,49.125,40,0.862500,0.425000,1,4,48.256000,86
Sagehen,pinuscon,49.223999999999997,40,0.887500,0.099000,1,5,48.256000,45
Sagehen,pinuscon,49.658999999999999,40,0.912500,0.435000,0,6,48.256000,96
Sagehen,pinuscon,49.813000000000002,40,0.937500,0.154000,0,5,48.256000,98
Sagehen,pinuscon,50.223999999999997,40,0.962500,0.411000,0,4,48.256000,96
Sagehen,pinuscon,50.326000000000001,40,0.987500,0.102000,0,3,48.256000,91
Sagehen,pinuscon,49.302,1,0.500000,49.302000,0,0,0.000000,92
Sagehen,pinusjeff,1.77,32,0.015625,1.770000,0,2,48.033000,56
Sagehen,pinusjeff,2.0630000000000002,32,0.046875,0.293000,0,3,48.033000,90
Sagehen,pinusjeff,2.194,32,0.078125,0.131000,0,4,48.033000,5
Sagehen,pinusjeff,2.9790000000000001,32,0.109375,0.785000,0,6,48.033000,87
Sagehen,pinusjeff,3.121,32,0.140625,0.142000,0,5,48.033000,23
Sagehen,pinusjeff,3.2210000000000001,32,0.171875,0.100000,0,4,48.033000,83
Sagehen,pinusjeff,3.3620000000000001,32,0.203125,0.141000,0,4,48.033000,72
Sagehen,pinusjeff,3.7250000000000001,32,0.234375,0.363000,0,4,48.033000,90
Sagehen,pinusjeff,4.7649999999999997,32,0.265625,1.040000,0,1,48.033000,90
Sagehen,pinusjeff,5.6,32,0.296875,0.835000,0,2,48.033000,64
Sagehen,pinusjeff,5.9240000000000004,32,0.328125,0.324000,0,1,48.033000,80
Sagehen,pinusjeff,20.773,32,0.359375,14.849000,0,2,48.033000,95
Sagehen,pinusjeff,21.536000000000001,32,0.390625,0.763000,0,3,48.033000,93
Sagehen,pinusjeff,21.713999999999999,32,0.421875,0.178000,0,3,48.033000,87
Sagehen,pinusjeff,22.443000000000001,32,0.453125,0.729000,0,2,48.033000,83
Sagehen,pinusjeff,23.539000000000001,32,0.484375,1.096000,0,1,48.033000,86
Sagehen,pinusjeff,24.28,32,0.515625,0.741000,0,2,48.033000,25
Sagehen,pinusjeff,24.731000000000002,32,0.546875,0.451000,0,1,48.033000,96
Sagehen,pinusjeff,26.163,32,0.578125,1.432000,0,0,48.033000,93
Sagehen,pinusjeff,27.431000000000001,32,0.609375,1.268000,0,0,48.033000,97
Sagehen,pinusjeff,28.571999999999999,32,0.640625,1.141000,0,2,48.033000,86
Sagehen,pinusjeff,28.841000000000001,32,0.671875,0.269000,0,2,48.033000,81
Sagehen,pinusjeff,29.408999999999999,32,0.703125,0.568000,0,2,48.033000,93
Sagehen,pinusjeff,30.771999999999998,32,0.734375,1.363000,0,0,48.033000,91
Sagehen,pinusjeff,46.889000000000003,32,0.765625,16.117000,0,2,48.033000,72
Sagehen,pinusjeff,47.292999999999999,32,0.796875,0.404000,0,3,48.033000,55
Sagehen,pinusjeff,47.718000000000004,32,0.828125,0.425000,0,4,48.033000,98
Sagehen,pinusjeff,48.08,32,0.859375,0.362000,0,3,48.033000,43
Sagehen,pinusjeff,48.298999999999999,32,0.890625,0.219000,0,2,48.033000,38
Sagehen,pinusjeff,49.311999999999998,32,0.921875,1.013000,0,2,48.033000,80
Sagehen,pinusjeff,49.646999999999998,32,0.953125,0.335000,0,2,48.033000,95
Sagehen,pinusjeff,49.802999999999997,32,0.984375,0.156000,0,2,48.033000,97
Sagehen,pinusjeff,1.786,18,0.027778,1.786000,0,3,47.853000,5
Sagehen,pinusjeff,2.06,18,0.083333,0.274000,0,5,47.853000,90
Sagehen,pinusjeff,2.2120000000000002,18,0.138889,0.152000,0,6,47.853000,9
Sagehen,pinusjeff,2.4319999999999999,18,0.194444,0.220000,0,7,47.853000,30
Sagehen,pinusjeff,2.8130000000000002,18,0.250000,0.381000,0,7,47.853000,86
Sagehen,pinusjeff,2.9780000000000002,18,0.305556,0.165000,0,7,47.853000,91
Sagehen,pinusjeff,3.125,18,0.361111,0.147000,0,6,47.853000,14
Sagehen,pinusjeff,3.3690000000000002,18,0.416667,0.244000,0,5,47.853000,45
Sagehen,pinusjeff,3.7240000000000002,18,0.472222,0.355000,0,4,47.853000,47
Sagehen,pinusjeff,4.7670000000000003,18,0.527778,1.043000,0,1,47.853000,90
Sagehen,pinusjeff,5.6109999999999998,18,0.583333,0.844000,0,1,47.853000,56
Sagehen,pinusjeff,20.832999999999998,18,0.638889,15.222000,0,0,47.853000,93
Sagehen,pinusjeff,46.887999999999998,18,0.694444,26.055000,0,1,47.853000,78
Sagehen,pinusjeff,47.154000000000003,18,0.750000,0.266000,0,1,47.853000,72
Sagehen,pinusjeff,48.206000000000003,18,0.805556,1.052000,0,1,47.853000,53
Sagehen,pinusjeff,48.511000000000003,18,0.861111,0.305000,0,2,47.853000,80
Sagehen,pinusjeff,49.356999999999999,18,0.916667,0.846000,0,2,47.853000,46
Sagehen,pinusjeff,49.639000000000003,18,0.972222,0.282000,0,1,47.853000,96
Sagehen,pinusjeff,2.036,35,0.014286,2.036000,0,3,48.380000,91
Sagehen,pinusjeff,2.2850000000000001,35,0.042857,0.249000,0,5,48.380000,53
Sagehen,pinusjeff,2.7570000000000001,35,0.071429,0.472000,0,6,48.380000,9
Sagehen,pinusjeff,2.907,35,0.100000,0.150000,0,6,48.380000,91
Sagehen,pinusjeff,3.1589999999999998,35,0.128571,0.252000,1,5,48.380000,90
Sagehen,pinusjeff,3.2549999999999999,35,0.157143,0.096000,1,5,48.380000,72
Sagehen,pinusjeff,3.6949999999999998,35,0.185714,0.440000,0,4,48.380000,90
Sagehen,pinusjeff,4.6959999999999997,35,0.214286,1.001000,0,1,48.380000,90
Sagehen,pinusjeff,5.5110000000000001,35,0.242857,0.815000,0,2,48.380000,42
Sagehen,pinusjeff,5.99,35,0.271429,0.479000,0,1,48.380000,87
Sagehen,pinusjeff,7.6120000000000001,35,0.300000,1.622000,0,0,48.380000,90
Sagehen,pinusjeff,9.2319999999999993,35,0.328571,1.620000,0,0,48.380000,28
Sagehen,pinusjeff,20.658000000000001,35,0.357143,11.426000,0,1,48.380000,95
Sagehen,pinusjeff,21.471,35,0.385714,0.813000,0,2,48.380000,94
Sagehen,pinusjeff,22.463000000000001,35,0.414286,0.992000,0,1,48.380000,90
Sagehen,pinusjeff,23.475000000000001,35,0.442857,1.012000,0,0,48.380000,81
Sagehen,pinusjeff,24.675000000000001,35,0.471429,1.200000,0,0,48.380000,96
Sagehen,pinusjeff,26.097999999999999,35,0.500000,1.423000,0,0,48.380000,93
Sagehen,pinusjeff,27.363,35,0.528571,1.265000,0,0,48.380000,94
Sagehen,pinusjeff,28.54,35,0.557143,1.177000,0,2,48.380000,87
Sagehen,pinusjeff,28.798999999999999,35,0.585714,0.259000,0,2,48.380000,81
Sagehen,pinusjeff,29.37,35,0.614286,0.571000,0,2,48.380000,93
Sagehen,pinusjeff,30.73,35,0.642857,1.360000,0,0,48.380000,80
Sagehen,pinusjeff,46.063000000000002,35,0.671429,15.333000,0,1,48.380000,86
Sagehen,pinusjeff,46.881,35,0.700000,0.818000,0,3,48.380000,86
Sagehen,pinusjeff,47.283000000000001,35,0.728571,0.402000,0,3,48.380000,38
Sagehen,pinusjeff,47.743000000000002,35,0.757143,0.460000,0,5,48.380000,64
Sagehen,pinusjeff,48,35,0.785714,0.257000,0,5,48.380000,70
Sagehen,pinusjeff,48.302,35,0.814286,0.302000,0,4,48.380000,41
Sagehen,pinusjeff,48.634999999999998,35,0.842857,0.333000,0,4,48.380000,70
Sagehen,pinusjeff,48.982999999999997,35,0.871429,0.348000,0,5,48.380000,95
Sagehen,pinusjeff,49.664000000000001,35,0.900000,0.681000,0,4,48.380000,96
Sagehen,pinusjeff,49.802999999999997,35,0.928571,0.139000,0,4,48.380000,99
Sagehen,pinusjeff,49.994999999999997,35,0.957143,0.192000,0,3,48.380000,95
Sagehen,pinusjeff,50.415999999999997,35,0.985714,0.421000,0,3,48.380000,91
Sagehen,pinusjeff,2.0670000000000002,24,0.020833,2.067000,0,3,48.419000,91
Sagehen,pinusjeff,2.2389999999999999,24,0.062500,0.172000,0,4,48.419000,9
Sagehen,pinusjeff,2.8130000000000002,24,0.104167,0.574000,0,6,48.419000,90
Sagehen,pinusjeff,2.9809999999999999,24,0.145833,0.168000,0,6,48.419000,91
Sagehen,pinusjeff,3.1269999999999998,24,0.187500,0.146000,0,5,48.419000,18
Sagehen,pinusjeff,3.367,24,0.229167,0.240000,0,4,48.419000,80
Sagehen,pinusjeff,3.7250000000000001,24,0.270833,0.358000,0,4,48.419000,49
Sagehen,pinusjeff,4.7720000000000002,24,0.312500,1.047000,0,1,48.419000,90
Sagehen,pinusjeff,5.6139999999999999,24,0.354167,0.842000,0,1,48.419000,56
Sagehen,pinusjeff,20.832000000000001,24,0.395833,15.218000,0,0,48.419000,94
Sagehen,pinusjeff,27.449000000000002,24,0.437500,6.617000,0,0,48.419000,90
Sagehen,pinusjeff,46.332000000000001,24,0.479167,18.883000,0,1,48.419000,94
Sagehen,pinusjeff,47.139000000000003,24,0.520833,0.807000,0,3,48.419000,53
Sagehen,pinusjeff,47.395000000000003,24,0.562500,0.256000,0,3,48.419000,27
Sagehen,pinusjeff,48.106000000000002,24,0.604167,0.711000,0,4,48.419000,80
Sagehen,pinusjeff,48.21,24,0.645833,0.104000,0,3,48.419000,46
Sagehen,pinusjeff,48.493000000000002,24,0.687500,0.283000,0,4,48.419000,93
Sagehen,pinusjeff,49.298999999999999,24,0.729167,0.806000,0,5,48.419000,38
Sagehen,pinusjeff,49.417000000000002,24,0.770833,0.118000,0,6,48.419000,38
Sagehen,pinusjeff,49.676000000000002,24,0.812500,0.259000,0,6,48.419000,45
Sagehen,pinusjeff,50.067999999999998,24,0.854167,0.392000,0,6,48.419000,96
Sagehen,pinusjeff,50.201000000000001,24,0.895833,0.133000,0,6,48.419000,91
Sagehen,pinusjeff,50.304000000000002,24,0.937500,0.103000,0,5,48.419000,90
Sagehen,pinusjeff,50.485999999999997,24,0.979167,0.182000,0,4,48.419000,90
Sagehen,pinusjeff,2.0710000000000002,31,0.016129,2.071000,0,3,48.339000,90
Sagehen,pinusjeff,2.2240000000000002,31,0.048387,0.153000,0,4,48.339000,9
Sagehen,pinusjeff,2.8109999999999999,31,0.080645,0.587000,0,7,48.339000,86
Sagehen,pinusjeff,2.9820000000000002,31,0.112903,0.171000,0,7,48.339000,91
Sagehen,pinusjeff,3.1259999999999999,31,0.145161,0.144000,0,6,48.339000,10
Sagehen,pinusjeff,3.23,31,0.177419,0.104000,0,5,48.339000,90
Sagehen,pinusjeff,3.367,31,0.209677,0.137000,0,5,48.339000,64
Sagehen,pinusjeff,3.7240000000000002,31,0.241935,0.357000,0,5,48.339000,83
Sagehen,pinusjeff,4.774,31,0.274194,1.050000,0,1,48.339000,90
Sagehen,pinusjeff,5.5960000000000001,31,0.306452,0.822000,0,1,48.339000,50
Sagehen,pinusjeff,20.748999999999999,31,0.338710,15.153000,0,1,48.339000,95
Sagehen,pinusjeff,21.54,31,0.370968,0.791000,0,1,48.339000,95
Sagehen,pinusjeff,24.742999999999999,31,0.403226,3.203000,0,1,48.339000,97
Sagehen,pinusjeff,25.51,31,0.435484,0.767000,0,2,48.339000,95
Sagehen,pinusjeff,26.173999999999999,31,0.467742,0.664000,0,1,48.339000,68
Sagehen,pinusjeff,27.437999999999999,31,0.500000,1.264000,0,0,48.339000,94
Sagehen,pinusjeff,28.573,31,0.532258,1.135000,0,1,48.339000,91
Sagehen,pinusjeff,28.85,31,0.564516,0.277000,0,1,48.339000,76
Sagehen,pinusjeff,30.768999999999998,31,0.596774,1.919000,0,0,48.339000,80
Sagehen,pinusjeff,46.886000000000003,31,0.629032,16.117000,0,0,48.339000,87
Sagehen,pinusjeff,48.003,31,0.661290,1.117000,0,4,48.339000,87
Sagehen,pinusjeff,48.103999999999999,31,0.693548,0.101000,0,4,48.339000,87
Sagehen,pinusjeff,48.305,31,0.725806,0.201000,0,4,48.339000,35
Sagehen,pinusjeff,48.639000000000003,31,0.758065,0.334000,0,4,48.339000,89
Sagehen,pinusjeff,48.805,31,0.790323,0.166000,0,5,48.339000,99
Sagehen,pinusjeff,49.802999999999997,31,0.822581,0.998000,0,6,48.339000,96
Sagehen,pinusjeff,49.996000000000002,31,0.854839,0.193000,0,5,48.339000,99
Sagehen,pinusjeff,50.137999999999998,31,0.887097,0.142000,0,5,48.339000,97
Sagehen,pinusjeff,50.241,31,0.919355,0.103000,0,5,48.339000,98
Sagehen,pinusjeff,50.372,31,0.951613,0.131000,1,5,48.339000,95
Sagehen,pinusjeff,50.41,31,0.983871,0.038000,1,5,48.339000,99
Sagehen,purtri,1.774,15,0.033333,1.774000,0,2,47.544000,7
Sagehen,purtri,2.052,15,0.100000,0.278000,0,3,47.544000,90
Sagehen,purtri,2.194,15,0.166667,0.142000,0,4,47.544000,7
Sagehen,purtri,2.9790000000000001,15,0.233333,0.785000,0,4,47.544000,91
Sagehen,purtri,3.1259999999999999,15,0.300000,0.147000,0,3,47.544000,9
Sagehen,purtri,3.7309999999999999,15,0.366667,0.605000,0,2,47.544000,64
Sagehen,purtri,4.7649999999999997,15,0.433333,1.034000,0,0,47.544000,90
Sagehen,purtri,20.832999999999998,15,0.500000,16.068000,0,0,47.544000,93
Sagehen,purtri,41.895000000000003,15,0.566667,21.062000,0,0,47.544000,35
Sagehen,purtri,46.887999999999998,15,0.633333,4.993000,0,2,47.544000,90
Sagehen,purtri,47.287999999999997,15,0.700000,0.400000,0,2,47.544000,84
Sagehen,purtri,47.792000000000002,15,0.766667,0.504000,0,3,47.544000,96
Sagehen,purtri,48.313000000000002,15,0.833333,0.521000,0,2,47.544000,94
Sagehen,purtri,48.987000000000002,15,0.900000,0.674000,0,2,47.544000,53
Sagehen,purtri,49.317999999999998,15,0.966667,0.331000,0,1,47.544000,87
Sagehen,purtri,1.7749999999999999,17,0.029412,1.775000,0,1,48.586000,4
Sagehen,purtri,2.1909999999999998,17,0.088235,0.416000,0,2,48.586000,7
Sagehen,purtri,2.9809999999999999,17,0.147059,0.790000,0,2,48.586000,90
Sagehen,purtri,3.7330000000000001,17,0.205882,0.752000,0,1,48.586000,83
Sagehen,purtri,4.7690000000000001,17,0.264706,1.036000,0,0,48.586000,90
Sagehen,purtri,20.834,17,0.323529,16.065000,0,0,48.586000,95
Sagehen,purtri,26.917000000000002,17,0.382353,6.083000,0,0,48.586000,80
Sagehen,purtri,46.884,17,0.441176,19.967000,0,1,48.586000,86
Sagehen,purtri,47.284999999999997,17,0.500000,0.401000,0,2,48.586000,64
Sagehen,purtri,48.021999999999998,17,0.558824,0.737000,0,3,48.586000,90
Sagehen,purtri,48.311,17,0.617647,0.289000,0,3,48.586000,98
Sagehen,purtri,48.807000000000002,17,0.676471,0.496000,0,4,48.586000,99
Sagehen,purtri,49.033000000000001,17,0.735294,0.226000,0,4,48.586000,64
Sagehen,purtri,49.33,17,0.794118,0.297000,0,4,48.586000,98
Sagehen,purtri,49.860999999999997,17,0.852941,0.531000,0,4,48.586000,55
Sagehen,purtri,50.225000000000001,17,0.911765,0.364000,0,3,48.586000,80
Sagehen,purtri,50.360999999999997,17,0.970588,0.136000,0,2,48.586000,96
Sagehen,purtri,1.7829999999999999,23,0.021739,1.783000,0,3,48.199000,5
Sagehen,purtri,2.0550000000000002,23,0.065217,0.272000,0,5,48.199000,90
Sagehen,purtri,2.1930000000000001,23,0.108696,0.138000,0,6,48.199000,9
Sagehen,purtri,2.4319999999999999,23,0.152174,0.239000,0,7,48.199000,38
Sagehen,purtri,2.8130000000000002,23,0.195652,0.381000,0,7,48.199000,56
Sagehen,purtri,2.9780000000000002,23,0.239130,0.165000,0,7,48.199000,91
Sagehen,purtri,3.12,23,0.282609,0.142000,0,6,48.199000,10
Sagehen,purtri,3.3660000000000001,23,0.326087,0.246000,0,5,48.199000,59
Sagehen,purtri,3.7210000000000001,23,0.369565,0.355000,0,4,48.199000,83
Sagehen,purtri,4.766,23,0.413043,1.045000,0,0,48.199000,90
Sagehen,purtri,20.831,23,0.456522,16.065000,0,0,48.199000,93
Sagehen,purtri,26.734999999999999,23,0.500000,5.904000,0,0,48.199000,91
Sagehen,purtri,29.899000000000001,23,0.543478,3.164000,0,0,48.199000,83
Sagehen,purtri,44.103999999999999,23,0.586957,14.205000,0,0,48.199000,50
Sagehen,purtri,46.201000000000001,23,0.630435,2.097000,0,1,48.199000,46
Sagehen,purtri,47.151000000000003,23,0.673913,0.950000,0,3,48.199000,64
Sagehen,purtri,47.281999999999996,23,0.717391,0.131000,0,2,48.199000,86
Sagehen,purtri,48.081000000000003,23,0.760870,0.799000,0,5,48.199000,91
Sagehen,purtri,48.311999999999998,23,0.804348,0.231000,0,3,48.199000,98
Sagehen,purtri,48.808999999999997,23,0.847826,0.497000,0,4,48.199000,18
Sagehen,purtri,49.051000000000002,23,0.891304,0.242000,0,5,48.199000,94
Sagehen,purtri,49.652999999999999,23,0.934783,0.602000,0,3,48.199000,64
Sagehen,purtri,49.981999999999999,23,0.978261,0.329000,0,2,48.199000,49
Sagehen,purtri,1.7849999999999999,17,0.029412,1.785000,0,3,47.553000,4
Sagehen,purtri,2.0099999999999998,17,0.088235,0.225000,1,4,47.553000,74
Sagehen,purtri,2.056,17,0.147059,0.046000,1,4,47.553000,78
Sagehen,purtri,2.1960000000000002,17,0.205882,0.140000,0,4,47.553000,4
Sagehen,purtri,2.972,17,0.264706,0.776000,0,4,47.553000,90
Sagehen,purtri,3.7320000000000002,17,0.323529,0.760000,0,1,47.553000,78
Sagehen,purtri,4.7679999999999998,17,0.382353,1.036000,0,0,47.553000,90
Sagehen,purtri,20.84,17,0.441176,16.072000,0,0,47.553000,93
Sagehen,purtri,46.331000000000003,17,0.500000,25.491000,0,1,47.553000,81
Sagehen,purtri,46.552999999999997,17,0.558824,0.222000,0,1,47.553000,94
Sagehen,purtri,47.790999999999997,17,0.617647,1.238000,0,4,47.553000,97
Sagehen,purtri,48.21,17,0.676471,0.419000,0,5,47.553000,59
Sagehen,purtri,48.314999999999998,17,0.735294,0.105000,0,5,47.553000,60
Sagehen,purtri,48.512,17,0.794118,0.197000,0,6,47.553000,86
Sagehen,purtri,48.639000000000003,17,0.852941,0.127000,0,6,47.553000,46
Sagehen,purtri,48.993000000000002,17,0.911765,0.354000,0,5,47.553000,64
Sagehen,purtri,49.338000000000001,17,0.970588,0.345000,0,3,47.553000,93
Sagehen,purtri,2.0609999999999999,25,0.020000,2.061000,0,3,47.168000,90
Sagehen,purtri,2.2080000000000002,25,0.060000,0.147000,0,4,47.168000,5
Sagehen,purtri,2.8180000000000001,25,0.100000,0.610000,0,5,47.168000,90
Sagehen,purtri,2.9790000000000001,25,0.140000,0.161000,0,5,47.168000,90
Sagehen,purtri,3.1219999999999999,25,0.180000,0.143000,0,4,47.168000,14
Sagehen,purtri,3.7240000000000002,25,0.220000,0.602000,0,3,47.168000,83
Sagehen,purtri,4.7670000000000003,25,0.260000,1.043000,0,1,47.168000,90
Sagehen,purtri,5.0140000000000002,25,0.300000,0.247000,0,1,47.168000,9
Sagehen,purtri,20.824999999999999,25,0.340000,15.811000,0,0,47.168000,97
Sagehen,purtri,26.673999999999999,25,0.380000,5.849000,0,1,47.168000,90
Sagehen,purtri,27.398,25,0.420000,0.724000,0,2,47.168000,91
Sagehen,purtri,28.324999999999999,25,0.460000,0.927000,0,4,47.168000,72
Sagehen,purtri,28.53,25,0.500000,0.205000,0,3,47.168000,76
Sagehen,purtri,28.783000000000001,25,0.540000,0.253000,0,3,47.168000,30
Sagehen,purtri,29.291,25,0.580000,0.508000,0,3,47.168000,83
Sagehen,purtri,30.721,25,0.620000,1.430000,0,0,47.168000,60
Sagehen,purtri,32.170999999999999,25,0.660000,1.450000,0,0,47.168000,72
Sagehen,purtri,45.594999999999999,25,0.700000,13.424000,0,1,47.168000,43
Sagehen,purtri,46.219000000000001,25,0.740000,0.624000,0,1,47.168000,50
Sagehen,purtri,47.287999999999997,25,0.780000,1.069000,0,1,47.168000,68
Sagehen,purtri,48.000999999999998,25,0.820000,0.713000,0,3,47.168000,58
Sagehen,purtri,48.311,25,0.860000,0.310000,0,4,47.168000,94
Sagehen,purtri,48.805,25,0.900000,0.494000,0,4,47.168000,95
Sagehen,purtri,49.033000000000001,25,0.940000,0.228000,0,3,47.168000,53
Sagehen,purtri,49.228999999999999,25,0.980000,0.196000,0,3,47.168000,53
Sagehen,ribcereum,2.0499999999999998,25,0.020000,2.050000,0,2,48.352000,91
Sagehen,ribcereum,2.1890000000000001,25,0.060000,0.139000,0,3,48.352000,7
Sagehen,ribcereum,2.98,25,0.100000,0.791000,0,4,48.352000,83
Sagehen,ribcereum,3.12,25,0.140000,0.140000,0,3,48.352000,25
Sagehen,ribcereum,3.7269999999999999,25,0.180000,0.607000,0,2,48.352000,83
Sagehen,ribcereum,21.687999999999999,25,0.220000,17.961000,0,0,48.352000,94
Sagehen,ribcereum,23.376999999999999,25,0.260000,1.689000,0,0,48.352000,90
Sagehen,ribcereum,25.899000000000001,25,0.300000,2.522000,0,0,48.352000,86
Sagehen,ribcereum,27.529,25,0.340000,1.630000,0,0,48.352000,95
Sagehen,ribcereum,28.553999999999998,25,0.380000,1.025000,0,2,48.352000,95
Sagehen,ribcereum,28.821000000000002,25,0.420000,0.267000,0,2,48.352000,93
Sagehen,ribcereum,29.053999999999998,25,0.460000,0.233000,0,2,48.352000,95
Sagehen,ribcereum,32.018000000000001,25,0.500000,2.964000,0,0,48.352000,94
Sagehen,ribcereum,46.064,25,0.540000,14.046000,0,1,48.352000,93
Sagehen,ribcereum,46.902000000000001,25,0.580000,0.838000,0,3,48.352000,25
Sagehen,ribcereum,47.148000000000003,25,0.620000,0.246000,0,2,48.352000,10
Sagehen,ribcereum,47.3,25,0.660000,0.152000,0,3,48.352000,46
Sagehen,ribcereum,48.243000000000002,25,0.700000,0.943000,0,4,48.352000,50
Sagehen,ribcereum,48.509,25,0.740000,0.266000,0,3,48.352000,70
Sagehen,ribcereum,48.731999999999999,25,0.780000,0.223000,1,4,48.352000,87
Sagehen,ribcereum,48.826999999999998,25,0.820000,0.095000,1,4,48.352000,86
Sagehen,ribcereum,49.65,25,0.860000,0.823000,0,5,48.352000,94
Sagehen,ribcereum,50.149000000000001,25,0.900000,0.499000,0,3,48.352000,99
Sagehen,ribcereum,50.372,25,0.940000,0.223000,1,3,48.352000,98
Sagehen,ribcereum,50.402000000000001,25,0.980000,0.030000,1,3,48.352000,99
Sagehen,ribcereum,2.0579999999999998,42,0.011905,2.058000,0,4,48.496000,90
Sagehen,ribcereum,2.2080000000000002,42,0.035714,0.150000,0,5,48.496000,7
Sagehen,ribcereum,2.423,42,0.059524,0.215000,0,5,48.496000,9
Sagehen,ribcereum,2.81,42,0.083333,0.387000,0,6,48.496000,86
Sagehen,ribcereum,2.9769999999999999,42,0.107143,0.167000,0,6,48.496000,91
Sagehen,ribcereum,3.1190000000000002,42,0.130952,0.142000,0,5,48.496000,18
Sagehen,ribcereum,3.718,42,0.154762,0.599000,0,3,48.496000,83
Sagehen,ribcereum,4.7649999999999997,42,0.178571,1.047000,0,1,48.496000,90
Sagehen,ribcereum,5.6120000000000001,42,0.202381,0.847000,0,1,48.496000,64
Sagehen,ribcereum,7.681,42,0.226190,2.069000,0,0,48.496000,90
Sagehen,ribcereum,16.521000000000001,42,0.250000,8.840000,0,0,48.496000,93
Sagehen,ribcereum,21.614999999999998,42,0.273810,5.094000,0,0,48.496000,94
Sagehen,ribcereum,23.349,42,0.297619,1.734000,0,0,48.496000,93
Sagehen,ribcereum,24.483000000000001,42,0.321429,1.134000,0,1,48.496000,49
Sagehen,ribcereum,24.692,42,0.345238,0.209000,0,1,48.496000,87
Sagehen,ribcereum,26.751000000000001,42,0.369048,2.059000,0,1,48.496000,91
Sagehen,ribcereum,27.54,42,0.392857,0.789000,0,3,48.496000,95
Sagehen,ribcereum,28.382999999999999,42,0.416667,0.843000,0,4,48.496000,93
Sagehen,ribcereum,28.501000000000001,42,0.440476,0.118000,0,4,48.496000,93
Sagehen,ribcereum,28.782,42,0.464286,0.281000,0,3,48.496000,70
Sagehen,ribcereum,29.306000000000001,42,0.488095,0.524000,0,3,48.496000,83
Sagehen,ribcereum,30.734999999999999,42,0.511905,1.429000,0,1,48.496000,91
Sagehen,ribcereum,31.283000000000001,42,0.535714,0.548000,0,2,48.496000,64
Sagehen,ribcereum,31.986999999999998,42,0.559524,0.704000,0,1,48.496000,91
Sagehen,ribcereum,41.853999999999999,42,0.583333,9.867000,0,0,48.496000,35
Sagehen,ribcereum,45.34,42,0.607143,3.486000,0,3,48.496000,49
Sagehen,ribcereum,45.462000000000003,42,0.630952,0.122000,0,3,48.496000,90
Sagehen,ribcereum,46.192999999999998,42,0.678571,0.134000,0,3,48.496000,70
Sagehen,ribcereum,47.274000000000001,42,0.702381,1.081000,0,2,48.496000,87
Sagehen,ribcereum,47.706000000000003,42,0.726190,0.432000,0,3,48.496000,81
Sagehen,ribcereum,48.078000000000003,42,0.750000,0.372000,0,6,48.496000,83
Sagehen,ribcereum,48.304000000000002,42,0.773810,0.226000,0,6,48.496000,97
Sagehen,ribcereum,48.707000000000001,42,0.797619,0.403000,1,7,48.496000,99
Sagehen,ribcereum,48.805999999999997,42,0.821429,0.099000,1,7,48.496000,99
Sagehen,ribcereum,48.981000000000002,42,0.845238,0.175000,0,8,48.496000,96
Sagehen,ribcereum,49.21,42,0.869048,0.229000,0,7,48.496000,70
Sagehen,ribcereum,49.314,42,0.892857,0.104000,0,7,48.496000,93
Sagehen,ribcereum,49.639000000000003,42,0.916667,0.325000,0,8,48.496000,95
Sagehen,ribcereum,49.807000000000002,42,0.940476,0.168000,0,6,48.496000,93
Sagehen,ribcereum,50.238,42,0.964286,0.431000,0,4,48.496000,99
Sagehen,ribcereum,50.554000000000002,42,0.988095,0.316000,0,3,48.496000,93
Sagehen,ribcereum,2.0590000000000002,37,0.013514,2.059000,0,3,48.348000,90
Sagehen,ribcereum,2.2210000000000001,37,0.040541,0.162000,0,4,48.348000,9
Sagehen,ribcereum,2.8069999999999999,37,0.067568,0.586000,0,6,48.348000,87
Sagehen,ribcereum,2.9729999999999999,37,0.094595,0.166000,0,6,48.348000,91
Sagehen,ribcereum,3.117,37,0.121622,0.144000,0,5,48.348000,10
Sagehen,ribcereum,3.355,37,0.148649,0.238000,0,4,48.348000,72
Sagehen,ribcereum,3.714,37,0.175676,0.359000,0,4,48.348000,83
Sagehen,ribcereum,4.7640000000000002,37,0.202703,1.050000,0,0,48.348000,90
Sagehen,ribcereum,7.6760000000000002,37,0.229730,2.912000,0,0,48.348000,86
Sagehen,ribcereum,10.109,37,0.256757,2.433000,0,0,48.348000,87
Sagehen,ribcereum,21.635000000000002,37,0.283784,11.526000,0,0,48.348000,94
Sagehen,ribcereum,23.358000000000001,37,0.310811,1.723000,0,0,48.348000,90
Sagehen,ribcereum,24.692,37,0.337838,1.334000,0,0,48.348000,90
Sagehen,ribcereum,27.460999999999999,37,0.364865,2.769000,0,1,48.348000,94
Sagehen,ribcereum,28.382999999999999,37,0.391892,0.922000,0,4,48.348000,95
Sagehen,ribcereum,28.507000000000001,37,0.418919,0.124000,0,3,48.348000,95
Sagehen,ribcereum,28.782,37,0.445946,0.275000,0,3,48.348000,70
Sagehen,ribcereum,29.224,37,0.472973,0.442000,0,3,48.348000,83
Sagehen,ribcereum,30.794,37,0.500000,1.570000,0,0,48.348000,60
Sagehen,ribcereum,32.094999999999999,37,0.527027,1.301000,0,0,48.348000,94
Sagehen,ribcereum,41.853000000000002,37,0.554054,9.758000,0,0,48.348000,50
Sagehen,ribcereum,43.927999999999997,37,0.581081,2.075000,0,1,48.348000,90
Sagehen,ribcereum,44.101999999999997,37,0.608108,0.174000,0,1,48.348000,38
Sagehen,ribcereum,45.34,37,0.635135,1.238000,0,1,48.348000,50
Sagehen,ribcereum,45.462000000000003,37,0.662162,0.122000,0,1,48.348000,81
Sagehen,ribcereum,46.896999999999998,37,0.689189,1.435000,0,1,48.348000,87
Sagehen,ribcereum,47.274000000000001,37,0.716216,0.377000,0,3,48.348000,90
Sagehen,ribcereum,48.079000000000001,37,0.743243,0.805000,0,5,48.348000,83
Sagehen,ribcereum,48.241999999999997,37,0.770270,0.163000,0,5,48.348000,70
Sagehen,ribcereum,48.713000000000001,37,0.797297,0.471000,1,6,48.348000,99
Sagehen,ribcereum,48.807000000000002,37,0.824324,0.094000,1,7,48.348000,99
Sagehen,ribcereum,48.982999999999997,37,0.851351,0.176000,0,7,48.348000,95
Sagehen,ribcereum,49.548999999999999,37,0.878378,0.566000,1,7,48.348000,95
Sagehen,ribcereum,49.64,37,0.905405,0.091000,1,7,48.348000,97
Sagehen,ribcereum,49.802,37,0.932432,0.162000,0,6,48.348000,98
Sagehen,ribcereum,50.238999999999997,37,0.959459,0.437000,0,4,48.348000,99
Sagehen,ribcereum,50.406999999999996,37,0.986486,0.168000,0,4,48.348000,98
Sagehen,ribcereum,2.06,32,0.015625,2.060000,0,3,48.341000,91
Sagehen,ribcereum,2.2120000000000002,32,0.046875,0.152000,0,4,48.341000,7
Sagehen,ribcereum,2.8130000000000002,32,0.078125,0.601000,0,5,48.341000,83
Sagehen,ribcereum,2.9790000000000001,32,0.109375,0.166000,0,5,48.341000,91
Sagehen,ribcereum,3.1240000000000001,32,0.140625,0.145000,0,4,48.341000,10
Sagehen,ribcereum,3.72,32,0.171875,0.596000,0,3,48.341000,83
Sagehen,ribcereum,4.7679999999999998,32,0.203125,1.048000,0,0,48.341000,90
Sagehen,ribcereum,20.83,32,0.234375,16.062000,0,1,48.341000,83
Sagehen,ribcereum,21.690999999999999,32,0.265625,0.861000,0,1,48.341000,93
Sagehen,ribcereum,23.378,32,0.296875,1.687000,0,0,48.341000,83
Sagehen,ribcereum,24.706,32,0.328125,1.328000,0,0,48.341000,94
Sagehen,ribcereum,26.896000000000001,32,0.359375,2.190000,0,1,48.341000,83
Sagehen,ribcereum,27.45,32,0.390625,0.554000,0,1,48.341000,90
Sagehen,ribcereum,28.564,32,0.421875,1.114000,0,2,48.341000,97
Sagehen,ribcereum,28.84,32,0.453125,0.276000,0,2,48.341000,53
Sagehen,ribcereum,29.475999999999999,32,0.484375,0.636000,0,2,48.341000,78
Sagehen,ribcereum,30.766999999999999,32,0.515625,1.291000,0,0,48.341000,91
Sagehen,ribcereum,32.018999999999998,32,0.546875,1.252000,0,1,48.341000,53
Sagehen,ribcereum,32.170999999999999,32,0.578125,0.152000,0,1,48.341000,91
Sagehen,ribcereum,46.064,32,0.609375,13.893000,0,1,48.341000,59
Sagehen,ribcereum,46.197000000000003,32,0.640625,0.133000,0,1,48.341000,60
Sagehen,ribcereum,48.307000000000002,32,0.671875,2.110000,0,4,48.341000,93
Sagehen,ribcereum,48.716999999999999,32,0.703125,0.410000,1,6,48.341000,97
Sagehen,ribcereum,48.807000000000002,32,0.734375,0.090000,1,6,48.341000,99
Sagehen,ribcereum,48.984999999999999,32,0.765625,0.178000,0,6,48.341000,95
Sagehen,ribcereum,49.238999999999997,32,0.796875,0.254000,0,6,48.341000,64
Sagehen,ribcereum,49.545999999999999,32,0.828125,0.307000,1,9,48.341000,95
Sagehen,ribcereum,49.64,32,0.859375,0.094000,1,9,48.341000,98
Sagehen,ribcereum,50.24,32,0.890625,0.600000,1,5,48.341000,99
Sagehen,ribcereum,50.338000000000001,32,0.921875,0.098000,3,5,48.341000,99
Sagehen,ribcereum,50.372,32,0.953125,0.034000,2,5,48.341000,96
Sagehen,ribcereum,50.401000000000003,32,0.984375,0.029000,2,5,48.341000,98
Sagehen,ribcereum,2.23,20,0.025000,2.230000,0,1,48.180000,5
Sagehen,ribcereum,2.9809999999999999,20,0.075000,0.751000,0,2,48.180000,83
Sagehen,ribcereum,3.7250000000000001,20,0.125000,0.744000,0,2,48.180000,83
Sagehen,ribcereum,4.6680000000000001,20,0.175000,0.943000,0,1,48.180000,90
Sagehen,ribcereum,21.718,20,0.225000,17.050000,0,0,48.180000,95
Sagehen,ribcereum,23.381,20,0.275000,1.663000,0,0,48.180000,90
Sagehen,ribcereum,24.698,20,0.325000,1.317000,0,0,48.180000,90
Sagehen,ribcereum,27.561,20,0.375000,2.863000,0,1,48.180000,95
Sagehen,ribcereum,28.56,20,0.425000,0.999000,0,1,48.180000,72
Sagehen,ribcereum,46.066000000000003,20,0.475000,17.506000,0,0,48.180000,72
Sagehen,ribcereum,47.110999999999997,20,0.525000,1.045000,1,1,48.180000,86
Sagehen,ribcereum,47.151000000000003,20,0.575000,0.040000,1,1,48.180000,72
Sagehen,ribcereum,48.51,20,0.625000,1.359000,0,2,48.180000,72
Sagehen,ribcereum,48.825000000000003,20,0.675000,0.315000,0,3,48.180000,99
Sagehen,ribcereum,48.985999999999997,20,0.725000,0.161000,0,4,48.180000,93
Sagehen,ribcereum,49.804000000000002,20,0.775000,0.818000,1,6,48.180000,93
Sagehen,ribcereum,49.892000000000003,20,0.825000,0.088000,1,5,48.180000,93
Sagehen,ribcereum,50.03,20,0.875000,0.138000,0,4,48.180000,55
Sagehen,ribcereum,50.243000000000002,20,0.925000,0.213000,0,4,48.180000,98
Sagehen,ribcereum,50.41,20,0.975000,0.167000,0,4,48.180000,94
Sagehen,salixlem,1.7709999999999999,17,0.029412,1.771000,0,2,47.910000,9
Sagehen,salixlem,2.0619999999999998,17,0.088235,0.291000,0,4,47.910000,90
Sagehen,salixlem,2.1949999999999998,17,0.147059,0.133000,0,5,47.910000,9
Sagehen,salixlem,2.8090000000000002,17,0.205882,0.614000,0,6,47.910000,90
Sagehen,salixlem,2.9780000000000002,17,0.264706,0.169000,0,6,47.910000,91
Sagehen,salixlem,3.1240000000000001,17,0.323529,0.146000,1,5,47.910000,14
Sagehen,salixlem,3.2210000000000001,17,0.382353,0.097000,1,4,47.910000,80
Sagehen,salixlem,3.7290000000000001,17,0.441176,0.508000,0,4,47.910000,83
Sagehen,salixlem,4.7679999999999998,17,0.500000,1.039000,0,0,47.910000,90
Sagehen,salixlem,20.83,17,0.558824,16.062000,0,0,47.910000,87
Sagehen,salixlem,27.460999999999999,17,0.617647,6.631000,0,0,47.910000,97
Sagehen,salixlem,28.475999999999999,17,0.676471,1.015000,0,0,47.910000,93
Sagehen,salixlem,30.780999999999999,17,0.735294,2.305000,0,0,47.910000,90
Sagehen,salixlem,46.2,17,0.794118,15.419000,0,0,47.910000,86
Sagehen,salixlem,47.3,17,0.852941,1.100000,0,1,47.910000,64
Sagehen,salixlem,48.000999999999998,17,0.911765,0.701000,0,1,47.910000,58
Sagehen,salixlem,49.680999999999997,17,0.970588,1.680000,0,0,47.910000,81
Sagehen,salixlem,1.7789999999999999,15,0.033333,1.779000,0,1,47.535000,12
Sagehen,salixlem,2.069,15,0.100000,0.290000,0,3,47.535000,90
Sagehen,salixlem,2.8119999999999998,15,0.166667,0.743000,0,4,47.535000,86
Sagehen,salixlem,2.9790000000000001,15,0.233333,0.167000,0,4,47.535000,91
Sagehen,salixlem,3.125,15,0.300000,0.146000,0,3,47.535000,18
Sagehen,salixlem,3.7370000000000001,15,0.366667,0.612000,0,3,47.535000,83
Sagehen,salixlem,4.7670000000000003,15,0.433333,1.030000,0,0,47.535000,90
Sagehen,salixlem,5.9279999999999999,15,0.500000,1.161000,0,0,47.535000,87
Sagehen,salixlem,46.195,15,0.566667,40.267000,0,3,47.535000,72
Sagehen,salixlem,46.325000000000003,15,0.633333,0.130000,0,3,47.535000,93
Sagehen,salixlem,46.55,15,0.700000,0.225000,0,3,47.535000,94
Sagehen,salixlem,46.65,15,0.766667,0.100000,0,3,47.535000,64
Sagehen,salixlem,48.207999999999998,15,0.833333,1.558000,0,1,47.535000,64
Sagehen,salixlem,48.51,15,0.900000,0.302000,0,2,47.535000,87
Sagehen,salixlem,49.314,15,0.966667,0.804000,0,1,47.535000,93
Sagehen,salixlem,2.0710000000000002,14,0.035714,2.071000,0,1,48.387000,91
Sagehen,salixlem,2.9769999999999999,14,0.107143,0.906000,0,4,48.387000,62
Sagehen,salixlem,3.1139999999999999,14,0.178571,0.137000,0,3,48.387000,12
Sagehen,salixlem,3.222,14,0.250000,0.108000,0,3,48.387000,72
Sagehen,salixlem,3.7280000000000002,14,0.321429,0.506000,0,3,48.387000,83
Sagehen,salixlem,5.8840000000000003,14,0.392857,2.156000,0,0,48.387000,90
Sagehen,salixlem,46.326999999999998,14,0.464286,40.443000,0,2,48.387000,93
Sagehen,salixlem,47.151000000000003,14,0.535714,0.824000,0,2,48.387000,72
Sagehen,salixlem,47.305,14,0.607143,0.154000,0,2,48.387000,80
Sagehen,salixlem,48.509,14,0.678571,1.204000,0,1,48.387000,64
Sagehen,salixlem,49.23,14,0.750000,0.721000,0,3,48.387000,50
Sagehen,salixlem,49.680999999999997,14,0.821429,0.451000,0,3,48.387000,81
Sagehen,salixlem,49.829000000000001,14,0.892857,0.148000,0,3,48.387000,86
Sagehen,salixlem,50.457999999999998,14,0.964286,0.629000,0,2,48.387000,43
Sagehen,salixlem,2.0720000000000001,23,0.021739,2.072000,0,1,48.370000,91
Sagehen,salixlem,2.9780000000000002,23,0.065217,0.906000,0,4,48.370000,91
Sagehen,salixlem,3.1219999999999999,23,0.108696,0.144000,0,3,48.370000,10
Sagehen,salixlem,3.226,23,0.152174,0.104000,0,3,48.370000,90
Sagehen,salixlem,3.7240000000000002,23,0.195652,0.498000,0,3,48.370000,90
Sagehen,salixlem,4.7690000000000001,23,0.239130,1.045000,0,0,48.370000,91
Sagehen,salixlem,5.9580000000000002,23,0.282609,1.189000,0,0,48.370000,90
Sagehen,salixlem,20.824999999999999,23,0.326087,14.867000,0,1,48.370000,81
Sagehen,salixlem,21.713000000000001,23,0.369565,0.888000,0,1,48.370000,86
Sagehen,salixlem,24.71,23,0.413043,2.997000,0,0,48.370000,91
Sagehen,salixlem,26.908999999999999,23,0.456522,2.199000,0,1,48.370000,78
Sagehen,salixlem,27.529,23,0.500000,0.620000,0,2,48.370000,90
Sagehen,salixlem,28.425000000000001,23,0.543478,0.896000,0,2,48.370000,93
Sagehen,salixlem,28.882999999999999,23,0.586957,0.458000,0,2,48.370000,83
Sagehen,salixlem,29.526,23,0.630435,0.643000,0,1,48.370000,72
Sagehen,salixlem,46.052999999999997,23,0.673913,16.527000,0,1,48.370000,94
Sagehen,salixlem,46.189,23,0.717391,0.136000,0,2,48.370000,96
Sagehen,salixlem,47.155999999999999,23,0.760870,0.967000,0,3,48.370000,64
Sagehen,salixlem,47.295000000000002,23,0.804348,0.139000,0,2,48.370000,59
Sagehen,salixlem,48.09,23,0.847826,0.795000,0,3,48.370000,83
Sagehen,salixlem,49.015000000000001,23,0.891304,0.925000,0,2,48.370000,94
Sagehen,salixlem,49.63,23,0.934783,0.615000,0,2,48.370000,94
Sagehen,salixlem,50.442,23,0.978261,0.812000,0,1,48.370000,81
StuntRanch,hetarbut,2.0270000000000001,14,0.035714,2.027000,1,1,45.828000,78
StuntRanch,hetarbut,2.056,14,0.107143,0.029000,1,1,45.828000,90
StuntRanch,hetarbut,3.24,14,0.178571,1.184000,0,1,45.828000,38
StuntRanch,hetarbut,3.7330000000000001,14,0.250000,0.493000,0,1,45.828000,83
StuntRanch,hetarbut,4.7969999999999997,14,0.321429,1.064000,0,0,45.828000,90
StuntRanch,hetarbut,8.8079999999999998,14,0.392857,4.011000,0,0,45.828000,74
StuntRanch,hetarbut,10.153,14,0.464286,1.345000,0,0,45.828000,64
StuntRanch,hetarbut,18.678999999999998,14,0.535714,8.526000,0,0,45.828000,83
StuntRanch,hetarbut,29.584,14,0.607143,10.905000,0,0,45.828000,87
StuntRanch,hetarbut,41.756,14,0.678571,12.172000,0,0,45.828000,53
StuntRanch,hetarbut,46.457000000000001,14,0.750000,4.701000,0,2,45.828000,64
StuntRanch,hetarbut,47.192,14,0.821429,0.735000,0,3,45.828000,91
StuntRanch,hetarbut,47.332999999999998,14,0.892857,0.141000,0,3,45.828000,90
StuntRanch,hetarbut,47.854999999999997,14,0.964286,0.522000,0,2,45.828000,96
StuntRanch,hetarbut,2.036,18,0.027778,2.036000,0,2,47.369000,83
StuntRanch,hetarbut,2.827,18,0.083333,0.791000,0,3,47.369000,86
StuntRanch,hetarbut,2.992,18,0.138889,0.165000,0,3,47.369000,91
StuntRanch,hetarbut,3.7309999999999999,18,0.194444,0.739000,0,2,47.369000,72
StuntRanch,hetarbut,4.8040000000000003,18,0.250000,1.073000,0,0,47.369000,91
StuntRanch,hetarbut,6.2210000000000001,18,0.305556,1.417000,0,0,47.369000,72
StuntRanch,hetarbut,8.8309999999999995,18,0.361111,2.610000,0,0,47.369000,74
StuntRanch,hetarbut,10.144,18,0.416667,1.313000,0,0,47.369000,78
StuntRanch,hetarbut,11.627000000000001,18,0.472222,1.483000,0,0,47.369000,74
StuntRanch,hetarbut,18.780999999999999,18,0.527778,7.154000,0,0,47.369000,83
StuntRanch,hetarbut,29.584,18,0.583333,10.803000,0,0,47.369000,95
StuntRanch,hetarbut,46.462000000000003,18,0.638889,16.878000,0,2,47.369000,59
StuntRanch,hetarbut,47.2,18,0.694444,0.738000,0,3,47.369000,90
StuntRanch,hetarbut,47.401000000000003,18,0.750000,0.201000,0,3,47.369000,86
StuntRanch,hetarbut,47.853000000000002,18,0.805556,0.452000,0,3,47.369000,97
StuntRanch,hetarbut,48.709000000000003,18,0.861111,0.856000,0,3,47.369000,17
StuntRanch,hetarbut,49.360999999999997,18,0.916667,0.652000,1,2,47.369000,94
StuntRanch,hetarbut,49.405000000000001,18,0.972222,0.044000,1,2,47.369000,87
StuntRanch,hetarbut,2.0619999999999998,32,0.015625,2.062000,0,5,47.309000,80
StuntRanch,hetarbut,2.2389999999999999,32,0.046875,0.177000,1,7,47.309000,45
StuntRanch,hetarbut,2.3069999999999999,32,0.078125,0.068000,1,7,47.309000,78
StuntRanch,hetarbut,2.4359999999999999,32,0.109375,0.129000,0,8,47.309000,12
StuntRanch,hetarbut,2.823,32,0.140625,0.387000,0,9,47.309000,78
StuntRanch,hetarbut,2.992,32,0.171875,0.169000,0,9,47.309000,91
StuntRanch,hetarbut,3.1379999999999999,32,0.203125,0.146000,1,8,47.309000,14
StuntRanch,hetarbut,3.218,32,0.234375,0.080000,1,8,47.309000,78
StuntRanch,hetarbut,3.3820000000000001,32,0.265625,0.164000,0,6,47.309000,58
StuntRanch,hetarbut,3.7309999999999999,32,0.296875,0.349000,0,5,47.309000,83
StuntRanch,hetarbut,4.8040000000000003,32,0.328125,1.073000,0,1,47.309000,91
StuntRanch,hetarbut,5.7759999999999998,32,0.359375,0.972000,0,2,47.309000,83
StuntRanch,hetarbut,6.234,32,0.390625,0.458000,0,1,47.309000,52
StuntRanch,hetarbut,7.7460000000000004,32,0.421875,1.512000,0,1,47.309000,90
StuntRanch,hetarbut,8.1440000000000001,32,0.453125,0.398000,0,2,47.309000,49
StuntRanch,hetarbut,8.8249999999999993,32,0.484375,0.681000,0,1,47.309000,83
StuntRanch,hetarbut,10.131,32,0.515625,1.306000,0,1,47.309000,83
StuntRanch,hetarbut,10.702,32,0.546875,0.571000,0,1,47.309000,72
StuntRanch,hetarbut,12.529,32,0.578125,1.827000,0,0,47.309000,95
StuntRanch,hetarbut,13.786,32,0.609375,1.257000,0,1,47.309000,64
StuntRanch,hetarbut,14.676,32,0.640625,0.890000,0,1,47.309000,94
StuntRanch,hetarbut,16.132000000000001,32,0.671875,1.456000,0,1,47.309000,83
StuntRanch,hetarbut,17.085000000000001,32,0.703125,0.953000,0,1,47.309000,90
StuntRanch,hetarbut,18.786999999999999,32,0.734375,1.702000,0,0,47.309000,91
StuntRanch,hetarbut,19.966999999999999,32,0.765625,1.180000,0,1,47.309000,72
StuntRanch,hetarbut,20.292000000000002,32,0.796875,0.325000,0,1,47.309000,83
StuntRanch,hetarbut,35.308,32,0.828125,15.016000,0,0,47.309000,72
StuntRanch,hetarbut,47.853999999999999,32,0.859375,12.546000,0,1,47.309000,93
StuntRanch,hetarbut,48.698,32,0.890625,0.844000,0,4,47.309000,96
StuntRanch,hetarbut,49.088000000000001,32,0.921875,0.390000,0,3,47.309000,74
StuntRanch,hetarbut,49.331000000000003,32,0.953125,0.243000,1,3,47.309000,56
StuntRanch,hetarbut,49.371000000000002,32,0.984375,0.040000,1,3,47.309000,86
StuntRanch,hetarbut,2.2160000000000002,11,0.045455,2.216000,0,3,47.064000,42
StuntRanch,hetarbut,2.782,11,0.136364,0.566000,0,4,47.064000,86
StuntRanch,hetarbut,2.9510000000000001,11,0.227273,0.169000,0,4,47.064000,91
StuntRanch,hetarbut,3.1080000000000001,11,0.318182,0.157000,0,4,47.064000,11
StuntRanch,hetarbut,3.722,11,0.409091,0.614000,0,3,47.064000,90
StuntRanch,hetarbut,4.766,11,0.500000,1.044000,0,0,47.064000,90
StuntRanch,hetarbut,7.72,11,0.590909,2.954000,0,0,47.064000,83
StuntRanch,hetarbut,46.917999999999999,11,0.681818,39.198000,0,1,47.064000,91
StuntRanch,hetarbut,47.856999999999999,11,0.772727,0.939000,0,1,47.064000,96
StuntRanch,hetarbut,49.256999999999998,11,0.863636,1.400000,1,1,47.064000,53
StuntRanch,hetarbut,49.28,11,0.954545,0.023000,1,1,47.064000,50
StuntRanch,hetarbut,2.407,32,0.015625,2.407000,0,5,47.004000,22
StuntRanch,hetarbut,2.8039999999999998,32,0.046875,0.397000,0,6,47.004000,86
StuntRanch,hetarbut,2.9729999999999999,32,0.078125,0.169000,0,6,47.004000,91
StuntRanch,hetarbut,3.12,32,0.109375,0.147000,0,6,47.004000,10
StuntRanch,hetarbut,3.2229999999999999,32,0.140625,0.103000,0,6,47.004000,38
StuntRanch,hetarbut,3.36,32,0.171875,0.137000,0,6,47.004000,53
StuntRanch,hetarbut,3.7229999999999999,32,0.203125,0.363000,0,5,47.004000,83
StuntRanch,hetarbut,4.7859999999999996,32,0.234375,1.063000,0,1,47.004000,90
StuntRanch,hetarbut,5.7690000000000001,32,0.265625,0.983000,0,2,47.004000,86
StuntRanch,hetarbut,6.21,32,0.296875,0.441000,0,1,47.004000,43
StuntRanch,hetarbut,7.7320000000000002,32,0.328125,1.522000,0,1,47.004000,91
StuntRanch,hetarbut,8.1300000000000008,32,0.359375,0.398000,0,2,47.004000,58
StuntRanch,hetarbut,8.8030000000000008,32,0.390625,0.673000,0,1,47.004000,78
StuntRanch,hetarbut,10.113,32,0.421875,1.310000,0,0,47.004000,72
StuntRanch,hetarbut,11.44,32,0.453125,1.327000,0,1,47.004000,64
StuntRanch,hetarbut,11.603999999999999,32,0.484375,0.164000,0,2,47.004000,39
StuntRanch,hetarbut,12.523999999999999,32,0.515625,0.920000,0,1,47.004000,62
StuntRanch,hetarbut,14.685,32,0.546875,2.161000,0,0,47.004000,38
StuntRanch,hetarbut,17.07,32,0.578125,2.385000,0,0,47.004000,91
StuntRanch,hetarbut,18.800999999999998,32,0.609375,1.731000,0,0,47.004000,86
StuntRanch,hetarbut,19.963999999999999,32,0.640625,1.163000,0,0,47.004000,40
StuntRanch,hetarbut,35.31,32,0.671875,15.346000,0,0,47.004000,96
StuntRanch,hetarbut,42.066000000000003,32,0.703125,6.756000,0,0,47.004000,38
StuntRanch,hetarbut,43.749000000000002,32,0.734375,1.683000,0,1,47.004000,43
StuntRanch,hetarbut,44.25,32,0.765625,0.501000,0,1,47.004000,33
StuntRanch,hetarbut,47.322000000000003,32,0.796875,3.072000,0,1,47.004000,43
StuntRanch,hetarbut,47.851999999999997,32,0.828125,0.530000,0,2,47.004000,98
StuntRanch,hetarbut,48.697000000000003,32,0.859375,0.845000,0,5,47.004000,95
StuntRanch,hetarbut,49.079000000000001,32,0.890625,0.382000,0,4,47.004000,93
StuntRanch,hetarbut,49.290999999999997,32,0.921875,0.212000,1,4,47.004000,59
StuntRanch,hetarbut,49.353999999999999,32,0.953125,0.063000,2,4,47.004000,98
StuntRanch,hetarbut,49.411000000000001,32,0.984375,0.057000,1,4,47.004000,96
StuntRanch,rhuslaur,1.772,67,0.007463,1.772000,0,4,48.588000,38
StuntRanch,rhuslaur,2.0219999999999998,67,0.022388,0.250000,1,5,48.588000,78
StuntRanch,rhuslaur,2.056,67,0.037313,0.034000,1,5,48.588000,90
StuntRanch,rhuslaur,2.1930000000000001,67,0.052239,0.137000,0,6,48.588000,9
StuntRanch,rhuslaur,2.363,67,0.067164,0.170000,0,7,48.588000,40
StuntRanch,rhuslaur,2.9929999999999999,67,0.082090,0.630000,0,9,48.588000,91
StuntRanch,rhuslaur,3.1389999999999998,67,0.097015,0.146000,1,7,48.588000,23
StuntRanch,rhuslaur,3.2229999999999999,67,0.111940,0.084000,1,6,48.588000,59
StuntRanch,rhuslaur,3.3839999999999999,67,0.126866,0.161000,0,5,48.588000,38
StuntRanch,rhuslaur,3.5790000000000002,67,0.141791,0.195000,0,5,48.588000,72
StuntRanch,rhuslaur,3.7290000000000001,67,0.156716,0.150000,0,5,48.588000,83
StuntRanch,rhuslaur,4.8019999999999996,67,0.171642,1.073000,0,2,48.588000,86
StuntRanch,rhuslaur,4.9089999999999998,67,0.186567,0.107000,0,2,48.588000,49
StuntRanch,rhuslaur,5.782,67,0.201493,0.873000,0,3,48.588000,83
StuntRanch,rhuslaur,6.3289999999999997,67,0.216418,0.547000,0,1,48.588000,72
StuntRanch,rhuslaur,7.7450000000000001,67,0.231343,1.416000,0,1,48.588000,91
StuntRanch,rhuslaur,8.1440000000000001,67,0.246269,0.399000,0,2,48.588000,50
StuntRanch,rhuslaur,8.7929999999999993,67,0.261194,0.649000,0,1,48.588000,78
StuntRanch,rhuslaur,10.132999999999999,67,0.276119,1.340000,0,0,48.588000,83
StuntRanch,rhuslaur,12.529,67,0.291045,2.396000,0,0,48.588000,91
StuntRanch,rhuslaur,14.675000000000001,67,0.305970,2.146000,0,0,48.588000,64
StuntRanch,rhuslaur,16.109000000000002,67,0.320896,1.434000,0,1,48.588000,59
StuntRanch,rhuslaur,17.068999999999999,67,0.335821,0.960000,0,1,48.588000,83
StuntRanch,rhuslaur,18.295000000000002,67,0.350746,1.226000,0,1,48.588000,50
StuntRanch,rhuslaur,18.754999999999999,67,0.365672,0.460000,0,1,48.588000,90
StuntRanch,rhuslaur,19.893999999999998,67,0.380597,1.139000,0,2,48.588000,83
StuntRanch,rhuslaur,20.216999999999999,67,0.395522,0.323000,0,2,48.588000,59
StuntRanch,rhuslaur,20.652999999999999,67,0.410448,0.436000,0,3,48.588000,97
StuntRanch,rhuslaur,21.553999999999998,67,0.425373,0.901000,0,1,48.588000,97
StuntRanch,rhuslaur,22.567,67,0.440299,1.013000,0,1,48.588000,95
StuntRanch,rhuslaur,23.193999999999999,67,0.455224,0.627000,0,2,48.588000,90
StuntRanch,rhuslaur,23.670999999999999,67,0.470149,0.477000,0,2,48.588000,94
StuntRanch,rhuslaur,24.462,67,0.485075,0.791000,0,2,48.588000,93
StuntRanch,rhuslaur,24.859000000000002,67,0.500000,0.397000,0,2,48.588000,95
StuntRanch,rhuslaur,25.672000000000001,67,0.514925,0.813000,0,3,48.588000,97
StuntRanch,rhuslaur,26.085000000000001,67,0.529851,0.413000,0,2,48.588000,50
StuntRanch,rhuslaur,26.356999999999999,67,0.544776,0.272000,0,3,48.588000,64
StuntRanch,rhuslaur,27.120999999999999,67,0.559701,0.764000,0,2,48.588000,94
StuntRanch,rhuslaur,27.95,67,0.574627,0.829000,0,3,48.588000,95
StuntRanch,rhuslaur,28.536999999999999,67,0.589552,0.587000,0,4,48.588000,94
StuntRanch,rhuslaur,28.663,67,0.604478,0.126000,0,4,48.588000,93
StuntRanch,rhuslaur,28.956,67,0.619403,0.293000,0,3,48.588000,94
StuntRanch,rhuslaur,29.536999999999999,67,0.634328,0.581000,0,4,48.588000,94
StuntRanch,rhuslaur,30.428000000000001,67,0.649254,0.891000,0,2,48.588000,49
StuntRanch,rhuslaur,30.937999999999999,67,0.664179,0.510000,0,1,48.588000,91
StuntRanch,rhuslaur,32.161000000000001,67,0.679104,1.223000,0,0,48.588000,91
StuntRanch,rhuslaur,34.808999999999997,67,0.694030,2.648000,0,1,48.588000,87
StuntRanch,rhuslaur,35.305,67,0.708955,0.496000,0,1,48.588000,38
StuntRanch,rhuslaur,37.673999999999999,67,0.723881,2.369000,0,0,48.588000,94
StuntRanch,rhuslaur,42.06,67,0.738806,4.386000,0,0,48.588000,47
StuntRanch,rhuslaur,46.914999999999999,67,0.753731,4.855000,0,4,48.588000,80
StuntRanch,rhuslaur,47.2,67,0.768657,0.285000,0,6,48.588000,90
StuntRanch,rhuslaur,47.323999999999998,67,0.783582,0.124000,1,6,48.588000,53
StuntRanch,rhuslaur,47.4,67,0.798507,0.076000,1,7,48.588000,86
StuntRanch,rhuslaur,47.853000000000002,67,0.813433,0.453000,0,10,48.588000,97
StuntRanch,rhuslaur,48.082000000000001,67,0.828358,0.229000,1,9,48.588000,94
StuntRanch,rhuslaur,48.174999999999997,67,0.843284,0.093000,1,9,48.588000,55
StuntRanch,rhuslaur,48.335000000000001,67,0.858209,0.160000,0,9,48.588000,83
StuntRanch,rhuslaur,48.588999999999999,67,0.873134,0.254000,0,10,48.588000,72
StuntRanch,rhuslaur,48.743000000000002,67,0.888060,0.154000,0,10,48.588000,95
StuntRanch,rhuslaur,48.847000000000001,67,0.902985,0.104000,0,10,48.588000,98
StuntRanch,rhuslaur,49.250999999999998,67,0.917910,0.404000,1,8,48.588000,50
StuntRanch,rhuslaur,49.296999999999997,67,0.932836,0.046000,2,8,48.588000,45
StuntRanch,rhuslaur,49.356000000000002,67,0.947761,0.059000,2,7,48.588000,98
StuntRanch,rhuslaur,49.411000000000001,67,0.962687,0.055000,1,8,48.588000,96
StuntRanch,rhuslaur,50.155999999999999,67,0.977612,0.745000,0,5,48.588000,96
StuntRanch,rhuslaur,50.36,67,0.992537,0.204000,0,2,48.588000,96
StuntRanch,rhuslaur,2.0219999999999998,25,0.020000,2.022000,1,3,47.389000,83
StuntRanch,rhuslaur,2.0619999999999998,25,0.060000,0.040000,1,3,47.389000,91
StuntRanch,rhuslaur,2.194,25,0.100000,0.132000,0,3,47.389000,9
StuntRanch,rhuslaur,2.9950000000000001,25,0.140000,0.801000,0,5,47.389000,91
StuntRanch,rhuslaur,3.2210000000000001,25,0.180000,0.226000,0,2,47.389000,72
StuntRanch,rhuslaur,3.7389999999999999,25,0.220000,0.518000,0,2,47.389000,56
StuntRanch,rhuslaur,4.8010000000000002,25,0.260000,1.062000,0,0,47.389000,90
StuntRanch,rhuslaur,5.9909999999999997,25,0.300000,1.190000,0,0,47.389000,9
StuntRanch,rhuslaur,7.7549999999999999,25,0.340000,1.764000,0,0,47.389000,90
StuntRanch,rhuslaur,8.8149999999999995,25,0.380000,1.060000,0,0,47.389000,91
StuntRanch,rhuslaur,10.137,25,0.420000,1.322000,0,0,47.389000,78
StuntRanch,rhuslaur,18.818999999999999,25,0.460000,8.682000,0,0,47.389000,90
StuntRanch,rhuslaur,20.984999999999999,25,0.500000,2.166000,0,1,47.389000,95
StuntRanch,rhuslaur,21.707999999999998,25,0.540000,0.723000,0,1,47.389000,94
StuntRanch,rhuslaur,29.581,25,0.580000,7.873000,0,0,47.389000,93
StuntRanch,rhuslaur,32.008000000000003,25,0.620000,2.427000,0,0,47.389000,90
StuntRanch,rhuslaur,35.308,25,0.660000,3.300000,0,0,47.389000,76
StuntRanch,rhuslaur,42.000999999999998,25,0.700000,6.693000,0,0,47.389000,86
StuntRanch,rhuslaur,47.317999999999998,25,0.740000,5.317000,0,3,47.389000,91
StuntRanch,rhuslaur,47.851999999999997,25,0.780000,0.534000,0,4,47.389000,97
StuntRanch,rhuslaur,47.97,25,0.820000,0.118000,0,4,47.389000,60
StuntRanch,rhuslaur,48.119,25,0.860000,0.149000,0,4,47.389000,83
StuntRanch,rhuslaur,48.691000000000003,25,0.900000,0.572000,0,5,47.389000,37
StuntRanch,rhuslaur,49.369,25,0.940000,0.678000,1,2,47.389000,56
StuntRanch,rhuslaur,49.411000000000001,25,0.980000,0.042000,1,2,47.389000,92
StuntRanch,rhuslaur,2.0219999999999998,24,0.020833,2.022000,1,4,47.383000,64
StuntRanch,rhuslaur,2.0659999999999998,24,0.062500,0.044000,1,4,47.383000,90
StuntRanch,rhuslaur,2.2290000000000001,24,0.104167,0.163000,0,5,47.383000,43
StuntRanch,rhuslaur,2.8260000000000001,24,0.145833,0.597000,0,6,47.383000,78
StuntRanch,rhuslaur,2.9940000000000002,24,0.187500,0.168000,0,6,47.383000,91
StuntRanch,rhuslaur,3.14,24,0.229167,0.146000,0,4,47.383000,11
StuntRanch,rhuslaur,3.734,24,0.270833,0.594000,0,3,47.383000,90
StuntRanch,rhuslaur,4.8049999999999997,24,0.312500,1.071000,0,0,47.383000,90
StuntRanch,rhuslaur,7.7519999999999998,24,0.354167,2.947000,0,0,47.383000,83
StuntRanch,rhuslaur,10.119999999999999,24,0.395833,2.368000,0,0,47.383000,83
StuntRanch,rhuslaur,18.832000000000001,24,0.437500,8.712000,0,0,47.383000,72
StuntRanch,rhuslaur,20.927,24,0.479167,2.095000,0,1,47.383000,95
StuntRanch,rhuslaur,21.670999999999999,24,0.520833,0.744000,0,1,47.383000,95
StuntRanch,rhuslaur,23.704000000000001,24,0.562500,2.033000,0,0,47.383000,95
StuntRanch,rhuslaur,24.92,24,0.604167,1.216000,0,1,47.383000,96
StuntRanch,rhuslaur,25.693999999999999,24,0.645833,0.774000,0,1,47.383000,97
StuntRanch,rhuslaur,27.637,24,0.687500,1.943000,0,0,47.383000,94
StuntRanch,rhuslaur,28.716000000000001,24,0.729167,1.079000,0,2,47.383000,91
StuntRanch,rhuslaur,29.006,24,0.770833,0.290000,0,2,47.383000,93
StuntRanch,rhuslaur,29.576000000000001,24,0.812500,0.570000,0,2,47.383000,94
StuntRanch,rhuslaur,34.814,24,0.854167,5.238000,0,0,47.383000,94
StuntRanch,rhuslaur,49.279000000000003,24,0.895833,14.465000,1,2,47.383000,59
StuntRanch,rhuslaur,49.347999999999999,24,0.937500,0.069000,2,2,47.383000,98
StuntRanch,rhuslaur,49.405000000000001,24,0.979167,0.057000,1,2,47.383000,98
StuntRanch,rhuslaur,2.0270000000000001,31,0.016129,2.027000,1,3,47.053000,83
StuntRanch,rhuslaur,2.0670000000000002,31,0.048387,0.040000,1,3,47.053000,91
StuntRanch,rhuslaur,2.8220000000000001,31,0.080645,0.755000,0,6,47.053000,87
StuntRanch,rhuslaur,2.9910000000000001,31,0.112903,0.169000,0,6,47.053000,91
StuntRanch,rhuslaur,3.1360000000000001,31,0.145161,0.145000,1,4,47.053000,10
StuntRanch,rhuslaur,3.2240000000000002,31,0.177419,0.088000,1,4,47.053000,64
StuntRanch,rhuslaur,3.7240000000000002,31,0.209677,0.500000,0,4,47.053000,74
StuntRanch,rhuslaur,4.8079999999999998,31,0.241935,1.084000,0,0,47.053000,90
StuntRanch,rhuslaur,7.7469999999999999,31,0.274194,2.939000,0,0,47.053000,90
StuntRanch,rhuslaur,8.8309999999999995,31,0.306452,1.084000,0,0,47.053000,74
StuntRanch,rhuslaur,10.137,31,0.338710,1.306000,0,0,47.053000,83
StuntRanch,rhuslaur,18.847000000000001,31,0.370968,8.710000,0,0,47.053000,83
StuntRanch,rhuslaur,20.966000000000001,31,0.403226,2.119000,0,1,47.053000,95
StuntRanch,rhuslaur,21.683,31,0.435484,0.717000,0,1,47.053000,95
StuntRanch,rhuslaur,23.690999999999999,31,0.467742,2.008000,0,0,47.053000,91
StuntRanch,rhuslaur,24.931999999999999,31,0.500000,1.241000,0,1,47.053000,72
StuntRanch,rhuslaur,25.687000000000001,31,0.532258,0.755000,0,1,47.053000,64
StuntRanch,rhuslaur,27.123999999999999,31,0.564516,1.437000,0,2,47.053000,38
StuntRanch,rhuslaur,27.437999999999999,31,0.596774,0.314000,0,2,47.053000,58
StuntRanch,rhuslaur,27.640999999999998,31,0.629032,0.203000,0,2,47.053000,87
StuntRanch,rhuslaur,28.695,31,0.661290,1.054000,0,2,47.053000,81
StuntRanch,rhuslaur,29.003,31,0.693548,0.308000,0,2,47.053000,87
StuntRanch,rhuslaur,29.577000000000002,31,0.725806,0.574000,0,2,47.053000,89
StuntRanch,rhuslaur,42.023000000000003,31,0.758065,12.446000,0,0,47.053000,43
StuntRanch,rhuslaur,44.25,31,0.790323,2.227000,0,0,47.053000,53
StuntRanch,rhuslaur,46.914999999999999,31,0.822581,2.665000,0,2,47.053000,87
StuntRanch,rhuslaur,47.314999999999998,31,0.854839,0.400000,0,2,47.053000,90
StuntRanch,rhuslaur,47.853000000000002,31,0.887097,0.538000,0,4,47.053000,96
StuntRanch,rhuslaur,48.338000000000001,31,0.919355,0.485000,0,3,47.053000,97
StuntRanch,rhuslaur,48.695999999999998,31,0.951613,0.358000,0,3,47.053000,50
StuntRanch,rhuslaur,49.08,31,0.983871,0.384000,0,2,47.053000,90
StuntRanch,rhuslaur,2.0270000000000001,65,0.007692,2.027000,1,3,47.792000,72
StuntRanch,rhuslaur,2.0680000000000001,65,0.023077,0.041000,1,3,47.792000,90
StuntRanch,rhuslaur,2.2290000000000001,65,0.038462,0.161000,0,5,47.792000,9
StuntRanch,rhuslaur,2.992,65,0.053846,0.763000,0,6,47.792000,91
StuntRanch,rhuslaur,3.1389999999999998,65,0.069231,0.147000,1,4,47.792000,16
StuntRanch,rhuslaur,3.2290000000000001,65,0.084615,0.090000,1,4,47.792000,53
StuntRanch,rhuslaur,3.7250000000000001,65,0.100000,0.496000,0,3,47.792000,83
StuntRanch,rhuslaur,4.8049999999999997,65,0.115385,1.080000,0,1,47.792000,90
StuntRanch,rhuslaur,5.7789999999999999,65,0.130769,0.974000,0,2,47.792000,83
StuntRanch,rhuslaur,6.2229999999999999,65,0.146154,0.444000,0,1,47.792000,28
StuntRanch,rhuslaur,7.7389999999999999,65,0.161538,1.516000,0,0,47.792000,91
StuntRanch,rhuslaur,8.7739999999999991,65,0.176923,1.035000,0,0,47.792000,90
StuntRanch,rhuslaur,10.099,65,0.192308,1.325000,0,0,47.792000,83
StuntRanch,rhuslaur,12.528,65,0.207692,2.429000,0,0,47.792000,91
StuntRanch,rhuslaur,14.669,65,0.223077,2.141000,0,1,47.792000,64
StuntRanch,rhuslaur,15.345000000000001,65,0.238462,0.676000,0,2,47.792000,90
StuntRanch,rhuslaur,15.933999999999999,65,0.253846,0.589000,0,2,47.792000,91
StuntRanch,rhuslaur,16.652999999999999,65,0.269231,0.719000,0,3,47.792000,4
StuntRanch,rhuslaur,17.067,65,0.284615,0.414000,0,2,47.792000,53
StuntRanch,rhuslaur,17.437999999999999,65,0.300000,0.371000,0,3,47.792000,78
StuntRanch,rhuslaur,18.260999999999999,65,0.315385,0.823000,0,2,47.792000,94
StuntRanch,rhuslaur,18.760999999999999,65,0.330769,0.500000,0,1,47.792000,91
StuntRanch,rhuslaur,20.667999999999999,65,0.346154,1.907000,0,1,47.792000,97
StuntRanch,rhuslaur,21.484999999999999,65,0.361538,0.817000,0,1,47.792000,97
StuntRanch,rhuslaur,22.58,65,0.376923,1.095000,0,1,47.792000,94
StuntRanch,rhuslaur,23.196999999999999,65,0.392308,0.617000,0,3,47.792000,94
StuntRanch,rhuslaur,23.629000000000001,65,0.407692,0.432000,0,3,47.792000,91
StuntRanch,rhuslaur,24.085000000000001,65,0.423077,0.456000,0,4,47.792000,97
StuntRanch,rhuslaur,24.416,65,0.438462,0.331000,0,3,47.792000,95
StuntRanch,rhuslaur,24.806000000000001,65,0.453846,0.390000,0,3,47.792000,96
StuntRanch,rhuslaur,25.603000000000002,65,0.469231,0.797000,0,3,47.792000,96
StuntRanch,rhuslaur,26.300999999999998,65,0.484615,0.698000,0,4,47.792000,64
StuntRanch,rhuslaur,26.568000000000001,65,0.500000,0.267000,0,5,47.792000,97
StuntRanch,rhuslaur,26.783000000000001,65,0.515385,0.215000,0,4,47.792000,83
StuntRanch,rhuslaur,27.071000000000002,65,0.530769,0.288000,0,4,47.792000,94
StuntRanch,rhuslaur,27.452999999999999,65,0.546154,0.382000,0,3,47.792000,95
StuntRanch,rhuslaur,28.533999999999999,65,0.561538,1.081000,0,2,47.792000,97
StuntRanch,rhuslaur,28.827000000000002,65,0.576923,0.293000,0,2,47.792000,94
StuntRanch,rhuslaur,29.234000000000002,65,0.592308,0.407000,0,2,47.792000,94
StuntRanch,rhuslaur,30.582000000000001,65,0.607692,1.348000,0,2,47.792000,94
StuntRanch,rhuslaur,30.902000000000001,65,0.623077,0.320000,0,2,47.792000,94
StuntRanch,rhuslaur,31.440999999999999,65,0.638462,0.539000,0,3,47.792000,91
StuntRanch,rhuslaur,32.133000000000003,65,0.653846,0.692000,0,1,47.792000,93
StuntRanch,rhuslaur,34.685000000000002,65,0.669231,2.552000,0,1,47.792000,96
StuntRanch,rhuslaur,35.405000000000001,65,0.684615,0.720000,0,2,47.792000,97
StuntRanch,rhuslaur,35.917000000000002,65,0.700000,0.512000,0,1,47.792000,95
StuntRanch,rhuslaur,37.6,65,0.715385,1.683000,0,0,47.792000,96
StuntRanch,rhuslaur,39.902999999999999,65,0.730769,2.303000,0,1,47.792000,43
StuntRanch,rhuslaur,40.722000000000001,65,0.746154,0.819000,0,2,47.792000,35
StuntRanch,rhuslaur,41.165999999999997,65,0.761538,0.444000,0,2,47.792000,53
StuntRanch,rhuslaur,42.006999999999998,65,0.776923,0.841000,0,2,47.792000,43
StuntRanch,rhuslaur,42.95,65,0.792308,0.943000,0,1,47.792000,76
StuntRanch,rhuslaur,46.255000000000003,65,0.807692,3.305000,0,2,47.792000,55
StuntRanch,rhuslaur,47.122,65,0.823077,0.867000,1,6,47.792000,93
StuntRanch,rhuslaur,47.198999999999998,65,0.838462,0.077000,1,6,47.792000,72
StuntRanch,rhuslaur,47.332999999999998,65,0.853846,0.134000,1,5,47.792000,95
StuntRanch,rhuslaur,47.4,65,0.869231,0.067000,1,5,47.792000,64
StuntRanch,rhuslaur,47.851999999999997,65,0.884615,0.452000,0,7,47.792000,98
StuntRanch,rhuslaur,48.042000000000002,65,0.900000,0.190000,0,7,47.792000,90
StuntRanch,rhuslaur,48.591999999999999,65,0.915385,0.550000,0,6,47.792000,94
StuntRanch,rhuslaur,48.694000000000003,65,0.930769,0.102000,0,6,47.792000,96
StuntRanch,rhuslaur,49.043999999999997,65,0.946154,0.350000,0,5,47.792000,97
StuntRanch,rhuslaur,49.356999999999999,65,0.961538,0.313000,1,5,47.792000,96
StuntRanch,rhuslaur,49.411000000000001,65,0.976923,0.054000,1,5,47.792000,91
StuntRanch,rhuslaur,49.819000000000003,65,0.992308,0.408000,0,3,47.792000,98
StuntRanch,salleuco,1.8979999999999999,70,0.007143,1.898000,0,3,48.524000,90
StuntRanch,salleuco,2.0329999999999999,70,0.021429,0.135000,1,5,48.524000,64
StuntRanch,salleuco,2.056,70,0.035714,0.023000,1,5,48.524000,86
StuntRanch,salleuco,2.1970000000000001,70,0.050000,0.141000,0,6,48.524000,9
StuntRanch,salleuco,2.9140000000000001,70,0.064286,0.717000,1,7,48.524000,87
StuntRanch,salleuco,2.9910000000000001,70,0.078571,0.077000,1,7,48.524000,91
StuntRanch,salleuco,3.1360000000000001,70,0.092857,0.145000,1,5,48.524000,12
StuntRanch,salleuco,3.2189999999999999,70,0.107143,0.083000,1,4,48.524000,64
StuntRanch,salleuco,3.734,70,0.121429,0.515000,0,4,48.524000,78
StuntRanch,salleuco,4.7990000000000004,70,0.135714,1.065000,0,2,48.524000,90
StuntRanch,salleuco,5.6719999999999997,70,0.150000,0.873000,1,3,48.524000,50
StuntRanch,salleuco,5.7279999999999998,70,0.164286,0.056000,1,3,48.524000,53
StuntRanch,salleuco,6.2290000000000001,70,0.178571,0.501000,0,2,48.524000,28
StuntRanch,salleuco,7.74,70,0.192857,1.511000,0,0,48.524000,90
StuntRanch,salleuco,10.097,70,0.207143,2.357000,0,0,48.524000,83
StuntRanch,salleuco,12.308,70,0.221429,2.211000,0,1,48.524000,80
StuntRanch,salleuco,12.518000000000001,70,0.235714,0.210000,0,1,48.524000,38
StuntRanch,salleuco,14.433999999999999,70,0.250000,1.916000,0,2,48.524000,90
StuntRanch,salleuco,14.672000000000001,70,0.264286,0.238000,0,2,48.524000,38
StuntRanch,salleuco,15.347,70,0.278571,0.675000,0,2,48.524000,94
StuntRanch,salleuco,16.631,70,0.292857,1.284000,0,1,48.524000,95
StuntRanch,salleuco,17.105,70,0.307143,0.474000,0,1,48.524000,95
StuntRanch,salleuco,18.696000000000002,70,0.321429,1.591000,0,0,48.524000,91
StuntRanch,salleuco,20.882999999999999,70,0.335714,2.187000,0,1,48.524000,95
StuntRanch,salleuco,21.35,70,0.350000,0.467000,0,1,48.524000,97
StuntRanch,salleuco,23.135000000000002,70,0.364286,1.785000,0,2,48.524000,97
StuntRanch,salleuco,23.608000000000001,70,0.378571,0.473000,0,3,48.524000,91
StuntRanch,salleuco,24.048999999999999,70,0.392857,0.441000,0,4,48.524000,95
StuntRanch,salleuco,24.402999999999999,70,0.407143,0.354000,0,4,48.524000,94
StuntRanch,salleuco,24.776,70,0.421429,0.373000,0,3,48.524000,96
StuntRanch,salleuco,25.318000000000001,70,0.435714,0.542000,0,2,48.524000,96
StuntRanch,salleuco,26.361000000000001,70,0.450000,1.043000,0,1,48.524000,96
StuntRanch,salleuco,27.06,70,0.464286,0.699000,0,2,48.524000,93
StuntRanch,salleuco,27.571000000000002,70,0.478571,0.511000,0,1,48.524000,94
StuntRanch,salleuco,28.597999999999999,70,0.492857,1.027000,0,2,48.524000,97
StuntRanch,salleuco,28.847000000000001,70,0.507143,0.249000,0,2,48.524000,94
StuntRanch,salleuco,29.376999999999999,70,0.521429,0.530000,0,2,48.524000,94
StuntRanch,salleuco,30.902000000000001,70,0.535714,1.525000,0,1,48.524000,80
StuntRanch,salleuco,31.428000000000001,70,0.550000,0.526000,0,2,48.524000,91
StuntRanch,salleuco,32.124000000000002,70,0.564286,0.696000,0,1,48.524000,90
StuntRanch,salleuco,34.722000000000001,70,0.578571,2.598000,0,1,48.524000,96
StuntRanch,salleuco,34.921999999999997,70,0.592857,0.200000,0,2,48.524000,93
StuntRanch,salleuco,35.901000000000003,70,0.607143,0.979000,0,1,48.524000,96
StuntRanch,salleuco,37.624000000000002,70,0.621429,1.723000,0,1,48.524000,97
StuntRanch,salleuco,38.414000000000001,70,0.635714,0.790000,0,1,48.524000,36
StuntRanch,salleuco,43.223999999999997,70,0.650000,4.810000,0,1,48.524000,72
StuntRanch,salleuco,44.198999999999998,70,0.664286,0.975000,0,1,48.524000,50
StuntRanch,salleuco,45.411999999999999,70,0.678571,1.213000,0,3,48.524000,93
StuntRanch,salleuco,46.088999999999999,70,0.692857,0.677000,0,5,48.524000,95
StuntRanch,salleuco,46.210999999999999,70,0.707143,0.122000,0,6,48.524000,64
StuntRanch,salleuco,46.332999999999998,70,0.721429,0.122000,0,7,48.524000,92
StuntRanch,salleuco,46.777000000000001,70,0.735714,0.444000,0,7,48.524000,94
StuntRanch,salleuco,46.911000000000001,70,0.750000,0.134000,0,7,48.524000,93
StuntRanch,salleuco,47.134,70,0.764286,0.223000,0,7,48.524000,53
StuntRanch,salleuco,47.265999999999998,70,0.778571,0.132000,0,7,48.524000,91
StuntRanch,salleuco,47.679000000000002,70,0.792857,0.413000,0,7,48.524000,95
StuntRanch,salleuco,48.052,70,0.807143,0.373000,0,8,48.524000,94
StuntRanch,salleuco,48.265999999999998,70,0.821429,0.214000,0,9,48.524000,55
StuntRanch,salleuco,48.506999999999998,70,0.835714,0.241000,0,9,48.524000,74
StuntRanch,salleuco,48.826000000000001,70,0.850000,0.319000,0,10,48.524000,99
StuntRanch,salleuco,48.999000000000002,70,0.864286,0.173000,1,10,48.524000,94
StuntRanch,salleuco,49.039000000000001,70,0.878571,0.040000,2,10,48.524000,96
StuntRanch,salleuco,49.113999999999997,70,0.892857,0.075000,1,9,48.524000,87
StuntRanch,salleuco,49.256999999999998,70,0.907143,0.143000,0,9,48.524000,50
StuntRanch,salleuco,49.417000000000002,70,0.921429,0.160000,0,10,48.524000,95
StuntRanch,salleuco,49.555,70,0.935714,0.138000,0,10,48.524000,93
StuntRanch,salleuco,49.817999999999998,70,0.950000,0.263000,0,10,48.524000,97
StuntRanch,salleuco,50.36,70,0.964286,0.542000,2,5,48.524000,81
StuntRanch,salleuco,50.384,70,0.978571,0.024000,2,5,48.524000,97
StuntRanch,salleuco,50.421999999999997,70,0.992857,0.038000,2,4,48.524000,98
StuntRanch,salleuco,1.8979999999999999,59,0.008475,1.898000,0,5,48.458000,86
StuntRanch,salleuco,2.0329999999999999,59,0.025424,0.135000,1,6,48.458000,47
StuntRanch,salleuco,2.0670000000000002,59,0.042373,0.034000,1,6,48.458000,86
StuntRanch,salleuco,2.222,59,0.059322,0.155000,0,7,48.458000,9
StuntRanch,salleuco,2.4380000000000002,59,0.076271,0.216000,0,8,48.458000,43
StuntRanch,salleuco,2.8239999999999998,59,0.093220,0.386000,0,9,48.458000,90
StuntRanch,salleuco,2.992,59,0.110169,0.168000,0,8,48.458000,91
StuntRanch,salleuco,3.137,59,0.127119,0.145000,1,6,48.458000,12
StuntRanch,salleuco,3.2269999999999999,59,0.144068,0.090000,1,5,48.458000,59
StuntRanch,salleuco,3.7360000000000002,59,0.161017,0.509000,0,4,48.458000,83
StuntRanch,salleuco,4.8040000000000003,59,0.177966,1.068000,0,2,48.458000,90
StuntRanch,salleuco,5.673,59,0.194915,0.869000,0,4,48.458000,42
StuntRanch,salleuco,5.79,59,0.211864,0.117000,0,4,48.458000,59
StuntRanch,salleuco,5.99,59,0.228814,0.200000,0,3,48.458000,9
StuntRanch,salleuco,6.2309999999999999,59,0.245763,0.241000,0,3,48.458000,43
StuntRanch,salleuco,7.7519999999999998,59,0.262712,1.521000,0,1,48.458000,90
StuntRanch,salleuco,8.1440000000000001,59,0.279661,0.392000,0,2,48.458000,12
StuntRanch,salleuco,8.7829999999999995,59,0.296610,0.639000,0,1,48.458000,83
StuntRanch,salleuco,10.315,59,0.313559,1.532000,0,0,48.458000,72
StuntRanch,salleuco,11.473000000000001,59,0.330508,1.158000,0,0,48.458000,64
StuntRanch,salleuco,12.529,59,0.347458,1.056000,0,0,48.458000,46
StuntRanch,salleuco,14.688000000000001,59,0.364407,2.159000,0,0,48.458000,52
StuntRanch,salleuco,17.071000000000002,59,0.381356,2.383000,0,0,48.458000,91
StuntRanch,salleuco,18.719000000000001,59,0.398305,1.648000,0,0,48.458000,90
StuntRanch,salleuco,19.937000000000001,59,0.415254,1.218000,0,1,48.458000,64
StuntRanch,salleuco,20.295000000000002,59,0.432203,0.358000,0,2,48.458000,50
StuntRanch,salleuco,20.981000000000002,59,0.449153,0.686000,0,2,48.458000,95
StuntRanch,salleuco,21.667999999999999,59,0.466102,0.687000,0,1,48.458000,95
StuntRanch,salleuco,23.702999999999999,59,0.483051,2.035000,0,0,48.458000,94
StuntRanch,salleuco,24.920999999999999,59,0.500000,1.218000,0,1,48.458000,95
StuntRanch,salleuco,25.643999999999998,59,0.516949,0.723000,0,2,48.458000,96
StuntRanch,salleuco,26.492999999999999,59,0.533898,0.849000,0,2,48.458000,93
StuntRanch,salleuco,27.132000000000001,59,0.550847,0.639000,0,2,48.458000,94
StuntRanch,salleuco,27.632999999999999,59,0.567797,0.501000,0,1,48.458000,91
StuntRanch,salleuco,28.7,59,0.584746,1.067000,0,2,48.458000,97
StuntRanch,salleuco,28.984000000000002,59,0.601695,0.284000,0,2,48.458000,94
StuntRanch,salleuco,29.535,59,0.618644,0.551000,0,2,48.458000,94
StuntRanch,salleuco,31.465,59,0.635593,1.930000,0,2,48.458000,91
StuntRanch,salleuco,32.161000000000001,59,0.652542,0.696000,0,2,48.458000,58
StuntRanch,salleuco,32.432000000000002,59,0.669492,0.271000,0,2,48.458000,72
StuntRanch,salleuco,34.807000000000002,59,0.686441,2.375000,0,1,48.458000,80
StuntRanch,salleuco,35.243000000000002,59,0.703390,0.436000,0,1,48.458000,96
StuntRanch,salleuco,41.753999999999998,59,0.720339,6.511000,0,1,48.458000,83
StuntRanch,salleuco,42.063000000000002,59,0.737288,0.309000,0,1,48.458000,25
StuntRanch,salleuco,46.454000000000001,59,0.771186,1.004000,0,5,48.458000,53
StuntRanch,salleuco,46.795999999999999,59,0.788136,0.342000,0,5,48.458000,94
StuntRanch,salleuco,46.945,59,0.805085,0.149000,0,6,48.458000,78
StuntRanch,salleuco,47.186999999999998,59,0.822034,0.242000,0,6,48.458000,90
StuntRanch,salleuco,47.308,59,0.838983,0.121000,1,6,48.458000,43
StuntRanch,salleuco,47.39,59,0.855932,0.082000,1,6,48.458000,91
StuntRanch,salleuco,47.814,59,0.872881,0.424000,0,4,48.458000,97
StuntRanch,salleuco,49.003,59,0.889831,1.189000,0,5,48.458000,94
StuntRanch,salleuco,49.359000000000002,59,0.906780,0.356000,1,6,48.458000,95
StuntRanch,salleuco,49.405000000000001,59,0.923729,0.046000,1,6,48.458000,98
StuntRanch,salleuco,49.554000000000002,59,0.940678,0.149000,0,6,48.458000,58
StuntRanch,salleuco,49.819000000000003,59,0.957627,0.265000,0,6,48.458000,97
StuntRanch,salleuco,49.942999999999998,59,0.974576,0.124000,0,6,48.458000,90
StuntRanch,salleuco,50.356000000000002,59,0.991525,0.413000,0,5,48.458000,76
StuntRanch,salleuco,1.8979999999999999,56,0.008929,1.898000,0,3,48.516000,90
StuntRanch,salleuco,2.0329999999999999,56,0.026786,0.135000,1,3,48.516000,64
StuntRanch,salleuco,2.0619999999999998,56,0.044643,0.029000,1,3,48.516000,86
StuntRanch,salleuco,2.2010000000000001,56,0.062500,0.139000,0,3,48.516000,9
StuntRanch,salleuco,3.2130000000000001,56,0.080357,1.012000,0,1,48.516000,72
StuntRanch,salleuco,3.73,56,0.098214,0.517000,0,1,48.516000,83
StuntRanch,salleuco,4.8010000000000002,56,0.116071,1.071000,0,0,48.516000,90
StuntRanch,salleuco,7.7489999999999997,56,0.133929,2.948000,0,1,48.516000,90
StuntRanch,salleuco,8.1479999999999997,56,0.151786,0.399000,0,2,48.516000,43
StuntRanch,salleuco,8.7840000000000007,56,0.169643,0.636000,0,1,48.516000,78
StuntRanch,salleuco,10.125999999999999,56,0.187500,1.342000,0,0,48.516000,83
StuntRanch,salleuco,12.52,56,0.205357,2.394000,0,0,48.516000,76
StuntRanch,salleuco,14.456,56,0.223214,1.936000,0,1,48.516000,90
StuntRanch,salleuco,14.673,56,0.241071,0.217000,0,1,48.516000,70
StuntRanch,salleuco,16.645,56,0.258929,1.972000,0,0,48.516000,90
StuntRanch,salleuco,17.704999999999998,56,0.276786,1.060000,0,0,48.516000,76
StuntRanch,salleuco,18.713999999999999,56,0.294643,1.009000,0,0,48.516000,95
StuntRanch,salleuco,20.949000000000002,56,0.312500,2.235000,0,1,48.516000,94
StuntRanch,salleuco,21.550999999999998,56,0.330357,0.602000,0,1,48.516000,95
StuntRanch,salleuco,23.189,56,0.348214,1.638000,0,2,48.516000,91
StuntRanch,salleuco,23.655999999999999,56,0.366071,0.467000,0,2,48.516000,94
StuntRanch,salleuco,24.094000000000001,56,0.383929,0.438000,0,3,48.516000,96
StuntRanch,salleuco,24.835000000000001,56,0.401786,0.741000,0,2,48.516000,97
StuntRanch,salleuco,25.494,56,0.419643,0.659000,0,2,48.516000,96
StuntRanch,salleuco,26.443000000000001,56,0.437500,0.949000,0,3,48.516000,95
StuntRanch,salleuco,26.821999999999999,56,0.455357,0.379000,0,3,48.516000,87
StuntRanch,salleuco,27.097999999999999,56,0.473214,0.276000,0,3,48.516000,95
StuntRanch,salleuco,27.599,56,0.491071,0.501000,0,2,48.516000,95
StuntRanch,salleuco,28.625,56,0.508929,1.026000,0,2,48.516000,97
StuntRanch,salleuco,28.905000000000001,56,0.526786,0.280000,0,2,48.516000,94
StuntRanch,salleuco,29.454000000000001,56,0.544643,0.549000,0,2,48.516000,94
StuntRanch,salleuco,30.908000000000001,56,0.562500,1.454000,0,1,48.516000,81
StuntRanch,salleuco,31.364999999999998,56,0.580357,0.457000,0,2,48.516000,91
StuntRanch,salleuco,32.125999999999998,56,0.598214,0.761000,0,1,48.516000,91
StuntRanch,salleuco,34.756,56,0.616071,2.630000,0,1,48.516000,97
StuntRanch,salleuco,35.082999999999998,56,0.633929,0.327000,0,2,48.516000,94
StuntRanch,salleuco,35.939,56,0.651786,0.856000,0,1,48.516000,70
StuntRanch,salleuco,37.631999999999998,56,0.669643,1.693000,0,0,48.516000,97
StuntRanch,salleuco,41.984000000000002,56,0.687500,4.352000,0,0,48.516000,50
StuntRanch,salleuco,43.235999999999997,56,0.705357,1.252000,0,0,48.516000,50
StuntRanch,salleuco,45.436,56,0.723214,2.200000,0,3,48.516000,81
StuntRanch,salleuco,46.106999999999999,56,0.741071,0.671000,0,5,48.516000,64
StuntRanch,salleuco,46.231000000000002,56,0.758929,0.124000,0,5,48.516000,58
StuntRanch,salleuco,46.347000000000001,56,0.776786,0.116000,0,6,48.516000,90
StuntRanch,salleuco,46.789000000000001,56,0.794643,0.442000,0,6,48.516000,95
StuntRanch,salleuco,46.930999999999997,56,0.812500,0.142000,0,6,48.516000,81
StuntRanch,salleuco,47.29,56,0.830357,0.359000,0,6,48.516000,91
StuntRanch,salleuco,47.755000000000003,56,0.848214,0.465000,0,6,48.516000,97
StuntRanch,salleuco,48.058,56,0.866071,0.303000,0,5,48.516000,93
StuntRanch,salleuco,48.265999999999998,56,0.883929,0.208000,0,5,48.516000,64
StuntRanch,salleuco,48.69,56,0.901786,0.424000,0,6,48.516000,97
StuntRanch,salleuco,48.823,56,0.919643,0.133000,0,6,48.516000,99
StuntRanch,salleuco,49.363999999999997,56,0.937500,0.541000,0,4,48.516000,95
StuntRanch,salleuco,49.554000000000002,56,0.955357,0.190000,0,5,48.516000,93
StuntRanch,salleuco,49.817999999999998,56,0.973214,0.264000,0,4,48.516000,98
StuntRanch,salleuco,50.414000000000001,56,0.991071,0.596000,0,2,48.516000,95
StuntRanch,salleuco,1.899,65,0.007692,1.899000,0,3,47.918000,90
StuntRanch,salleuco,2.0329999999999999,65,0.023077,0.134000,1,4,47.918000,64
StuntRanch,salleuco,2.0630000000000002,65,0.038462,0.030000,1,4,47.918000,86
StuntRanch,salleuco,2.2120000000000002,65,0.053846,0.149000,0,5,47.918000,9
StuntRanch,salleuco,2.992,65,0.069231,0.780000,0,6,47.918000,91
StuntRanch,salleuco,3.1320000000000001,65,0.084615,0.140000,1,4,47.918000,17
StuntRanch,salleuco,3.2280000000000002,65,0.100000,0.096000,1,3,47.918000,59
StuntRanch,salleuco,3.7240000000000002,65,0.115385,0.496000,0,3,47.918000,74
StuntRanch,salleuco,4.8010000000000002,65,0.130769,1.077000,0,1,47.918000,90
StuntRanch,salleuco,5.742,65,0.146154,0.941000,0,1,47.918000,64
StuntRanch,salleuco,7.7409999999999997,65,0.161538,1.999000,0,0,47.918000,86
StuntRanch,salleuco,10.125,65,0.176923,2.384000,0,0,47.918000,83
StuntRanch,salleuco,14.433,65,0.192308,4.308000,0,2,47.918000,80
StuntRanch,salleuco,14.679,65,0.207692,0.246000,0,2,47.918000,12
StuntRanch,salleuco,15.348000000000001,65,0.223077,0.669000,0,2,47.918000,94
StuntRanch,salleuco,16.638000000000002,65,0.238462,1.290000,0,2,47.918000,91
StuntRanch,salleuco,17.114999999999998,65,0.253846,0.477000,0,2,47.918000,87
StuntRanch,salleuco,17.391999999999999,65,0.269231,0.277000,0,2,47.918000,78
StuntRanch,salleuco,18.72,65,0.284615,1.328000,0,0,47.918000,90
StuntRanch,salleuco,20.893999999999998,65,0.300000,2.174000,0,1,47.918000,95
StuntRanch,salleuco,21.38,65,0.315385,0.486000,0,1,47.918000,97
StuntRanch,salleuco,23.161000000000001,65,0.330769,1.781000,0,2,47.918000,94
StuntRanch,salleuco,23.611000000000001,65,0.346154,0.450000,0,3,47.918000,94
StuntRanch,salleuco,24.055,65,0.361538,0.444000,0,4,47.918000,95
StuntRanch,salleuco,24.391999999999999,65,0.376923,0.337000,0,4,47.918000,95
StuntRanch,salleuco,24.785,65,0.392308,0.393000,0,3,47.918000,96
StuntRanch,salleuco,25.391999999999999,65,0.407692,0.607000,0,2,47.918000,96
StuntRanch,salleuco,26.427,65,0.423077,1.035000,0,2,47.918000,95
StuntRanch,salleuco,27.052,65,0.438462,0.625000,0,3,47.918000,93
StuntRanch,salleuco,27.364999999999998,65,0.453846,0.313000,0,3,47.918000,97
StuntRanch,salleuco,27.555,65,0.469231,0.190000,0,2,47.918000,94
StuntRanch,salleuco,28.576000000000001,65,0.484615,1.021000,0,2,47.918000,97
StuntRanch,salleuco,28.86,65,0.500000,0.284000,0,2,47.918000,94
StuntRanch,salleuco,29.396000000000001,65,0.515385,0.536000,0,2,47.918000,94
StuntRanch,salleuco,30.536999999999999,65,0.530769,1.141000,0,2,47.918000,94
StuntRanch,salleuco,30.908000000000001,65,0.546154,0.371000,0,2,47.918000,83
StuntRanch,salleuco,31.44,65,0.561538,0.532000,0,3,47.918000,91
StuntRanch,salleuco,32.124000000000002,65,0.576923,0.684000,0,1,47.918000,89
StuntRanch,salleuco,34.706000000000003,65,0.592308,2.582000,0,1,47.918000,96
StuntRanch,salleuco,34.869999999999997,65,0.607692,0.164000,0,1,47.918000,93
StuntRanch,salleuco,35.923999999999999,65,0.623077,1.054000,0,0,47.918000,90
StuntRanch,salleuco,37.594000000000001,65,0.638462,1.670000,0,0,47.918000,96
StuntRanch,salleuco,39.253999999999998,65,0.653846,1.660000,0,0,47.918000,37
StuntRanch,salleuco,41.988,65,0.669231,2.734000,0,0,47.918000,50
StuntRanch,salleuco,43.250999999999998,65,0.684615,1.263000,0,0,47.918000,47
StuntRanch,salleuco,45.427999999999997,65,0.700000,2.177000,0,3,47.918000,93
StuntRanch,salleuco,46.103999999999999,65,0.715385,0.676000,0,5,47.918000,81
StuntRanch,salleuco,46.228000000000002,65,0.730769,0.124000,0,5,47.918000,92
StuntRanch,salleuco,46.343000000000004,65,0.746154,0.115000,0,6,47.918000,72
StuntRanch,salleuco,46.784999999999997,65,0.761538,0.442000,0,7,47.918000,93
StuntRanch,salleuco,46.93,65,0.776923,0.145000,0,7,47.918000,90
StuntRanch,salleuco,47.29,65,0.792308,0.360000,0,8,47.918000,46
StuntRanch,salleuco,47.610999999999997,65,0.807692,0.321000,0,7,47.918000,70
StuntRanch,salleuco,47.732999999999997,65,0.823077,0.122000,0,8,47.918000,97
StuntRanch,salleuco,48.058999999999997,65,0.838462,0.326000,0,8,47.918000,95
StuntRanch,salleuco,48.231999999999999,65,0.853846,0.173000,1,10,47.918000,64
StuntRanch,salleuco,48.267000000000003,65,0.869231,0.035000,1,10,47.918000,55
StuntRanch,salleuco,48.633000000000003,65,0.884615,0.366000,0,10,47.918000,78
StuntRanch,salleuco,48.838999999999999,65,0.900000,0.206000,0,10,47.918000,90
StuntRanch,salleuco,49.042999999999999,65,0.915385,0.204000,1,10,47.918000,96
StuntRanch,salleuco,49.119,65,0.930769,0.076000,2,9,47.918000,72
StuntRanch,salleuco,49.191000000000003,65,0.946154,0.072000,1,9,47.918000,93
StuntRanch,salleuco,49.36,65,0.961538,0.169000,1,7,47.918000,98
StuntRanch,salleuco,49.411000000000001,65,0.976923,0.051000,1,7,47.918000,98
StuntRanch,salleuco,49.817,65,0.992308,0.406000,0,6,47.918000,99
StuntRanch,salleuco,1.899,45,0.011111,1.899000,0,3,48.450000,90
StuntRanch,salleuco,2.0329999999999999,45,0.033333,0.134000,1,3,48.450000,64
StuntRanch,salleuco,2.0619999999999998,45,0.055556,0.029000,1,3,48.450000,91
StuntRanch,salleuco,2.2010000000000001,45,0.077778,0.139000,0,4,48.450000,7
StuntRanch,salleuco,3.1259999999999999,45,0.100000,0.925000,0,2,48.450000,40
StuntRanch,salleuco,3.7269999999999999,45,0.122222,0.601000,0,1,48.450000,83
StuntRanch,salleuco,4.7910000000000004,45,0.144444,1.064000,0,1,48.450000,86
StuntRanch,salleuco,5.6719999999999997,45,0.166667,0.881000,0,1,48.450000,38
StuntRanch,salleuco,7.7489999999999997,45,0.188889,2.077000,0,0,48.450000,90
StuntRanch,salleuco,10.164,45,0.211111,2.415000,0,0,48.450000,45
StuntRanch,salleuco,16.646000000000001,45,0.233333,6.482000,0,1,48.450000,86
StuntRanch,salleuco,17.117000000000001,45,0.255556,0.471000,0,1,48.450000,49
StuntRanch,salleuco,20.960999999999999,45,0.277778,3.844000,0,1,48.450000,94
StuntRanch,salleuco,21.568999999999999,45,0.300000,0.608000,0,1,48.450000,95
StuntRanch,salleuco,23.204999999999998,45,0.322222,1.636000,0,2,48.450000,91
StuntRanch,salleuco,23.669,45,0.344444,0.464000,0,2,48.450000,96
StuntRanch,salleuco,24.114000000000001,45,0.366667,0.445000,0,3,48.450000,95
StuntRanch,salleuco,24.869,45,0.388889,0.755000,0,2,48.450000,97
StuntRanch,salleuco,25.545000000000002,45,0.411111,0.676000,0,2,48.450000,96
StuntRanch,salleuco,26.452999999999999,45,0.433333,0.908000,0,2,48.450000,93
StuntRanch,salleuco,27.111000000000001,45,0.455556,0.658000,0,2,48.450000,94
StuntRanch,salleuco,27.623000000000001,45,0.477778,0.512000,0,1,48.450000,95
StuntRanch,salleuco,28.654,45,0.500000,1.031000,0,2,48.450000,97
StuntRanch,salleuco,28.943000000000001,45,0.522222,0.289000,0,2,48.450000,94
StuntRanch,salleuco,29.494,45,0.544444,0.551000,0,2,48.450000,94
StuntRanch,salleuco,31.472000000000001,45,0.566667,1.978000,0,1,48.450000,91
StuntRanch,salleuco,32.116,45,0.588889,0.644000,0,1,48.450000,78
StuntRanch,salleuco,34.784999999999997,45,0.611111,2.669000,0,2,48.450000,96
StuntRanch,salleuco,35.145000000000003,45,0.633333,0.360000,0,2,48.450000,93
StuntRanch,salleuco,35.450000000000003,45,0.655556,0.305000,0,2,48.450000,70
StuntRanch,salleuco,37.664999999999999,45,0.677778,2.215000,0,0,48.450000,97
StuntRanch,salleuco,45.444000000000003,45,0.700000,7.779000,0,2,48.450000,64
StuntRanch,salleuco,45.551000000000002,45,0.722222,0.107000,0,2,48.450000,64
StuntRanch,salleuco,46.238999999999997,45,0.744444,0.688000,0,4,48.450000,96
StuntRanch,salleuco,46.793999999999997,45,0.766667,0.555000,0,4,48.450000,87
StuntRanch,salleuco,46.942999999999998,45,0.788889,0.149000,0,4,48.450000,86
StuntRanch,salleuco,47.311999999999998,45,0.811111,0.369000,0,4,48.450000,72
StuntRanch,salleuco,47.783999999999999,45,0.833333,0.472000,0,4,48.450000,96
StuntRanch,salleuco,48.066000000000003,45,0.855556,0.282000,0,4,48.450000,90
StuntRanch,salleuco,48.823999999999998,45,0.877778,0.758000,0,5,48.450000,99
StuntRanch,salleuco,49.003,45,0.900000,0.179000,0,5,48.450000,95
StuntRanch,salleuco,49.563000000000002,45,0.922222,0.560000,1,5,48.450000,70
StuntRanch,salleuco,49.655999999999999,45,0.944444,0.093000,1,5,48.450000,95
StuntRanch,salleuco,49.82,45,0.966667,0.164000,0,5,48.450000,99
StuntRanch,salleuco,50.348999999999997,45,0.988889,0.529000,0,3,48.450000,98
Yosemite,abiescon,1.7010000000000001,58,0.008621,1.701000,0,2,48.102000,10
Yosemite,abiescon,2.06,58,0.025862,0.359000,0,4,48.102000,90
Yosemite,abiescon,2.202,58,0.043103,0.142000,0,5,48.102000,7
Yosemite,abiescon,2.79,58,0.060345,0.588000,0,6,48.102000,7
Yosemite,abiescon,2.9830000000000001,58,0.077586,0.193000,0,6,48.102000,91
Yosemite,abiescon,3.1179999999999999,58,0.094828,0.135000,0,5,48.102000,22
Yosemite,abiescon,3.22,58,0.112069,0.102000,0,4,48.102000,90
Yosemite,abiescon,3.7170000000000001,58,0.129310,0.497000,0,4,48.102000,83
Yosemite,abiescon,4.7629999999999999,58,0.146552,1.046000,0,1,48.102000,90
Yosemite,abiescon,5.6120000000000001,58,0.163793,0.849000,0,3,48.102000,27
Yosemite,abiescon,5.9480000000000004,58,0.181034,0.336000,0,2,48.102000,46
Yosemite,abiescon,6.1520000000000001,58,0.198276,0.204000,0,2,48.102000,87
Yosemite,abiescon,10.117000000000001,58,0.215517,3.965000,0,0,48.102000,93
Yosemite,abiescon,11.356,58,0.232759,1.239000,0,2,48.102000,87
Yosemite,abiescon,12.159000000000001,58,0.250000,0.803000,0,2,48.102000,90
Yosemite,abiescon,12.323,58,0.267241,0.164000,0,2,48.102000,47
Yosemite,abiescon,14.176,58,0.284483,1.853000,0,1,48.102000,90
Yosemite,abiescon,14.791,58,0.301724,0.615000,0,1,48.102000,43
Yosemite,abiescon,16.742999999999999,58,0.318966,1.952000,0,1,48.102000,9
Yosemite,abiescon,17.603999999999999,58,0.336207,0.861000,0,2,48.102000,64
Yosemite,abiescon,18.123000000000001,58,0.353448,0.519000,0,2,48.102000,94
Yosemite,abiescon,18.835000000000001,58,0.370690,0.712000,0,3,48.102000,83
Yosemite,abiescon,19.331,58,0.387931,0.496000,1,2,48.102000,68
Yosemite,abiescon,19.417999999999999,58,0.405172,0.087000,1,2,48.102000,72
Yosemite,abiescon,20.779,58,0.422414,1.361000,0,2,48.102000,95
Yosemite,abiescon,21.516999999999999,58,0.439655,0.738000,0,2,48.102000,97
Yosemite,abiescon,21.664999999999999,58,0.456897,0.148000,0,2,48.102000,93
Yosemite,abiescon,23.498999999999999,58,0.474138,1.834000,0,1,48.102000,93
Yosemite,abiescon,24.271999999999998,58,0.491379,0.773000,0,2,48.102000,97
Yosemite,abiescon,24.695,58,0.508621,0.423000,0,2,48.102000,97
Yosemite,abiescon,25.48,58,0.525862,0.785000,0,3,48.102000,96
Yosemite,abiescon,26.154,58,0.543103,0.674000,0,3,48.102000,38
Yosemite,abiescon,26.443000000000001,58,0.560345,0.289000,0,4,48.102000,52
Yosemite,abiescon,26.902000000000001,58,0.577586,0.459000,0,3,48.102000,90
Yosemite,abiescon,27.311,58,0.594828,0.409000,0,2,48.102000,94
Yosemite,abiescon,28.541,58,0.612069,1.230000,0,3,48.102000,93
Yosemite,abiescon,28.800999999999998,58,0.629310,0.260000,0,3,48.102000,94
Yosemite,abiescon,29.221,58,0.646552,0.420000,0,3,48.102000,93
Yosemite,abiescon,29.401,58,0.663793,0.180000,0,3,48.102000,93
Yosemite,abiescon,30.667000000000002,58,0.681034,1.266000,0,0,48.102000,90
Yosemite,abiescon,35.06,58,0.698276,4.393000,0,0,48.102000,78
Yosemite,abiescon,37.518000000000001,58,0.715517,2.458000,0,0,48.102000,97
Yosemite,abiescon,41.872,58,0.732759,4.354000,0,0,48.102000,38
Yosemite,abiescon,43.588999999999999,58,0.750000,1.717000,0,1,48.102000,72
Yosemite,abiescon,44.097999999999999,58,0.767241,0.509000,0,1,48.102000,72
Yosemite,abiescon,46.06,58,0.784483,1.962000,0,2,48.102000,92
Yosemite,abiescon,46.195999999999998,58,0.801724,0.136000,0,3,48.102000,52
Yosemite,abiescon,46.606000000000002,58,0.818966,0.410000,0,4,48.102000,64
Yosemite,abiescon,47.151000000000003,58,0.836207,0.545000,0,6,48.102000,64
Yosemite,abiescon,47.284999999999997,58,0.853448,0.134000,0,5,48.102000,46
Yosemite,abiescon,47.792000000000002,58,0.870690,0.507000,0,7,48.102000,98
Yosemite,abiescon,48.000999999999998,58,0.887931,0.209000,0,7,48.102000,91
Yosemite,abiescon,48.131999999999998,58,0.905172,0.131000,0,7,48.102000,96
Yosemite,abiescon,48.296999999999997,58,0.922414,0.165000,0,6,48.102000,60
Yosemite,abiescon,48.564999999999998,58,0.939655,0.268000,0,6,48.102000,93
Yosemite,abiescon,48.774999999999999,58,0.956897,0.210000,0,6,48.102000,55
Yosemite,abiescon,49.296999999999997,58,0.974138,0.522000,0,4,48.102000,55
Yosemite,abiescon,49.802999999999997,58,0.991379,0.506000,0,1,48.102000,98
Yosemite,abiescon,1.7010000000000001,31,0.016129,1.701000,0,2,47.676000,36
Yosemite,abiescon,2.0590000000000002,31,0.048387,0.358000,0,2,47.676000,86
Yosemite,abiescon,2.218,31,0.080645,0.159000,0,3,47.676000,9
Yosemite,abiescon,3.1240000000000001,31,0.112903,0.906000,0,4,47.676000,52
Yosemite,abiescon,3.2250000000000001,31,0.145161,0.101000,0,3,47.676000,86
Yosemite,abiescon,3.3650000000000002,31,0.177419,0.140000,0,3,47.676000,59
Yosemite,abiescon,3.7170000000000001,31,0.209677,0.352000,0,3,47.676000,83
Yosemite,abiescon,4.7649999999999997,31,0.241935,1.048000,0,0,47.676000,90
Yosemite,abiescon,14.311,31,0.274194,9.546000,0,0,47.676000,90
Yosemite,abiescon,16.829999999999998,31,0.306452,2.519000,0,0,47.676000,9
Yosemite,abiescon,20.780999999999999,31,0.338710,3.951000,0,2,47.676000,95
Yosemite,abiescon,21.521999999999998,31,0.370968,0.741000,0,2,47.676000,94
Yosemite,abiescon,21.677,31,0.403226,0.155000,0,2,47.676000,93
Yosemite,abiescon,24.273,31,0.435484,2.596000,0,1,47.676000,87
Yosemite,abiescon,24.71,31,0.467742,0.437000,0,2,47.676000,95
Yosemite,abiescon,25.475999999999999,31,0.500000,0.766000,0,2,47.676000,90
Yosemite,abiescon,26.126000000000001,31,0.532258,0.650000,0,2,47.676000,70
Yosemite,abiescon,26.872,31,0.564516,0.746000,0,2,47.676000,90
Yosemite,abiescon,27.204999999999998,31,0.596774,0.333000,0,1,47.676000,95
Yosemite,abiescon,28.556999999999999,31,0.629032,1.352000,0,2,47.676000,81
Yosemite,abiescon,28.803000000000001,31,0.661290,0.246000,0,2,47.676000,94
Yosemite,abiescon,29.385999999999999,31,0.693548,0.583000,0,2,47.676000,94
Yosemite,abiescon,30.683,31,0.725806,1.297000,0,0,47.676000,83
Yosemite,abiescon,47.151000000000003,31,0.758065,16.468000,0,4,47.676000,59
Yosemite,abiescon,47.295999999999999,31,0.790323,0.145000,0,4,47.676000,43
Yosemite,abiescon,47.787999999999997,31,0.822581,0.492000,0,6,47.676000,91
Yosemite,abiescon,48.000999999999998,31,0.854839,0.213000,0,6,47.676000,86
Yosemite,abiescon,48.125999999999998,31,0.887097,0.125000,0,6,47.676000,43
Yosemite,abiescon,48.296999999999997,31,0.919355,0.171000,0,4,47.676000,64
Yosemite,abiescon,48.555999999999997,31,0.951613,0.259000,0,5,47.676000,94
Yosemite,abiescon,49.377000000000002,31,0.983871,0.821000,0,1,47.676000,49
Yosemite,abiescon,1.708,21,0.023810,1.708000,0,2,47.515000,64
Yosemite,abiescon,2.0640000000000001,21,0.071429,0.356000,0,3,47.515000,90
Yosemite,abiescon,2.2330000000000001,21,0.119048,0.169000,0,4,47.515000,9
Yosemite,abiescon,2.9790000000000001,21,0.166667,0.746000,0,4,47.515000,91
Yosemite,abiescon,3.129,21,0.214286,0.150000,0,3,47.515000,9
Yosemite,abiescon,3.7269999999999999,21,0.261905,0.598000,0,2,47.515000,83
Yosemite,abiescon,4.7679999999999998,21,0.309524,1.041000,0,0,47.515000,90
Yosemite,abiescon,10.119999999999999,21,0.357143,5.352000,0,0,47.515000,81
Yosemite,abiescon,20.818999999999999,21,0.404762,10.699000,0,0,47.515000,91
Yosemite,abiescon,26.169,21,0.452381,5.350000,0,0,47.515000,72
Yosemite,abiescon,27.451000000000001,21,0.500000,1.282000,0,0,47.515000,94
Yosemite,abiescon,30.77,21,0.547619,3.319000,0,0,47.515000,91
Yosemite,abiescon,47.110999999999997,21,0.595238,16.341000,1,4,47.515000,86
Yosemite,abiescon,47.154000000000003,21,0.642857,0.043000,1,5,47.515000,87
Yosemite,abiescon,47.377000000000002,21,0.690476,0.223000,0,6,47.515000,53
Yosemite,abiescon,47.79,21,0.738095,0.413000,0,7,47.515000,81
Yosemite,abiescon,48,21,0.785714,0.210000,0,7,47.515000,46
Yosemite,abiescon,48.125999999999998,21,0.833333,0.126000,0,6,47.515000,46
Yosemite,abiescon,48.298000000000002,21,0.880952,0.172000,0,6,47.515000,38
Yosemite,abiescon,48.578000000000003,21,0.928571,0.280000,0,5,47.515000,91
Yosemite,abiescon,49.222999999999999,21,0.976190,0.645000,0,2,47.515000,72
Yosemite,abiescon,2.016,17,0.029412,2.016000,1,3,47.297000,83
Yosemite,abiescon,2.052,17,0.088235,0.036000,1,3,47.297000,90
Yosemite,abiescon,2.2029999999999998,17,0.147059,0.151000,0,3,47.297000,5
Yosemite,abiescon,2.9790000000000001,17,0.205882,0.776000,0,4,47.297000,91
Yosemite,abiescon,3.7210000000000001,17,0.264706,0.742000,0,1,47.297000,83
Yosemite,abiescon,4.7649999999999997,17,0.323529,1.044000,0,0,47.297000,90
Yosemite,abiescon,20.82,17,0.382353,16.055000,0,1,47.297000,95
Yosemite,abiescon,21.538,17,0.441176,0.718000,0,1,47.297000,95
Yosemite,abiescon,24.722999999999999,17,0.500000,3.185000,0,0,47.297000,91
Yosemite,abiescon,27.364000000000001,17,0.558824,2.641000,0,0,47.297000,94
Yosemite,abiescon,28.843,17,0.617647,1.479000,0,0,47.297000,94
Yosemite,abiescon,30.765000000000001,17,0.676471,1.922000,0,0,47.297000,90
Yosemite,abiescon,47.167000000000002,17,0.735294,16.402000,0,2,47.297000,64
Yosemite,abiescon,47.402000000000001,17,0.794118,0.235000,0,2,47.297000,70
Yosemite,abiescon,48.002000000000002,17,0.852941,0.600000,0,3,47.297000,93
Yosemite,abiescon,48.557000000000002,17,0.911765,0.555000,0,2,47.297000,86
Yosemite,abiescon,49.313000000000002,17,0.970588,0.756000,0,1,47.297000,96
Yosemite,caldec,1.6950000000000001,21,0.023810,1.695000,1,3,47.225000,10
Yosemite,caldec,1.776,21,0.071429,0.081000,1,3,47.225000,9
Yosemite,caldec,2.0569999999999999,21,0.119048,0.281000,0,5,47.225000,90
Yosemite,caldec,2.19,21,0.166667,0.133000,0,6,47.225000,9
Yosemite,caldec,2.8069999999999999,21,0.214286,0.617000,0,5,47.225000,80
Yosemite,caldec,2.9750000000000001,21,0.261905,0.168000,0,5,47.225000,90
Yosemite,caldec,3.1179999999999999,21,0.309524,0.143000,0,4,47.225000,11
Yosemite,caldec,3.7229999999999999,21,0.357143,0.605000,0,3,47.225000,83
Yosemite,caldec,4.766,21,0.404762,1.043000,0,1,47.225000,90
Yosemite,caldec,5.6109999999999998,21,0.452381,0.845000,0,1,47.225000,36
Yosemite,caldec,18.768999999999998,21,0.500000,13.158000,0,0,47.225000,90
Yosemite,caldec,21.53,21,0.547619,2.761000,0,0,47.225000,95
Yosemite,caldec,29.391999999999999,21,0.595238,7.862000,0,0,47.225000,96
Yosemite,caldec,46.057000000000002,21,0.642857,16.665000,0,0,47.225000,59
Yosemite,caldec,47.161000000000001,21,0.690476,1.104000,0,4,47.225000,59
Yosemite,caldec,47.277000000000001,21,0.738095,0.116000,1,4,47.225000,72
Yosemite,caldec,47.368000000000002,21,0.785714,0.091000,1,5,47.225000,80
Yosemite,caldec,47.994,21,0.833333,0.626000,1,6,47.225000,46
Yosemite,caldec,48.088000000000001,21,0.880952,0.094000,1,6,47.225000,86
Yosemite,caldec,48.296999999999997,21,0.928571,0.209000,0,4,47.225000,38
Yosemite,caldec,48.92,21,0.976190,0.623000,0,3,47.225000,55
Yosemite,caldec,1.7030000000000001,16,0.031250,1.703000,0,2,45.679000,38
Yosemite,caldec,2.0640000000000001,16,0.093750,0.361000,0,2,45.679000,90
Yosemite,caldec,2.2240000000000002,16,0.156250,0.160000,0,2,45.679000,9
Yosemite,caldec,5.617,16,0.218750,3.393000,0,0,45.679000,35
Yosemite,caldec,16.303999999999998,16,0.281250,10.687000,0,0,45.679000,53
Yosemite,caldec,20.783000000000001,16,0.343750,4.479000,0,1,45.679000,94
Yosemite,caldec,21.489000000000001,16,0.406250,0.706000,0,1,45.679000,94
Yosemite,caldec,23.501999999999999,16,0.468750,2.013000,0,0,45.679000,86
Yosemite,caldec,26.097000000000001,16,0.531250,2.595000,0,0,45.679000,94
Yosemite,caldec,27.420999999999999,16,0.593750,1.324000,0,0,45.679000,83
Yosemite,caldec,28.832999999999998,16,0.656250,1.412000,0,1,45.679000,94
Yosemite,caldec,29.36,16,0.718750,0.527000,0,1,45.679000,93
Yosemite,caldec,30.765999999999998,16,0.781250,1.406000,0,0,45.679000,86
Yosemite,caldec,34.651000000000003,16,0.843750,3.885000,0,0,45.679000,64
Yosemite,caldec,47.151000000000003,16,0.906250,12.500000,0,1,45.679000,72
Yosemite,caldec,47.381999999999998,16,0.968750,0.231000,0,1,45.679000,35
Yosemite,caldec,1.776,22,0.022727,1.776000,0,2,47.492000,9
Yosemite,caldec,2.06,22,0.068182,0.284000,0,3,47.492000,90
Yosemite,caldec,2.2040000000000002,22,0.113636,0.144000,0,3,47.492000,5
Yosemite,caldec,2.9790000000000001,22,0.159091,0.775000,0,3,47.492000,64
Yosemite,caldec,3.222,22,0.204545,0.243000,0,1,47.492000,36
Yosemite,caldec,5.6150000000000002,22,0.250000,2.393000,0,0,47.492000,50
Yosemite,caldec,10.118,22,0.295455,4.503000,0,0,47.492000,83
Yosemite,caldec,20.811,22,0.340909,10.693000,0,1,47.492000,93
Yosemite,caldec,21.533000000000001,22,0.386364,0.722000,0,1,47.492000,94
Yosemite,caldec,26.126999999999999,22,0.431818,4.594000,0,0,47.492000,93
Yosemite,caldec,27.417999999999999,22,0.477273,1.291000,0,0,47.492000,95
Yosemite,caldec,28.568999999999999,22,0.522727,1.151000,0,2,47.492000,80
Yosemite,caldec,28.838000000000001,22,0.568182,0.269000,1,2,47.492000,94
Yosemite,caldec,28.934999999999999,22,0.613636,0.097000,1,2,47.492000,94
Yosemite,caldec,47.151000000000003,22,0.659091,18.216000,0,3,47.492000,80
Yosemite,caldec,47.38,22,0.704545,0.229000,0,4,47.492000,27
Yosemite,caldec,47.804000000000002,22,0.750000,0.424000,0,4,47.492000,96
Yosemite,caldec,48.003,22,0.795455,0.199000,0,5,47.492000,64
Yosemite,caldec,48.298999999999999,22,0.840909,0.296000,0,6,47.492000,46
Yosemite,caldec,48.914999999999999,22,0.886364,0.616000,0,4,47.492000,96
Yosemite,caldec,49.03,22,0.931818,0.115000,0,3,47.492000,98
Yosemite,caldec,49.268000000000001,22,0.977273,0.238000,0,3,47.492000,95
Yosemite,caldec,2.0649999999999999,42,0.011905,2.065000,0,3,47.729000,90
Yosemite,caldec,2.2160000000000002,42,0.035714,0.151000,0,4,47.729000,7
Yosemite,caldec,2.8079999999999998,42,0.059524,0.592000,0,6,47.729000,78
Yosemite,caldec,2.9769999999999999,42,0.083333,0.169000,0,6,47.729000,91
Yosemite,caldec,3.1219999999999999,42,0.107143,0.145000,0,5,47.729000,22
Yosemite,caldec,3.363,42,0.130952,0.241000,0,4,47.729000,64
Yosemite,caldec,3.714,42,0.154762,0.351000,0,4,47.729000,83
Yosemite,caldec,4.7649999999999997,42,0.178571,1.051000,0,1,47.729000,90
Yosemite,caldec,5.6120000000000001,42,0.202381,0.847000,0,2,47.729000,56
Yosemite,caldec,6.1719999999999997,42,0.226190,0.560000,0,1,47.729000,53
Yosemite,caldec,7.6779999999999999,42,0.250000,1.506000,0,0,47.729000,91
Yosemite,caldec,10.105,42,0.273810,2.427000,0,1,47.729000,87
Yosemite,caldec,10.615,42,0.297619,0.510000,0,1,47.729000,72
Yosemite,caldec,18.116,42,0.321429,7.501000,0,0,47.729000,59
Yosemite,caldec,20.585000000000001,42,0.345238,2.469000,0,1,47.729000,95
Yosemite,caldec,21.425000000000001,42,0.369048,0.840000,0,2,47.729000,97
Yosemite,caldec,22.405999999999999,42,0.392857,0.981000,0,1,47.729000,96
Yosemite,caldec,23.474,42,0.416667,1.068000,0,1,47.729000,95
Yosemite,caldec,24.242999999999999,42,0.440476,0.769000,0,2,47.729000,97
Yosemite,caldec,24.658000000000001,42,0.464286,0.415000,0,2,47.729000,96
Yosemite,caldec,25.445,42,0.488095,0.787000,0,3,47.729000,96
Yosemite,caldec,26.079000000000001,42,0.511905,0.634000,0,3,47.729000,91
Yosemite,caldec,26.42,42,0.535714,0.341000,0,4,47.729000,93
Yosemite,caldec,26.838000000000001,42,0.559524,0.418000,0,3,47.729000,93
Yosemite,caldec,27.166,42,0.583333,0.328000,0,2,47.729000,94
Yosemite,caldec,28.524000000000001,42,0.607143,1.358000,0,2,47.729000,95
Yosemite,caldec,28.763000000000002,42,0.630952,0.239000,0,2,47.729000,94
Yosemite,caldec,29.344000000000001,42,0.654762,0.581000,0,2,47.729000,91
Yosemite,caldec,30.74,42,0.678571,1.396000,0,0,47.729000,83
Yosemite,caldec,32.002000000000002,42,0.702381,1.262000,0,0,47.729000,68
Yosemite,caldec,34.637999999999998,42,0.726190,2.636000,0,0,47.729000,96
Yosemite,caldec,37.515999999999998,42,0.750000,2.878000,0,0,47.729000,96
Yosemite,caldec,46.061,42,0.773810,8.545000,0,1,47.729000,47
Yosemite,caldec,46.292999999999999,42,0.797619,0.232000,0,2,47.729000,53
Yosemite,caldec,47.119,42,0.821429,0.826000,0,4,47.729000,80
Yosemite,caldec,47.374000000000002,42,0.845238,0.255000,0,4,47.729000,35
Yosemite,caldec,47.796999999999997,42,0.869048,0.423000,0,5,47.729000,96
Yosemite,caldec,48.000999999999998,42,0.892857,0.204000,0,5,47.729000,95
Yosemite,caldec,48.295999999999999,42,0.916667,0.295000,0,5,47.729000,58
Yosemite,caldec,48.555999999999997,42,0.940476,0.260000,0,4,47.729000,93
Yosemite,caldec,49.219000000000001,42,0.964286,0.663000,0,3,47.729000,50
Yosemite,caldec,49.793999999999997,42,0.988095,0.575000,0,1,47.729000,60
Yosemite,ceanothcord,1.7,14,0.035714,1.700000,0,2,48.104000,10
Yosemite,ceanothcord,2.024,14,0.107143,0.324000,0,2,48.104000,74
Yosemite,ceanothcord,2.2360000000000002,14,0.178571,0.212000,0,2,48.104000,64
Yosemite,ceanothcord,3.73,14,0.250000,1.494000,0,0,48.104000,83
Yosemite,ceanothcord,20.087,14,0.321429,16.357000,0,0,48.104000,95
Yosemite,ceanothcord,24.698,14,0.392857,4.611000,0,0,48.104000,93
Yosemite,ceanothcord,26.93,14,0.464286,2.232000,0,1,48.104000,64
Yosemite,ceanothcord,27.433,14,0.535714,0.503000,0,1,48.104000,38
Yosemite,ceanothcord,29.527999999999999,14,0.607143,2.095000,0,0,48.104000,80
Yosemite,ceanothcord,47.168999999999997,14,0.678571,17.641000,0,1,48.104000,47
Yosemite,ceanothcord,47.374000000000002,14,0.750000,0.205000,0,2,48.104000,59
Yosemite,ceanothcord,48.301000000000002,14,0.821429,0.927000,0,1,48.104000,47
Yosemite,ceanothcord,49.652000000000001,14,0.892857,1.351000,0,1,48.104000,90
Yosemite,ceanothcord,49.804000000000002,14,0.964286,0.152000,0,1,48.104000,98
Yosemite,ceanothcord,1.704,24,0.020833,1.704000,0,1,48.433000,38
Yosemite,ceanothcord,2.2149999999999999,24,0.062500,0.511000,0,4,48.433000,7
Yosemite,ceanothcord,2.8149999999999999,24,0.104167,0.600000,0,4,48.433000,83
Yosemite,ceanothcord,2.9769999999999999,24,0.145833,0.162000,0,4,48.433000,91
Yosemite,ceanothcord,3.1230000000000002,24,0.187500,0.146000,0,4,48.433000,10
Yosemite,ceanothcord,3.7290000000000001,24,0.229167,0.606000,0,3,48.433000,83
Yosemite,ceanothcord,4.7640000000000002,24,0.270833,1.035000,0,0,48.433000,90
Yosemite,ceanothcord,10.115,24,0.312500,5.351000,0,0,48.433000,93
Yosemite,ceanothcord,20.814,24,0.354167,10.699000,0,1,48.433000,91
Yosemite,ceanothcord,21.53,24,0.395833,0.716000,0,1,48.433000,78
Yosemite,ceanothcord,26.145,24,0.437500,4.615000,0,1,48.433000,81
Yosemite,ceanothcord,26.841999999999999,24,0.479167,0.697000,0,2,48.433000,81
Yosemite,ceanothcord,27.396999999999998,24,0.520833,0.555000,0,1,48.433000,93
Yosemite,ceanothcord,29.376999999999999,24,0.562500,1.980000,0,0,48.433000,83
Yosemite,ceanothcord,35.429000000000002,24,0.604167,6.052000,0,0,48.433000,87
Yosemite,ceanothcord,46.057000000000002,24,0.645833,10.628000,0,1,48.433000,90
Yosemite,ceanothcord,46.191000000000003,24,0.687500,0.134000,0,2,48.433000,93
Yosemite,ceanothcord,47.155999999999999,24,0.729167,0.965000,0,3,48.433000,40
Yosemite,ceanothcord,47.283000000000001,24,0.770833,0.127000,1,2,48.433000,72
Yosemite,ceanothcord,47.363999999999997,24,0.812500,0.081000,1,2,48.433000,72
Yosemite,ceanothcord,49.573,24,0.854167,2.209000,0,3,48.433000,99
Yosemite,ceanothcord,49.8,24,0.895833,0.227000,0,3,48.433000,96
Yosemite,ceanothcord,49.985999999999997,24,0.937500,0.186000,0,3,48.433000,93
Yosemite,ceanothcord,50.137,24,0.979167,0.151000,0,3,48.433000,98
Yosemite,ceanothcord,1.7050000000000001,19,0.026316,1.705000,0,1,48.433000,38
Yosemite,ceanothcord,2.2240000000000002,19,0.078947,0.519000,0,3,48.433000,7
Yosemite,ceanothcord,2.9780000000000002,19,0.131579,0.754000,0,3,48.433000,78
Yosemite,ceanothcord,3.1259999999999999,19,0.184211,0.148000,0,3,48.433000,9
Yosemite,ceanothcord,3.7269999999999999,19,0.236842,0.601000,0,2,48.433000,83
Yosemite,ceanothcord,4.7649999999999997,19,0.289474,1.038000,0,0,48.433000,90
Yosemite,ceanothcord,24.724,19,0.342105,19.959000,0,0,48.433000,94
Yosemite,ceanothcord,26.782,19,0.394737,2.058000,0,1,48.433000,83
Yosemite,ceanothcord,27.361000000000001,19,0.447368,0.579000,0,1,48.433000,60
Yosemite,ceanothcord,29.312999999999999,19,0.500000,1.952000,0,0,48.433000,83
Yosemite,ceanothcord,46.216000000000001,19,0.552632,16.903000,0,1,48.433000,72
Yosemite,ceanothcord,47.151000000000003,19,0.605263,0.935000,0,2,48.433000,47
Yosemite,ceanothcord,47.293999999999997,19,0.657895,0.143000,0,1,48.433000,38
Yosemite,ceanothcord,48.298000000000002,19,0.710526,1.004000,0,1,48.433000,38
Yosemite,ceanothcord,48.985999999999997,19,0.763158,0.688000,0,4,48.433000,72
Yosemite,ceanothcord,49.378,19,0.815789,0.392000,0,4,48.433000,35
Yosemite,ceanothcord,49.573,19,0.868421,0.195000,0,4,48.433000,96
Yosemite,ceanothcord,49.802,19,0.921053,0.229000,0,4,48.433000,96
Yosemite,ceanothcord,50.137999999999998,19,0.973684,0.336000,0,3,48.433000,38
Yosemite,ceanothcord,1.77,38,0.013158,1.770000,0,2,48.368000,12
Yosemite,ceanothcord,2.0569999999999999,38,0.039474,0.287000,0,3,48.368000,90
Yosemite,ceanothcord,2.1930000000000001,38,0.065789,0.136000,0,4,48.368000,7
Yosemite,ceanothcord,2.9780000000000002,38,0.092105,0.785000,0,5,48.368000,91
Yosemite,ceanothcord,3.117,38,0.118421,0.139000,0,4,48.368000,46
Yosemite,ceanothcord,3.2189999999999999,38,0.144737,0.102000,0,3,48.368000,80
Yosemite,ceanothcord,3.7250000000000001,38,0.171053,0.506000,0,3,48.368000,83
Yosemite,ceanothcord,4.7569999999999997,38,0.197368,1.032000,0,1,48.368000,90
Yosemite,ceanothcord,5.6120000000000001,38,0.223684,0.855000,0,3,48.368000,40
Yosemite,ceanothcord,5.9390000000000001,38,0.250000,0.327000,0,2,48.368000,38
Yosemite,ceanothcord,6.157,38,0.276316,0.218000,0,2,48.368000,90
Yosemite,ceanothcord,10.118,38,0.302632,3.961000,0,0,48.368000,94
Yosemite,ceanothcord,11.347,38,0.328947,1.229000,0,1,48.368000,72
Yosemite,ceanothcord,12.346,38,0.355263,0.999000,0,1,48.368000,64
Yosemite,ceanothcord,20.806999999999999,38,0.381579,8.461000,0,1,48.368000,97
Yosemite,ceanothcord,21.527999999999999,38,0.407895,0.721000,0,1,48.368000,93
Yosemite,ceanothcord,23.501999999999999,38,0.434211,1.974000,0,0,48.368000,94
Yosemite,ceanothcord,24.696000000000002,38,0.460526,1.194000,0,1,48.368000,97
Yosemite,ceanothcord,25.484999999999999,38,0.486842,0.789000,0,2,48.368000,95
Yosemite,ceanothcord,26.143000000000001,38,0.513158,0.658000,0,1,48.368000,87
Yosemite,ceanothcord,27.399000000000001,38,0.539474,1.256000,0,0,48.368000,97
Yosemite,ceanothcord,28.542999999999999,38,0.565789,1.144000,0,3,48.368000,87
Yosemite,ceanothcord,28.814,38,0.592105,0.271000,1,3,48.368000,94
Yosemite,ceanothcord,28.866,38,0.618421,0.052000,1,3,48.368000,90
Yosemite,ceanothcord,29.359000000000002,38,0.644737,0.493000,0,3,48.368000,83
Yosemite,ceanothcord,30.722999999999999,38,0.671053,1.364000,0,0,48.368000,55
Yosemite,ceanothcord,35.436,38,0.697368,4.713000,0,0,48.368000,39
Yosemite,ceanothcord,41.865000000000002,38,0.723684,6.429000,0,0,48.368000,25
Yosemite,ceanothcord,46.06,38,0.750000,4.195000,0,1,48.368000,12
Yosemite,ceanothcord,46.198999999999998,38,0.776316,0.139000,0,2,48.368000,46
Yosemite,ceanothcord,47.151000000000003,38,0.802632,0.952000,0,2,48.368000,80
Yosemite,ceanothcord,47.293999999999997,38,0.828947,0.143000,0,1,48.368000,49
Yosemite,ceanothcord,48.804000000000002,38,0.855263,1.510000,0,4,48.368000,97
Yosemite,ceanothcord,48.984999999999999,38,0.881579,0.181000,0,4,48.368000,76
Yosemite,ceanothcord,49.420999999999999,38,0.907895,0.436000,0,5,48.368000,41
Yosemite,ceanothcord,49.643000000000001,38,0.934211,0.222000,0,5,48.368000,49
Yosemite,ceanothcord,49.802,38,0.960526,0.159000,0,5,48.368000,97
Yosemite,ceanothcord,50.137999999999998,38,0.986842,0.336000,0,3,48.368000,35
Yosemite,ceanothcord,1.772,22,0.022727,1.772000,0,2,48.031000,40
Yosemite,ceanothcord,2.056,22,0.068182,0.284000,0,3,48.031000,90
Yosemite,ceanothcord,2.1949999999999998,22,0.113636,0.139000,0,4,48.031000,9
Yosemite,ceanothcord,2.98,22,0.159091,0.785000,0,4,48.031000,50
Yosemite,ceanothcord,3.1179999999999999,22,0.204545,0.138000,0,3,48.031000,17
Yosemite,ceanothcord,3.7170000000000001,22,0.250000,0.599000,0,2,48.031000,59
Yosemite,ceanothcord,4.7619999999999996,22,0.295455,1.045000,0,0,48.031000,90
Yosemite,ceanothcord,18.68,22,0.340909,13.918000,0,0,48.031000,91
Yosemite,ceanothcord,20.818000000000001,22,0.386364,2.138000,0,0,48.031000,94
Yosemite,ceanothcord,22.119,22,0.431818,1.301000,0,0,48.031000,12
Yosemite,ceanothcord,24.298999999999999,22,0.477273,2.180000,0,1,48.031000,23
Yosemite,ceanothcord,24.702999999999999,22,0.522727,0.404000,0,1,48.031000,90
Yosemite,ceanothcord,26.878,22,0.568182,2.175000,0,0,48.031000,91
Yosemite,ceanothcord,28.555,22,0.613636,1.677000,0,1,48.031000,86
Yosemite,ceanothcord,29.41,22,0.659091,0.855000,0,1,48.031000,83
Yosemite,ceanothcord,30.654,22,0.704545,1.244000,0,0,48.031000,37
Yosemite,ceanothcord,41.853999999999999,22,0.750000,11.200000,0,0,48.031000,27
Yosemite,ceanothcord,46.21,22,0.795455,4.356000,0,1,48.031000,50
Yosemite,ceanothcord,47.140999999999998,22,0.840909,0.931000,0,2,48.031000,55
Yosemite,ceanothcord,47.281999999999996,22,0.886364,0.141000,0,1,48.031000,86
Yosemite,ceanothcord,49.313000000000002,22,0.931818,2.031000,0,1,48.031000,55
Yosemite,ceanothcord,49.802999999999997,22,0.977273,0.490000,0,1,48.031000,98
Yosemite,ceanothparv,1.69,27,0.018519,1.690000,1,4,48.116000,36
Yosemite,ceanothparv,1.77,27,0.055556,0.080000,1,4,48.116000,9
Yosemite,ceanothparv,2.016,27,0.092593,0.246000,1,5,48.116000,72
Yosemite,ceanothparv,2.056,27,0.129630,0.040000,1,5,48.116000,91
Yosemite,ceanothparv,2.1930000000000001,27,0.166667,0.137000,0,6,48.116000,7
Yosemite,ceanothparv,2.9790000000000001,27,0.203704,0.786000,0,6,48.116000,90
Yosemite,ceanothparv,3.1150000000000002,27,0.240741,0.136000,0,4,48.116000,37
Yosemite,ceanothparv,3.2170000000000001,27,0.277778,0.102000,0,3,48.116000,28
Yosemite,ceanothparv,3.7240000000000002,27,0.314815,0.507000,0,3,48.116000,83
Yosemite,ceanothparv,4.7569999999999997,27,0.351852,1.033000,1,2,48.116000,90
Yosemite,ceanothparv,4.84,27,0.388889,0.083000,1,2,48.116000,86
Yosemite,ceanothparv,5.0060000000000002,27,0.425926,0.166000,0,2,48.116000,7
Yosemite,ceanothparv,9.81,27,0.462963,4.804000,0,0,48.116000,9
Yosemite,ceanothparv,11.103,27,0.500000,1.293000,0,1,48.116000,58
Yosemite,ceanothparv,11.492000000000001,27,0.537037,0.389000,0,2,48.116000,50
Yosemite,ceanothparv,12.324,27,0.574074,0.832000,0,1,48.116000,64
Yosemite,ceanothparv,18.254000000000001,27,0.611111,5.930000,0,0,48.116000,72
Yosemite,ceanothparv,21.712,27,0.648148,3.458000,0,0,48.116000,86
Yosemite,ceanothparv,23.370999999999999,27,0.685185,1.659000,0,0,48.116000,90
Yosemite,ceanothparv,26.748999999999999,27,0.722222,3.378000,0,0,48.116000,91
Yosemite,ceanothparv,29.408000000000001,27,0.759259,2.659000,0,0,48.116000,78
Yosemite,ceanothparv,36.424999999999997,27,0.796296,7.017000,0,0,48.116000,64
Yosemite,ceanothparv,41.862000000000002,27,0.833333,5.437000,0,0,48.116000,47
Yosemite,ceanothparv,47.289000000000001,27,0.870370,5.427000,0,1,48.116000,64
Yosemite,ceanothparv,47.390999999999998,27,0.907407,0.102000,0,1,48.116000,46
Yosemite,ceanothparv,49.378,27,0.944444,1.987000,0,1,48.116000,46
Yosemite,ceanothparv,49.805999999999997,27,0.981481,0.428000,0,1,48.116000,64
Yosemite,ceanothparv,1.698,37,0.013514,1.698000,0,2,48.290000,38
Yosemite,ceanothparv,2.056,37,0.040541,0.358000,0,3,48.290000,86
Yosemite,ceanothparv,2.1920000000000002,37,0.067568,0.136000,0,4,48.290000,39
Yosemite,ceanothparv,2.9769999999999999,37,0.094595,0.785000,0,4,48.290000,91
Yosemite,ceanothparv,3.1219999999999999,37,0.121622,0.145000,0,3,48.290000,17
Yosemite,ceanothparv,3.7240000000000002,37,0.148649,0.602000,0,2,48.290000,83
Yosemite,ceanothparv,4.7619999999999996,37,0.175676,1.038000,0,0,48.290000,90
Yosemite,ceanothparv,5.944,37,0.202703,1.182000,0,1,48.290000,47
Yosemite,ceanothparv,6.1559999999999997,37,0.229730,0.212000,0,1,48.290000,91
Yosemite,ceanothparv,10.116,37,0.256757,3.960000,0,0,48.290000,95
Yosemite,ceanothparv,11.352,37,0.283784,1.236000,0,0,48.290000,93
Yosemite,ceanothparv,12.356,37,0.310811,1.004000,0,0,48.290000,90
Yosemite,ceanothparv,18.728000000000002,37,0.337838,6.372000,0,0,48.290000,91
Yosemite,ceanothparv,20.808,37,0.364865,2.080000,0,1,48.290000,95
Yosemite,ceanothparv,21.689,37,0.391892,0.881000,0,1,48.290000,94
Yosemite,ceanothparv,23.355,37,0.418919,1.666000,0,0,48.290000,90
Yosemite,ceanothparv,24.702000000000002,37,0.445946,1.347000,0,0,48.290000,90
Yosemite,ceanothparv,26.908000000000001,37,0.472973,2.206000,0,1,48.290000,72
Yosemite,ceanothparv,27.425000000000001,37,0.500000,0.517000,0,1,48.290000,91
Yosemite,ceanothparv,28.56,37,0.527027,1.135000,0,2,48.290000,97
Yosemite,ceanothparv,28.826000000000001,37,0.554054,0.266000,0,2,48.290000,93
Yosemite,ceanothparv,29.472999999999999,37,0.581081,0.647000,0,2,48.290000,72
Yosemite,ceanothparv,41.875,37,0.608108,12.402000,0,0,48.290000,35
Yosemite,ceanothparv,43.587000000000003,37,0.635135,1.712000,0,1,48.290000,78
Yosemite,ceanothparv,44.097999999999999,37,0.662162,0.511000,0,1,48.290000,72
Yosemite,ceanothparv,46.06,37,0.689189,1.962000,0,2,48.290000,16
Yosemite,ceanothparv,46.204999999999998,37,0.716216,0.145000,0,4,48.290000,40
Yosemite,ceanothparv,46.786000000000001,37,0.743243,0.581000,0,5,48.290000,43
Yosemite,ceanothparv,47.110999999999997,37,0.770270,0.325000,1,4,48.290000,80
Yosemite,ceanothparv,47.143000000000001,37,0.797297,0.032000,1,4,48.290000,47
Yosemite,ceanothparv,47.293999999999997,37,0.824324,0.151000,0,3,48.290000,45
Yosemite,ceanothparv,48.817999999999998,37,0.851351,1.524000,0,3,48.290000,58
Yosemite,ceanothparv,49.228000000000002,37,0.878378,0.410000,1,5,48.290000,45
Yosemite,ceanothparv,49.305999999999997,37,0.905405,0.078000,1,5,48.290000,55
Yosemite,ceanothparv,49.802999999999997,37,0.932432,0.497000,0,5,48.290000,99
Yosemite,ceanothparv,49.93,37,0.959459,0.127000,1,4,48.290000,91
Yosemite,ceanothparv,49.988,37,0.986486,0.058000,1,4,48.290000,30
Yosemite,ceanothparv,1.7050000000000001,20,0.025000,1.705000,0,2,48.105000,38
Yosemite,ceanothparv,2.0299999999999998,20,0.075000,0.325000,0,2,48.105000,9
Yosemite,ceanothparv,2.2290000000000001,20,0.125000,0.199000,0,2,48.105000,9
Yosemite,ceanothparv,3.7269999999999999,20,0.175000,1.498000,0,0,48.105000,90
Yosemite,ceanothparv,4.7569999999999997,20,0.225000,1.030000,0,0,48.105000,90
Yosemite,ceanothparv,20.821000000000002,20,0.275000,16.064000,0,2,48.105000,97
Yosemite,ceanothparv,21.527999999999999,20,0.325000,0.707000,0,2,48.105000,87
Yosemite,ceanothparv,21.713000000000001,20,0.375000,0.185000,0,2,48.105000,72
Yosemite,ceanothparv,23.370999999999999,20,0.425000,1.658000,0,0,48.105000,87
Yosemite,ceanothparv,26.89,20,0.475000,3.519000,0,1,48.105000,72
Yosemite,ceanothparv,27.433,20,0.525000,0.543000,0,1,48.105000,59
Yosemite,ceanothparv,29.491,20,0.575000,2.058000,0,0,48.105000,78
Yosemite,ceanothparv,41.872,20,0.625000,12.381000,0,0,48.105000,38
Yosemite,ceanothparv,46.884999999999998,20,0.675000,5.013000,0,2,48.105000,87
Yosemite,ceanothparv,47.287999999999997,20,0.725000,0.403000,0,2,48.105000,72
Yosemite,ceanothparv,47.54,20,0.775000,0.252000,0,2,48.105000,64
Yosemite,ceanothparv,48.872,20,0.825000,1.332000,0,3,48.105000,98
Yosemite,ceanothparv,49.302999999999997,20,0.875000,0.431000,0,3,48.105000,60
Yosemite,ceanothparv,49.642000000000003,20,0.925000,0.339000,0,3,48.105000,96
Yosemite,ceanothparv,49.81,20,0.975000,0.168000,0,3,48.105000,38
Yosemite,ceanothparv,4.5999999999999996,6,0.083333,4.600000,0,0,44.288000,90
Yosemite,ceanothparv,46.884999999999998,6,0.250000,42.285000,0,3,44.288000,87
Yosemite,ceanothparv,47.116,6,0.416667,0.231000,1,3,44.288000,64
Yosemite,ceanothparv,47.151000000000003,6,0.583333,0.035000,1,3,44.288000,53
Yosemite,ceanothparv,47.5,6,0.750000,0.349000,0,3,44.288000,93
Yosemite,ceanothparv,48.887999999999998,6,0.916667,1.388000,0,0,44.288000,98
Yosemite,pinuspon,2.032,67,0.007463,2.032000,0,0,48.375000,91
Yosemite,pinuspon,5.7290000000000001,67,0.022388,3.697000,0,1,48.375000,40
Yosemite,pinuspon,5.9189999999999996,67,0.037313,0.190000,0,1,48.375000,86
Yosemite,pinuspon,7.5119999999999996,67,0.052239,1.593000,0,0,48.375000,91
Yosemite,pinuspon,9.16,67,0.067164,1.648000,0,0,48.375000,22
Yosemite,pinuspon,15.584,67,0.082090,6.424000,0,1,48.375000,95
Yosemite,pinuspon,16.366,67,0.097015,0.782000,0,3,48.375000,87
Yosemite,pinuspon,16.693999999999999,67,0.111940,0.328000,0,2,48.375000,68
Yosemite,pinuspon,17.145,67,0.126866,0.451000,0,3,48.375000,83
Yosemite,pinuspon,17.937999999999999,67,0.141791,0.793000,0,1,48.375000,91
Yosemite,pinuspon,20.524999999999999,67,0.156716,2.587000,0,2,48.375000,95
Yosemite,pinuspon,21.302,67,0.171642,0.777000,0,2,48.375000,91
Yosemite,pinuspon,21.507999999999999,67,0.186567,0.206000,0,3,48.375000,91
Yosemite,pinuspon,22.372,67,0.201493,0.864000,0,2,48.375000,95
Yosemite,pinuspon,23.3,67,0.216418,0.928000,0,2,48.375000,87
Yosemite,pinuspon,24.033999999999999,67,0.231343,0.734000,0,2,48.375000,97
Yosemite,pinuspon,24.434000000000001,67,0.246269,0.400000,0,2,48.375000,96
Yosemite,pinuspon,25.177,67,0.261194,0.743000,0,3,48.375000,97
Yosemite,pinuspon,25.641999999999999,67,0.276119,0.465000,0,2,48.375000,95
Yosemite,pinuspon,26.175000000000001,67,0.291045,0.533000,0,3,48.375000,96
Yosemite,pinuspon,26.96,67,0.305970,0.785000,0,2,48.375000,95
Yosemite,pinuspon,27.29,67,0.320896,0.330000,0,2,48.375000,94
Yosemite,pinuspon,28.231000000000002,67,0.335821,0.941000,0,3,48.375000,97
Yosemite,pinuspon,28.459,67,0.350746,0.228000,0,2,48.375000,89
Yosemite,pinuspon,29.132999999999999,67,0.365672,0.674000,0,4,48.375000,94
Yosemite,pinuspon,29.646999999999998,67,0.380597,0.514000,0,3,48.375000,95
Yosemite,pinuspon,29.85,67,0.395522,0.203000,0,3,48.375000,93
Yosemite,pinuspon,30.577000000000002,67,0.410448,0.727000,0,3,48.375000,90
Yosemite,pinuspon,31.16,67,0.425373,0.583000,0,2,48.375000,90
Yosemite,pinuspon,31.85,67,0.440299,0.690000,0,1,48.375000,90
Yosemite,pinuspon,32.887,67,0.455224,1.037000,0,0,48.375000,50
Yosemite,pinuspon,34.460999999999999,67,0.470149,1.574000,0,2,48.375000,95
Yosemite,pinuspon,35.170999999999999,67,0.485075,0.710000,0,3,48.375000,94
Yosemite,pinuspon,35.381999999999998,67,0.500000,0.211000,0,3,48.375000,96
Yosemite,pinuspon,35.67,67,0.514925,0.288000,0,2,48.375000,93
Yosemite,pinuspon,37.368000000000002,67,0.529851,1.698000,0,1,48.375000,96
Yosemite,pinuspon,38.173999999999999,67,0.544776,0.806000,0,1,48.375000,93
Yosemite,pinuspon,39.670999999999999,67,0.559701,1.497000,0,0,48.375000,83
Yosemite,pinuspon,42.784999999999997,67,0.574627,3.114000,0,1,48.375000,64
Yosemite,pinuspon,43.58,67,0.589552,0.795000,0,2,48.375000,59
Yosemite,pinuspon,44.088999999999999,67,0.604478,0.509000,0,1,48.375000,47
Yosemite,pinuspon,45.329000000000001,67,0.619403,1.240000,0,4,48.375000,52
Yosemite,pinuspon,45.585000000000001,67,0.634328,0.256000,0,5,48.375000,64
Yosemite,pinuspon,45.84,67,0.649254,0.255000,0,5,48.375000,50
Yosemite,pinuspon,46.052,67,0.664179,0.212000,0,6,48.375000,90
Yosemite,pinuspon,46.279000000000003,67,0.679104,0.227000,0,9,48.375000,49
Yosemite,pinuspon,46.401000000000003,67,0.694030,0.122000,0,8,48.375000,50
Yosemite,pinuspon,46.878999999999998,67,0.708955,0.478000,0,8,48.375000,87
Yosemite,pinuspon,47.098999999999997,67,0.723881,0.220000,1,8,48.375000,86
Yosemite,pinuspon,47.15,67,0.738806,0.051000,1,8,48.375000,43
Yosemite,pinuspon,47.267000000000003,67,0.753731,0.117000,0,8,48.375000,64
Yosemite,pinuspon,47.49,67,0.768657,0.223000,0,7,48.375000,60
Yosemite,pinuspon,47.676000000000002,67,0.783582,0.186000,0,8,48.375000,98
Yosemite,pinuspon,47.994,67,0.798507,0.318000,0,10,48.375000,91
Yosemite,pinuspon,48.292999999999999,67,0.813433,0.299000,0,9,48.375000,58
Yosemite,pinuspon,48.555,67,0.828358,0.262000,0,10,48.375000,94
Yosemite,pinuspon,48.764000000000003,67,0.843284,0.209000,1,10,48.375000,83
Yosemite,pinuspon,48.805,67,0.858209,0.041000,1,10,48.375000,62
Yosemite,pinuspon,48.91,67,0.873134,0.105000,0,11,48.375000,95
Yosemite,pinuspon,49.015000000000001,67,0.888060,0.105000,0,11,48.375000,96
Yosemite,pinuspon,49.222000000000001,67,0.902985,0.207000,0,11,48.375000,30
Yosemite,pinuspon,49.375,67,0.917910,0.153000,0,10,48.375000,55
Yosemite,pinuspon,49.484000000000002,67,0.932836,0.109000,0,11,48.375000,45
Yosemite,pinuspon,49.654000000000003,67,0.947761,0.170000,0,10,48.375000,98
Yosemite,pinuspon,49.866999999999997,67,0.962687,0.213000,0,8,48.375000,90
Yosemite,pinuspon,49.996000000000002,67,0.977612,0.129000,0,7,48.375000,83
Yosemite,pinuspon,50.406999999999996,67,0.992537,0.411000,0,4,48.375000,98
Yosemite,pinuspon,2.0369999999999999,64,0.007812,2.037000,0,3,48.364000,90
Yosemite,pinuspon,2.3730000000000002,64,0.023438,0.336000,0,6,48.364000,80
Yosemite,pinuspon,2.76,64,0.039062,0.387000,0,8,48.364000,39
Yosemite,pinuspon,2.92,64,0.054688,0.160000,0,8,48.364000,83
Yosemite,pinuspon,3.097,64,0.070312,0.177000,2,7,48.364000,42
Yosemite,pinuspon,3.1030000000000002,64,0.085938,0.006000,2,7,48.364000,42
Yosemite,pinuspon,3.169,64,0.101562,0.066000,2,7,48.364000,90
Yosemite,pinuspon,3.4649999999999999,64,0.117188,0.296000,0,6,48.364000,59
Yosemite,pinuspon,3.694,64,0.132812,0.229000,0,6,48.364000,83
Yosemite,pinuspon,4.7030000000000003,64,0.148438,1.009000,0,1,48.364000,90
Yosemite,pinuspon,5.577,64,0.164062,0.874000,0,2,48.364000,45
Yosemite,pinuspon,5.9359999999999999,64,0.179688,0.359000,0,1,48.364000,86
Yosemite,pinuspon,7.6070000000000002,64,0.195312,1.671000,0,0,48.364000,91
Yosemite,pinuspon,9.1760000000000002,64,0.210938,1.569000,0,0,48.364000,30
Yosemite,pinuspon,12.391999999999999,64,0.226562,3.216000,0,0,48.364000,87
Yosemite,pinuspon,14.882999999999999,64,0.242188,2.491000,0,1,48.364000,64
Yosemite,pinuspon,15.712,64,0.257812,0.829000,0,3,48.364000,97
Yosemite,pinuspon,16.033000000000001,64,0.273438,0.321000,0,3,48.364000,53
Yosemite,pinuspon,16.478000000000002,64,0.289062,0.445000,0,4,48.364000,93
Yosemite,pinuspon,16.873999999999999,64,0.304688,0.396000,0,3,48.364000,70
Yosemite,pinuspon,17.260000000000002,64,0.320312,0.386000,0,3,48.364000,83
Yosemite,pinuspon,18.048999999999999,64,0.335938,0.789000,0,1,48.364000,94
Yosemite,pinuspon,20.579000000000001,64,0.351562,2.530000,0,1,48.364000,97
Yosemite,pinuspon,21.434000000000001,64,0.367188,0.855000,0,3,48.364000,95
Yosemite,pinuspon,21.602,64,0.382812,0.168000,0,2,48.364000,94
Yosemite,pinuspon,22.396999999999998,64,0.398438,0.795000,0,4,48.364000,97
Yosemite,pinuspon,22.773,64,0.414062,0.376000,0,2,48.364000,38
Yosemite,pinuspon,23.391999999999999,64,0.429688,0.619000,0,3,48.364000,87
Yosemite,pinuspon,24.134,64,0.445312,0.742000,0,2,48.364000,97
Yosemite,pinuspon,24.538,64,0.460938,0.404000,0,2,48.364000,97
Yosemite,pinuspon,25.311,64,0.476562,0.773000,0,2,48.364000,97
Yosemite,pinuspon,25.835999999999999,64,0.492188,0.525000,0,1,48.364000,94
Yosemite,pinuspon,27.036999999999999,64,0.507812,1.201000,0,0,48.364000,95
Yosemite,pinuspon,28.427,64,0.523438,1.390000,0,1,48.364000,97
Yosemite,pinuspon,29.298999999999999,64,0.539062,0.872000,0,2,48.364000,94
Yosemite,pinuspon,29.672000000000001,64,0.554688,0.373000,0,2,48.364000,94
Yosemite,pinuspon,30.321999999999999,64,0.570312,0.650000,0,3,48.364000,94
Yosemite,pinuspon,30.687000000000001,64,0.585938,0.365000,0,2,48.364000,90
Yosemite,pinuspon,31.253,64,0.601562,0.566000,0,3,48.364000,87
Yosemite,pinuspon,31.959,64,0.617188,0.706000,0,1,48.364000,70
Yosemite,pinuspon,34.570999999999998,64,0.632812,2.612000,0,1,48.364000,95
Yosemite,pinuspon,35.018999999999998,64,0.648438,0.448000,0,1,48.364000,74
Yosemite,pinuspon,37.433,64,0.664062,2.414000,0,0,48.364000,96
Yosemite,pinuspon,41.838000000000001,64,0.679688,4.405000,0,0,48.364000,40
Yosemite,pinuspon,45.844000000000001,64,0.695312,4.006000,0,2,48.364000,38
Yosemite,pinuspon,46.046999999999997,64,0.710938,0.203000,0,3,48.364000,94
Yosemite,pinuspon,46.284999999999997,64,0.726562,0.238000,0,5,48.364000,64
Yosemite,pinuspon,46.88,64,0.742188,0.595000,0,6,48.364000,68
Yosemite,pinuspon,47.15,64,0.757812,0.270000,0,6,48.364000,47
Yosemite,pinuspon,47.267000000000003,64,0.773438,0.117000,0,6,48.364000,81
Yosemite,pinuspon,47.487000000000002,64,0.789062,0.220000,0,6,48.364000,46
Yosemite,pinuspon,47.673999999999999,64,0.804688,0.187000,0,7,48.364000,98
Yosemite,pinuspon,47.994999999999997,64,0.820312,0.321000,0,8,48.364000,91
Yosemite,pinuspon,48.293999999999997,64,0.835938,0.299000,0,7,48.364000,64
Yosemite,pinuspon,48.554000000000002,64,0.851562,0.260000,0,7,48.364000,96
Yosemite,pinuspon,48.792000000000002,64,0.867188,0.238000,0,7,48.364000,92
Yosemite,pinuspon,49.125999999999998,64,0.898438,0.211000,0,8,48.364000,72
Yosemite,pinuspon,49.311999999999998,64,0.914062,0.186000,0,7,48.364000,42
Yosemite,pinuspon,49.655999999999999,64,0.929688,0.344000,0,8,48.364000,98
Yosemite,pinuspon,49.805,64,0.945312,0.149000,0,7,48.364000,94
Yosemite,pinuspon,49.991,64,0.960938,0.186000,0,6,48.364000,99
Yosemite,pinuspon,50.372,64,0.976562,0.381000,1,4,48.364000,64
Yosemite,pinuspon,50.401000000000003,64,0.992188,0.029000,1,4,48.364000,98
Yosemite,pinuspon,2.073,72,0.006944,2.073000,0,1,48.299000,90
Yosemite,pinuspon,2.9790000000000001,72,0.020833,0.906000,0,5,48.299000,62
Yosemite,pinuspon,3.0950000000000002,72,0.034722,0.116000,0,4,48.299000,25
Yosemite,pinuspon,3.2229999999999999,72,0.048611,0.128000,0,4,48.299000,90
Yosemite,pinuspon,3.3540000000000001,72,0.062500,0.131000,0,4,48.299000,37
Yosemite,pinuspon,3.714,72,0.076389,0.360000,0,4,48.299000,83
Yosemite,pinuspon,4.7190000000000003,72,0.090278,1.005000,0,1,48.299000,90
Yosemite,pinuspon,5.2309999999999999,72,0.104167,0.512000,0,2,48.299000,56
Yosemite,pinuspon,5.9550000000000001,72,0.118056,0.724000,0,1,48.299000,72
Yosemite,pinuspon,7.6429999999999998,72,0.131944,1.688000,0,0,48.299000,91
Yosemite,pinuspon,9.1809999999999992,72,0.145833,1.538000,0,1,48.299000,56
Yosemite,pinuspon,10.074999999999999,72,0.159722,0.894000,0,1,48.299000,87
Yosemite,pinuspon,11.333,72,0.173611,1.258000,0,1,48.299000,64
Yosemite,pinuspon,12.154999999999999,72,0.187500,0.822000,0,2,48.299000,87
Yosemite,pinuspon,12.403,72,0.201389,0.248000,0,1,48.299000,60
Yosemite,pinuspon,14.553000000000001,72,0.215278,2.150000,0,1,48.299000,52
Yosemite,pinuspon,14.936,72,0.229167,0.383000,0,2,48.299000,53
Yosemite,pinuspon,15.77,72,0.243056,0.834000,0,3,48.299000,93
Yosemite,pinuspon,16.085000000000001,72,0.256944,0.315000,0,3,48.299000,50
Yosemite,pinuspon,16.518000000000001,72,0.270833,0.433000,0,4,48.299000,95
Yosemite,pinuspon,16.901,72,0.284722,0.383000,0,3,48.299000,50
Yosemite,pinuspon,17.298999999999999,72,0.298611,0.398000,0,3,48.299000,83
Yosemite,pinuspon,18.082000000000001,72,0.312500,0.783000,0,2,48.299000,91
Yosemite,pinuspon,18.643000000000001,72,0.326389,0.561000,0,2,48.299000,91
Yosemite,pinuspon,19.247,72,0.340278,0.604000,0,2,48.299000,59
Yosemite,pinuspon,19.997,72,0.354167,0.750000,0,2,48.299000,50
Yosemite,pinuspon,20.456,72,0.368056,0.459000,0,2,48.299000,95
Yosemite,pinuspon,21.378,72,0.381944,0.922000,0,3,48.299000,97
Yosemite,pinuspon,21.547999999999998,72,0.395833,0.170000,0,2,48.299000,94
Yosemite,pinuspon,22.375,72,0.409722,0.827000,0,4,48.299000,93
Yosemite,pinuspon,22.727,72,0.423611,0.352000,0,2,48.299000,74
Yosemite,pinuspon,23.349,72,0.437500,0.622000,0,3,48.299000,90
Yosemite,pinuspon,24.081,72,0.451389,0.732000,0,2,48.299000,97
Yosemite,pinuspon,24.469000000000001,72,0.465278,0.388000,0,2,48.299000,97
Yosemite,pinuspon,25.187000000000001,72,0.479167,0.718000,0,2,48.299000,97
Yosemite,pinuspon,25.573,72,0.493056,0.386000,0,2,48.299000,95
Yosemite,pinuspon,26.558,72,0.506944,0.985000,0,2,48.299000,94
Yosemite,pinuspon,26.776,72,0.520833,0.218000,0,1,48.299000,97
Yosemite,pinuspon,28.105,72,0.534722,1.329000,0,2,48.299000,56
Yosemite,pinuspon,28.411999999999999,72,0.548611,0.307000,0,3,48.299000,97
Yosemite,pinuspon,28.611000000000001,72,0.562500,0.199000,0,3,48.299000,94
Yosemite,pinuspon,29.242999999999999,72,0.576389,0.632000,0,3,48.299000,94
Yosemite,pinuspon,29.878,72,0.590278,0.635000,0,2,48.299000,94
Yosemite,pinuspon,30.681000000000001,72,0.604167,0.803000,0,2,48.299000,90
Yosemite,pinuspon,31.256,72,0.618056,0.575000,0,2,48.299000,90
Yosemite,pinuspon,31.963999999999999,72,0.631944,0.708000,0,1,48.299000,90
Yosemite,pinuspon,34.548000000000002,72,0.645833,2.584000,0,0,48.299000,95
Yosemite,pinuspon,39.712000000000003,72,0.659722,5.164000,0,0,48.299000,62
Yosemite,pinuspon,41.816000000000003,72,0.673611,2.104000,0,1,48.299000,90
Yosemite,pinuspon,42.811,72,0.687500,0.995000,0,1,48.299000,50
Yosemite,pinuspon,43.847000000000001,72,0.701389,1.036000,0,0,48.299000,80
Yosemite,pinuspon,45.320999999999998,72,0.715278,1.474000,0,4,48.299000,52
Yosemite,pinuspon,45.578000000000003,72,0.729167,0.257000,0,4,48.299000,83
Yosemite,pinuspon,45.838000000000001,72,0.743056,0.260000,0,4,48.299000,42
Yosemite,pinuspon,46.006,72,0.756944,0.168000,0,4,48.299000,96
Yosemite,pinuspon,46.168999999999997,72,0.770833,0.163000,0,5,48.299000,93
Yosemite,pinuspon,47.136000000000003,72,0.784722,0.967000,0,6,48.299000,38
Yosemite,pinuspon,47.244999999999997,72,0.798611,0.109000,0,5,48.299000,91
Yosemite,pinuspon,47.350999999999999,72,0.812500,0.106000,0,6,48.299000,86
Yosemite,pinuspon,47.499000000000002,72,0.826389,0.148000,0,6,48.299000,95
Yosemite,pinuspon,47.651000000000003,72,0.840278,0.152000,0,7,48.299000,98
Yosemite,pinuspon,47.987000000000002,72,0.854167,0.336000,0,8,48.299000,91
Yosemite,pinuspon,48.29,72,0.868056,0.303000,0,7,48.299000,50
Yosemite,pinuspon,48.548000000000002,72,0.881944,0.258000,0,7,48.299000,95
Yosemite,pinuspon,48.774999999999999,72,0.895833,0.227000,0,7,48.299000,60
Yosemite,pinuspon,49.015999999999998,72,0.909722,0.241000,0,8,48.299000,96
Yosemite,pinuspon,49.372,72,0.923611,0.356000,0,8,48.299000,55
Yosemite,pinuspon,49.484999999999999,72,0.937500,0.113000,0,8,48.299000,86
Yosemite,pinuspon,49.654000000000003,72,0.951389,0.169000,0,7,48.299000,98
Yosemite,pinuspon,49.802999999999997,72,0.965278,0.149000,0,6,48.299000,95
Yosemite,pinuspon,49.99,72,0.979167,0.187000,0,6,48.299000,99
Yosemite,pinuspon,50.372,72,0.993056,0.382000,0,5,48.299000,96
Yosemite,seqgig,1.696,35,0.014286,1.696000,0,4,48.698000,50
Yosemite,seqgig,1.9179999999999999,35,0.042857,0.222000,0,4,48.698000,9
Yosemite,seqgig,2.0219999999999998,35,0.071429,0.104000,1,5,48.698000,78
Yosemite,seqgig,2.048,35,0.100000,0.026000,1,5,48.698000,86
Yosemite,seqgig,2.2130000000000001,35,0.128571,0.165000,0,6,48.698000,9
Yosemite,seqgig,2.9780000000000002,35,0.157143,0.765000,0,6,48.698000,72
Yosemite,seqgig,3.125,35,0.185714,0.147000,1,4,48.698000,12
Yosemite,seqgig,3.2229999999999999,35,0.214286,0.098000,1,3,48.698000,80
Yosemite,seqgig,3.7240000000000002,35,0.242857,0.501000,0,3,48.698000,83
Yosemite,seqgig,4.7610000000000001,35,0.271429,1.037000,0,0,48.698000,90
Yosemite,seqgig,21.297000000000001,35,0.300000,16.536000,0,0,48.698000,95
Yosemite,seqgig,23.047999999999998,35,0.328571,1.751000,0,2,48.698000,93
Yosemite,seqgig,23.481000000000002,35,0.357143,0.433000,0,2,48.698000,95
Yosemite,seqgig,23.92,35,0.385714,0.439000,0,3,48.698000,94
Yosemite,seqgig,24.710999999999999,35,0.414286,0.791000,0,2,48.698000,96
Yosemite,seqgig,25.475999999999999,35,0.442857,0.765000,0,2,48.698000,97
Yosemite,seqgig,25.876999999999999,35,0.471429,0.401000,0,1,48.698000,64
Yosemite,seqgig,26.933,35,0.500000,1.056000,0,1,48.698000,93
Yosemite,seqgig,27.286000000000001,35,0.528571,0.353000,0,1,48.698000,94
Yosemite,seqgig,28.553999999999998,35,0.557143,1.268000,0,2,48.698000,97
Yosemite,seqgig,28.821999999999999,35,0.585714,0.268000,0,2,48.698000,55
Yosemite,seqgig,29.388999999999999,35,0.614286,0.567000,0,2,48.698000,94
Yosemite,seqgig,37.514000000000003,35,0.642857,8.125000,0,0,48.698000,97
Yosemite,seqgig,41.853000000000002,35,0.671429,4.339000,0,1,48.698000,37
Yosemite,seqgig,42.384,35,0.700000,0.531000,0,1,48.698000,91
Yosemite,seqgig,47.277000000000001,35,0.728571,4.893000,0,1,48.698000,58
Yosemite,seqgig,48.116999999999997,35,0.757143,0.840000,0,3,48.698000,64
Yosemite,seqgig,48.76,35,0.785714,0.643000,0,5,48.698000,49
Yosemite,seqgig,49.042999999999999,35,0.814286,0.283000,0,6,48.698000,52
Yosemite,seqgig,49.311999999999998,35,0.842857,0.269000,0,6,48.698000,87
Yosemite,seqgig,49.438000000000002,35,0.871429,0.126000,0,7,48.698000,95
Yosemite,seqgig,49.634,35,0.900000,0.196000,0,7,48.698000,95
Yosemite,seqgig,49.8,35,0.928571,0.166000,0,6,48.698000,93
Yosemite,seqgig,50.137999999999998,35,0.957143,0.338000,0,5,48.698000,96
Yosemite,seqgig,50.393999999999998,35,0.985714,0.256000,0,4,48.698000,95
Yosemite,seqgig,1.6970000000000001,25,0.020000,1.697000,0,1,48.630000,9
Yosemite,seqgig,2.2069999999999999,25,0.060000,0.510000,0,3,48.630000,9
Yosemite,seqgig,2.9790000000000001,25,0.100000,0.772000,0,2,48.630000,9
Yosemite,seqgig,3.1269999999999998,25,0.140000,0.148000,0,2,48.630000,9
Yosemite,seqgig,21.373999999999999,25,0.180000,18.247000,0,0,48.630000,97
Yosemite,seqgig,23.056000000000001,25,0.220000,1.682000,0,0,48.630000,93
Yosemite,seqgig,25.492999999999999,25,0.260000,2.437000,0,1,48.630000,95
Yosemite,seqgig,25.870999999999999,25,0.300000,0.378000,0,1,48.630000,9
Yosemite,seqgig,26.937999999999999,25,0.340000,1.067000,0,1,48.630000,90
Yosemite,seqgig,27.311,25,0.380000,0.373000,0,1,48.630000,43
Yosemite,seqgig,28.561,25,0.420000,1.250000,0,1,48.630000,90
Yosemite,seqgig,29.402999999999999,25,0.460000,0.842000,0,1,48.630000,76
Yosemite,seqgig,35.432000000000002,25,0.500000,6.029000,0,0,48.630000,64
Yosemite,seqgig,42.326000000000001,25,0.540000,6.894000,0,0,48.630000,91
Yosemite,seqgig,46.058,25,0.580000,3.732000,0,0,48.630000,47
Yosemite,seqgig,47.151000000000003,25,0.620000,1.093000,0,3,48.630000,43
Yosemite,seqgig,47.276000000000003,25,0.660000,0.125000,0,3,48.630000,90
Yosemite,seqgig,47.529000000000003,25,0.700000,0.253000,0,3,48.630000,70
Yosemite,seqgig,47.694000000000003,25,0.740000,0.165000,0,4,48.630000,95
Yosemite,seqgig,48.680999999999997,25,0.780000,0.987000,0,3,48.630000,95
Yosemite,seqgig,49.128999999999998,25,0.820000,0.448000,0,3,48.630000,98
Yosemite,seqgig,49.436,25,0.860000,0.307000,0,5,48.630000,95
Yosemite,seqgig,49.808999999999997,25,0.900000,0.373000,0,4,48.630000,93
Yosemite,seqgig,50.223999999999997,25,0.940000,0.415000,0,3,48.630000,90
Yosemite,seqgig,50.326999999999998,25,0.980000,0.103000,0,3,48.630000,94
Yosemite,seqgig,1.7030000000000001,40,0.012500,1.703000,0,2,48.676000,10
Yosemite,seqgig,2.0550000000000002,40,0.037500,0.352000,0,2,48.676000,86
Yosemite,seqgig,2.218,40,0.062500,0.163000,0,2,48.676000,9
Yosemite,seqgig,3.7160000000000002,40,0.087500,1.498000,0,0,48.676000,83
Yosemite,seqgig,6.1550000000000002,40,0.112500,2.439000,0,0,48.676000,83
Yosemite,seqgig,7.6829999999999998,40,0.137500,1.528000,0,0,48.676000,90
Yosemite,seqgig,10.116,40,0.162500,2.433000,0,0,48.676000,87
Yosemite,seqgig,11.351000000000001,40,0.187500,1.235000,0,0,48.676000,90
Yosemite,seqgig,12.356,40,0.212500,1.005000,0,0,48.676000,64
Yosemite,seqgig,16.974,40,0.237500,4.618000,0,0,48.676000,87
Yosemite,seqgig,18.736000000000001,40,0.262500,1.762000,0,0,48.676000,83
Yosemite,seqgig,20.728999999999999,40,0.287500,1.993000,0,1,48.676000,93
Yosemite,seqgig,21.16,40,0.312500,0.431000,0,1,48.676000,95
Yosemite,seqgig,23.062000000000001,40,0.337500,1.902000,0,2,48.676000,94
Yosemite,seqgig,23.466000000000001,40,0.362500,0.404000,0,2,48.676000,93
Yosemite,seqgig,23.908999999999999,40,0.387500,0.443000,0,3,48.676000,95
Yosemite,seqgig,24.702000000000002,40,0.412500,0.793000,0,2,48.676000,97
Yosemite,seqgig,25.448,40,0.437500,0.746000,0,3,48.676000,97
Yosemite,seqgig,25.86,40,0.462500,0.412000,0,3,48.676000,53
Yosemite,seqgig,26.143000000000001,40,0.487500,0.283000,0,4,48.676000,53
Yosemite,seqgig,26.477,40,0.512500,0.334000,0,4,48.676000,47
Yosemite,seqgig,26.92,40,0.537500,0.443000,0,3,48.676000,94
Yosemite,seqgig,27.28,40,0.562500,0.360000,0,2,48.676000,97
Yosemite,seqgig,28.532,40,0.587500,1.252000,0,2,48.676000,97
Yosemite,seqgig,28.812999999999999,40,0.612500,0.281000,0,2,48.676000,83
Yosemite,seqgig,29.346,40,0.637500,0.533000,0,2,48.676000,94
Yosemite,seqgig,32.005000000000003,40,0.662500,2.659000,0,0,48.676000,76
Yosemite,seqgig,34.643999999999998,40,0.687500,2.639000,0,1,48.676000,96
Yosemite,seqgig,35.438000000000002,40,0.712500,0.794000,0,1,48.676000,40
Yosemite,seqgig,37.512999999999998,40,0.737500,2.075000,0,0,48.676000,97
Yosemite,seqgig,46.061,40,0.762500,8.548000,0,0,48.676000,64
Yosemite,seqgig,47.151000000000003,40,0.787500,1.090000,0,2,48.676000,80
Yosemite,seqgig,47.281999999999996,40,0.812500,0.131000,0,2,48.676000,58
Yosemite,seqgig,47.698999999999998,40,0.837500,0.417000,0,2,48.676000,97
Yosemite,seqgig,48.759,40,0.862500,1.060000,1,2,48.676000,97
Yosemite,seqgig,48.808999999999997,40,0.887500,0.050000,1,3,48.676000,97
Yosemite,seqgig,49.441000000000003,40,0.912500,0.632000,0,5,48.676000,95
Yosemite,seqgig,49.802999999999997,40,0.937500,0.362000,0,4,48.676000,99
Yosemite,seqgig,50.137999999999998,40,0.962500,0.335000,0,3,48.676000,98
Yosemite,seqgig,50.378999999999998,40,0.987500,0.241000,0,3,48.676000,93
Yosemite,seqgig,1.9430000000000001,24,0.020833,1.943000,0,3,47.495000,43
Yosemite,seqgig,2.2269999999999999,24,0.062500,0.284000,0,5,47.495000,7
Yosemite,seqgig,2.3559999999999999,24,0.104167,0.129000,0,5,47.495000,64
Yosemite,seqgig,2.8130000000000002,24,0.145833,0.457000,0,8,47.495000,90
Yosemite,seqgig,2.98,24,0.187500,0.167000,0,7,47.495000,91
Yosemite,seqgig,3.1269999999999998,24,0.229167,0.147000,0,7,47.495000,25
Yosemite,seqgig,3.367,24,0.270833,0.240000,0,5,47.495000,72
Yosemite,seqgig,3.5550000000000002,24,0.312500,0.188000,0,5,47.495000,72
Yosemite,seqgig,3.7229999999999999,24,0.354167,0.168000,0,5,47.495000,83
Yosemite,seqgig,4.7690000000000001,24,0.395833,1.046000,0,1,47.495000,90
Yosemite,seqgig,5.7380000000000004,24,0.437500,0.969000,0,1,47.495000,80
Yosemite,seqgig,21.527999999999999,24,0.479167,15.790000,0,0,47.495000,94
Yosemite,seqgig,26.151,24,0.520833,4.623000,0,0,47.495000,81
Yosemite,seqgig,27.431999999999999,24,0.562500,1.281000,0,0,47.495000,94
Yosemite,seqgig,35.414999999999999,24,0.604167,7.983000,0,0,47.495000,72
Yosemite,seqgig,42.347000000000001,24,0.645833,6.932000,0,0,47.495000,91
Yosemite,seqgig,46.058,24,0.687500,3.711000,0,0,47.495000,89
Yosemite,seqgig,47.097000000000001,24,0.729167,1.039000,0,3,47.495000,76
Yosemite,seqgig,47.279000000000003,24,0.770833,0.182000,0,3,47.495000,86
Yosemite,seqgig,47.695,24,0.812500,0.416000,0,4,47.495000,97
Yosemite,seqgig,47.801000000000002,24,0.854167,0.106000,0,4,47.495000,94
Yosemite,seqgig,48.682000000000002,24,0.895833,0.881000,0,4,47.495000,68
Yosemite,seqgig,49.223999999999997,24,0.937500,0.542000,0,2,47.495000,59
Yosemite,seqgig,49.438000000000002,24,0.979167,0.214000,0,2,47.495000,95
Yosemite,seqgig,2.0590000000000002,22,0.022727,2.059000,0,3,47.589000,90
Yosemite,seqgig,2.2200000000000002,22,0.068182,0.161000,0,4,47.589000,9
Yosemite,seqgig,2.8119999999999998,22,0.113636,0.592000,0,6,47.589000,80
Yosemite,seqgig,2.9780000000000002,22,0.159091,0.166000,0,6,47.589000,91
Yosemite,seqgig,3.1259999999999999,22,0.204545,0.148000,0,5,47.589000,10
Yosemite,seqgig,3.3650000000000002,22,0.250000,0.239000,0,4,47.589000,80
Yosemite,seqgig,3.7240000000000002,22,0.295455,0.359000,0,4,47.589000,49
Yosemite,seqgig,4.7670000000000003,22,0.340909,1.043000,0,1,47.589000,90
Yosemite,seqgig,5.6120000000000001,22,0.386364,0.845000,0,1,47.589000,59
Yosemite,seqgig,21.529,22,0.431818,15.917000,0,0,47.589000,95
Yosemite,seqgig,27.446999999999999,22,0.477273,5.918000,0,0,47.589000,94
Yosemite,seqgig,41.872,22,0.522727,14.425000,0,2,47.589000,50
Yosemite,seqgig,42.277000000000001,22,0.568182,0.405000,0,2,47.589000,87
Yosemite,seqgig,42.457000000000001,22,0.613636,0.180000,0,2,47.589000,87
Yosemite,seqgig,46.061,22,0.659091,3.604000,0,0,47.589000,70
Yosemite,seqgig,47.42,22,0.704545,1.359000,0,3,47.589000,58
Yosemite,seqgig,47.777999999999999,22,0.750000,0.358000,0,3,47.589000,70
Yosemite,seqgig,47.994999999999997,22,0.795455,0.217000,1,4,47.589000,53
Yosemite,seqgig,48.087000000000003,22,0.840909,0.092000,1,4,47.589000,87
Yosemite,seqgig,48.887999999999998,22,0.886364,0.801000,0,4,47.589000,91
Yosemite,seqgig,49.439,22,0.931818,0.551000,0,2,47.589000,95
Yosemite,seqgig,49.648000000000003,22,0.977273,0.209000,0,2,47.589000,70
